file_path,filename,extension,size_bytes,content_hash,composer,work_title,bwv_number,movement_num,movement_name,catalog_number_raw,key_signature,time_signature,tempo_bpm,part_count,instrumentation,measure_count,note_count_estimate,format_detected,has_lyrics,is_choral,audit_status,audit_warnings,parse_error_msg
data/raw/bulk_xml/bach-chorales-370/kern/chor149.krn,chor149.krn,.krn,2207,75e75e49af94c2ca9b3651ab11060993e5d1d9b3802c49d1ab58c43fbe8e80d8,"Bach, Johann Sebastian","Nicht so traurig, nicht so sehr, Chorale @{PC#}. @{OTL@@DE} (@{SCT})",,,,,E- major,4/4,100,4,Voice | Voice | Voice | Voice,10,130,Score,False,False,WARNING,no_bwv,
data/raw/bulk_xml/bach-chorales-370/kern/chor175.krn,chor175.krn,.krn,2338,60244449099c78626e8fb933100c9d84723031fbdb825bfd29f9861fa3bc75b0,"Bach, Johann Sebastian","Jesus, meine Zuversicht, Chorale @{PC#}. @{OTL@@DE} (@{SCT})",,,,,C major,4/4,100,4,Voice | Voice | Voice | Voice,9,154,Score,False,False,WARNING,no_bwv,
data/raw/bulk_xml/bach-chorales-370/kern/chor217.krn,chor217.krn,.krn,2243,acd002936725caa839b10adb0444120789f11b199b418f58610a306de23cf761,"Bach, Johann Sebastian","Ach Gott, wie manches Herzeleid, Oh God, how many heart pains, Chorale @{PC#}. @{OTL@@DE} (@{SCT})",,,,,C major,3/4,100,4,Voice | Voice | Voice | Voice,16,143,Score,False,False,WARNING,no_bwv,
data/raw/bulk_xml/bach-chorales-370/kern/chor029.krn,chor029.krn,.krn,2664,d5ef24d1a3969f3ed6ab000e76f7277b981ee4ca304c8e1d2c7f057134bf3074,"Bach, Johann Sebastian","Freu dich sehr, o meine Seele, Chorale @{PC#}. @{OTL@@DE} (@{SCT})",,,,,G major,4/4,100,4,Voice | Voice | Voice | Voice,13,215,Score,False,False,WARNING,no_bwv,
data/raw/bulk_xml/bach-chorales-370/kern/chor161.krn,chor161.krn,.krn,2570,710dc8ec8bb0277b4f73c8b52c191fd6aada43c97944b2a2aa647b4b96da84d3,"Bach, Johann Sebastian","Ihr Gestirn, ihr hohen L&uuml;fte, Chorale @{PC#}. @{OTL@@DE} (@{SCT})",,,,,F major,3/4,100,4,Voice | Voice | Voice | Voice,16,177,Score,False,False,WARNING,no_bwv,
data/raw/bulk_xml/bach-chorales-370/kern/chor015.krn,chor015.krn,.krn,2820,a79612dfcb7225456fa6a613bfd8ec0decc7266b2d16575a47ffafb0de5871da,"Bach, Johann Sebastian","Christ lag in Todesbanden, Chorale @{PC#}. @{OTL@@DE} (@{SCT})",,,,,C major,4/4,100,4,Voice | Voice | Voice | Voice,13,239,Score,False,False,WARNING,no_bwv,
data/raw/bulk_xml/bach-chorales-370/kern/chor203.krn,chor203.krn,.krn,2931,e358dcdc11e11db393e371dae9b699b8f86ddb4f78631f14f1199a6b02bb0a3e,"Bach, Johann Sebastian","O Mensch, schau Jesum Christum an, Chorale @{PC#}. @{OTL@@DE} (@{SCT})",,,,,F major,3/4,100,4,Voice | Voice | Voice | Voice,21,243,Score,False,False,WARNING,no_bwv,
data/raw/bulk_xml/bach-chorales-370/kern/chor001.krn,chor001.krn,.krn,3106,76eb7432a97d2a817128517dc9adb4dfeccf7a87d234d9b29a82c7cc46e51f49,"Bach, Johann Sebastian","Aus meines Herzens Grunde, From the Depths of My Heart, Chorale @{PC#}. @{OTL@@DE} (@{SCT})",,,,,G major,3/4,100,4,Voice | Voice | Voice | Voice,23,229,Score,False,False,WARNING,no_bwv,
data/raw/bulk_xml/bach-chorales-370/kern/chor148.krn,chor148.krn,.krn,2429,2406ab51619d84b611a548438b35c7f3cadd4a17dd041ce8ced61ebade201bf0,"Bach, Johann Sebastian","Uns ist ein Kindlein heut geborn, Chorale @{PC#}. @{OTL@@DE} (@{SCT})",,,,,G major,4/4,100,4,Voice | Voice | Voice | Voice,12,163,Score,False,False,WARNING,no_bwv,
data/raw/bulk_xml/bach-chorales-370/kern/chor160.krn,chor160.krn,.krn,2259,22e286d1098b85b85784ed99fe997d1194a9238e19cc91688b3518c1f6d085bd,"Bach, Johann Sebastian","Gelobet seist du, Jesu Christ, Chorale @{PC#}. @{OTL@@DE} (@{SCT})",,,,,C major,4/4,100,4,Voice | Voice | Voice | Voice,11,177,Score,False,False,WARNING,no_bwv,
data/raw/bulk_xml/bach-chorales-370/kern/chor028.krn,chor028.krn,.krn,2227,67ba06fdedf638bd0d6890509d552f706f0c53b446bee42b31cdaa014a083485,"Bach, Johann Sebastian","Nun komm, der Heiden Heiland, Chorale @{PC#}. @{OTL@@DE} (@{SCT})",,,,,D major,4/4,100,4,Voice | Voice | Voice | Voice,8,150,Score,False,False,WARNING,no_bwv,
data/raw/bulk_xml/bach-chorales-370/kern/chor174.krn,chor174.krn,.krn,2426,fc622f2b4778803e5ed191c96d089c9c1bf42f37c3bd2db78f268929ea1b6789,"Bach, Johann Sebastian","Jesus Christus, unser Heiland, Chorale @{PC#}. @{OTL@@DE} (@{SCT})",,,,,F major,4/4,100,4,Voice | Voice | Voice | Voice,11,183,Score,False,False,WARNING,no_bwv,
data/raw/bulk_xml/bach-chorales-370/kern/chor362.krn,chor362.krn,.krn,2653,bf933448d23be13b6593419b0ce36ca46a757af6aef3d66d19c3aa24005b2447,"Bach, Johann Sebastian","Es ist gewi&szlig;lich an der Zeit, Chorale @{PC#}. @{OTL@@DE} (@{SCT})",,,,,G major,4/4,100,4,Voice | Voice | Voice | Voice,12,208,Score,False,False,WARNING,no_bwv,
data/raw/bulk_xml/bach-chorales-370/kern/chor363.krn,chor363.krn,.krn,2586,a017a4b0347d83183f4ecc77e8ab317cc9106bb07489a22342b0f3b261f453a3,"Bach, Johann Sebastian","O Welt, sieh hier dein Leben, Chorale @{PC#}. @{OTL@@DE} (@{SCT})",,,,,A major,4/4,100,4,Voice | Voice | Voice | Voice,13,212,Score,False,False,WARNING,no_bwv,
data/raw/bulk_xml/bach-chorales-370/kern/chor014.krn,chor014.krn,.krn,2826,7f796a70c5467ff0f31d52a2d7d17038776df14a89832dc7f45fe21ccc20b740,"Bach, Johann Sebastian","O Herre Gott, dein g&ouml;ttlich Wort, Chorale @{PC#}. @{OTL@@DE} (@{SCT})",,,,,G major,4/4,100,4,Voice | Voice | Voice | Voice,16,238,Score,False,False,WARNING,no_bwv,
data/raw/bulk_xml/bach-chorales-370/kern/chor228.krn,chor228.krn,.krn,1956,e6498055043c273c2415d96eef4ecd47cc38717f8902d5bb8d314e264fac004f,"Bach, Johann Sebastian","Danket dem Herren, denn er ist sehr freundlich, Chorale @{PC#}. @{OTL@@DE} (@{SCT})",,,,,C major,4/4,100,4,Voice | Voice | Voice | Voice,7,108,Score,False,False,WARNING,no_bwv,
data/raw/bulk_xml/bach-chorales-370/kern/chor216.krn,chor216.krn,.krn,3132,0d851c2fd3dc784357cfdadf97642458816314a5d8151e4e837f41fab9bbdf67,"Bach, Johann Sebastian","Es ist genug! so nimm Herr, Chorale @{PC#}. @{OTL@@DE} (@{SCT})",,,,,A major,4/4,100,4,Voice | Voice | Voice | Voice,20,309,Score,False,False,WARNING,no_bwv,
data/raw/bulk_xml/bach-chorales-370/kern/chor002.krn,chor002.krn,.krn,2814,a342db31fe87b406a41db99c8d35a3369ae8361fdc4fda8be5f88898335e9173,"Bach, Johann Sebastian","Ich dank dir, lieber Herre, Chorale @{PC#}. @{OTL@@DE} (@{SCT})",,,,,A major,4/4,100,4,Voice | Voice | Voice | Voice,15,231,Score,False,False,WARNING,no_bwv,
data/raw/bulk_xml/bach-chorales-370/kern/chor200.krn,chor200.krn,.krn,2915,de1bc0694ddad9bed8bb925afe196759cea636026fee679337fdbedd8918ad9a,"Bach, Johann Sebastian","Christus ist erstanden, hat &uuml;berwunden, Chorale @{PC#}. @{OTL@@DE} (@{SCT})",,,,,C major,4/4,100,4,Voice | Voice | Voice | Voice,15,266,Score,False,False,WARNING,no_bwv,
data/raw/bulk_xml/bach-chorales-370/kern/chor016.krn,chor016.krn,.krn,3189,3fede7a422685dd92fddae340e29f01f92136fd102e9d51d69d6bd5b58cc8c09,"Bach, Johann Sebastian","Es woll' uns Gott gen&auml;dig sein, Chorale @{PC#}. @{OTL@@DE} (@{SCT})",,,,,D major,4/4,100,4,Voice | Voice | Voice | Voice,19,302,Score,False,False,WARNING,no_bwv,
data/raw/bulk_xml/bach-chorales-370/kern/chor162.krn,chor162.krn,.krn,2742,1cc99171c2ef0016443a62e43cb7c27f8760bb7e41b2b2c92e557de645deb12c,"Bach, Johann Sebastian","Das alte Jahr vergangen ist, Chorale @{PC#}. @{OTL@@DE} (@{SCT})",,,,,C major,4/4,100,4,Voice | Voice | Voice | Voice,13,251,Score,False,False,WARNING,no_bwv,
data/raw/bulk_xml/bach-chorales-370/kern/chor189.krn,chor189.krn,.krn,2347,39168caa7eca5771ced54fd9544f13376ec91e04522b1e62cbf83c5c137f1725,"Bach, Johann Sebastian","Herr Jesu Christ, wahr Mensch und Gott, Chorale @{PC#}. @{OTL@@DE} (@{SCT})",,,,,A major,4/4,100,4,Voice | Voice | Voice | Voice,9,164,Score,False,False,WARNING,no_bwv,
data/raw/bulk_xml/bach-chorales-370/kern/chor202.krn,chor202.krn,.krn,3909,7f5d0cc09467a223aefd96d1a1411805ee043aec26e204d36aa94ee1c4534b03,"Bach, Johann Sebastian","O wir armen S&uuml;nder, Chorale @{PC#}. @{OTL@@DE} (@{SCT})",,,,,D major,4/4,100,4,Voice | Voice | Voice | Voice,27,393,Score,False,False,WARNING,no_bwv,
data/raw/bulk_xml/bach-chorales-370/kern/chor176.krn,chor176.krn,.krn,2599,c8c2a084bb8a38d5ba46ccd34923eae8a4649995446f5392ca6467e2b77d2620,"Bach, Johann Sebastian","Erstanden ist der heil'ge Christ, Chorale @{PC#}. @{OTL@@DE} (@{SCT})",,,,,F major,3/4,100,4,Voice | Voice | Voice | Voice,17,201,Score,False,False,WARNING,no_bwv,
data/raw/bulk_xml/bach-chorales-370/kern/chor214.krn,chor214.krn,.krn,4300,6bd9313401ae1e11d84f32a2cf48feb1937f18a38896ac11789700113162f7b7,"Bach, Johann Sebastian","Mitten wir im Leben sind, Chorale @{PC#}. @{OTL@@DE} (@{SCT})",,,,,C major,4/4,100,4,Voice | Voice | Voice | Voice,27,486,Score,False,False,WARNING,no_bwv,
data/raw/bulk_xml/bach-chorales-370/kern/chor360.krn,chor360.krn,.krn,2779,185eefd724335b74142251fb65510c9010b91797e9139f95b116e70587c1f955,"Bach, Johann Sebastian","Wir Christenleut, Chorale @{PC#}. @{OTL@@DE} (@{SCT})",,,,,A major,4/4,100,4,Voice | Voice | Voice | Voice,12,238,Score,False,False,WARNING,no_bwv,
data/raw/bulk_xml/bach-chorales-370/kern/chor348.krn,chor348.krn,.krn,2706,38e296a39049eaf25f51e8816481bb94b3eb6f8481a8495fee7f3ed2fe19465c,"Bach, Johann Sebastian","Meinen Jesum la&szlig; ich nicht, weil, Chorale @{PC#}. @{OTL@@DE} (@{SCT})",,,,,C major,4/4,100,4,Voice | Voice | Voice | Voice,13,228,Score,False,False,WARNING,no_bwv,
data/raw/bulk_xml/bach-chorales-370/kern/chor349.krn,chor349.krn,.krn,2902,56c7dc08d826d1e5caf5a5c507ead68d38eef7bd3e98ece3f57999e750e8cd1f,"Bach, Johann Sebastian","Ich hab in Gottes Herz und Sinn, Chorale @{PC#}. @{OTL@@DE} (@{SCT})",,,,,D major,4/4,100,4,Voice | Voice | Voice | Voice,14,247,Score,False,False,WARNING,no_bwv,
data/raw/bulk_xml/bach-chorales-370/kern/chor177.krn,chor177.krn,.krn,2409,724d111f037e4fa3b9cf36056888d310b2bbb6c61ac2d1298336c30282b2d78a,"Bach, Johann Sebastian","Ach bleib bei uns, Herr Jesu Christ, Chorale @{PC#}. @{OTL@@DE} (@{SCT})",,,,,A major,4/4,100,4,Voice | Voice | Voice | Voice,11,164,Score,False,False,WARNING,no_bwv,
data/raw/bulk_xml/bach-chorales-370/kern/chor188.krn,chor188.krn,.krn,2353,ce80d8911b078f21db4b922bcbe3382e31cff3667e734c357c3db0e3855cc1ed,"Bach, Johann Sebastian","Ich dank dir schon durch deinen Sohn, Chorale @{PC#}. @{OTL@@DE} (@{SCT})",,,,,F major,3/4,100,4,Voice | Voice | Voice | Voice,16,165,Score,False,False,WARNING,no_bwv,
data/raw/bulk_xml/bach-chorales-370/kern/chor361.krn,chor361.krn,.krn,2847,5a11ccd9849956a83f0f58b44970d332c62db31e90275c76ab5fcfffc073b0a6,"Bach, Johann Sebastian","Du Lebensfurst, Herr Jesu Christ, Chorale @{PC#}. @{OTL@@DE} (@{SCT})",,,,,G major,4/4,100,4,Voice | Voice | Voice | Voice,14,242,Score,False,False,WARNING,no_bwv,
data/raw/bulk_xml/bach-chorales-370/kern/chor163.krn,chor163.krn,.krn,2684,1eeab560cefbcc989eb84ef7d5f3a7e70ae8fd955c6f07490a315dcb1ad2029e,"Bach, Johann Sebastian","F&uuml;r Freuden la&szlig;t uns springen, Chorale @{PC#}. @{OTL@@DE} (@{SCT})",,,,,B- major,4/4,100,4,Voice | Voice | Voice | Voice,11,204,Score,False,False,WARNING,no_bwv,
data/raw/bulk_xml/bach-chorales-370/kern/chor003.krn,chor003.krn,.krn,2696,34f103723793eec809aed6f20a042f5e193e93349194f74eba0ee3a3a593ca6d,"Bach, Johann Sebastian","Ach Gott, vom Himmel sieh darein, Oh God, look down from Heaven, Chorale @{PC#}. @{OTL@@DE} (@{SCT})",,,,,G major,4/4,100,4,Voice | Voice | Voice | Voice,12,196,Score,False,False,WARNING,no_bwv,
data/raw/bulk_xml/bach-chorales-370/kern/chor017.krn,chor017.krn,.krn,2359,072e668be0ec075be9ea70413cf6a396870f511d29bbf2782aa7a234b4eb36f3,"Bach, Johann Sebastian","Erschienen ist der herrliche Tag, Chorale @{PC#}. @{OTL@@DE} (@{SCT})",,,,,G major,3/4,100,4,Voice | Voice | Voice | Voice,18,176,Score,False,False,WARNING,no_bwv,
data/raw/bulk_xml/bach-chorales-370/kern/chor239.krn,chor239.krn,.krn,2928,f9b4685700385d80dac7d3251328e8680f179af67c5eaa6722d0d798152c0849,"Bach, Johann Sebastian","Den Veter dort oben, Chorale @{PC#}. @{OTL@@DE} (@{SCT})",,,,,C major,4/4,100,4,Voice | Voice | Voice | Voice,14,260,Score,False,False,WARNING,no_bwv,
data/raw/bulk_xml/bach-chorales-370/kern/chor229.krn,chor229.krn,.krn,3663,2a9a0484c88b48ca18d016327852b6f5b2b3d6e1acc6b24af7e190c3beb17523,"Bach, Johann Sebastian","Ich danke dir, o Gott, in deinem Throne, Chorale @{PC#}. @{OTL@@DE} (@{SCT})",,,,,B- major,4/4,100,4,Voice | Voice | Voice | Voice,19,369,Score,False,False,WARNING,no_bwv,
data/raw/bulk_xml/bach-chorales-370/kern/chor211.krn,chor211.krn,.krn,2981,ef31278dfdc20de87205bd02535c6a008919b8dba025d7cbba3b5f3d8f2e7256,"Bach, Johann Sebastian","Weltlich Ehr und zeitlich Gut, Chorale @{PC#}. @{OTL@@DE} (@{SCT})",,,,,C major,4/4,100,4,Voice | Voice | Voice | Voice,16,292,Score,False,False,WARNING,no_bwv,
data/raw/bulk_xml/bach-chorales-370/kern/chor201.krn,chor201.krn,.krn,3729,e8ebed69ab562bea7727973c7580e040aa2aec19a7f230ef662f94c958d194ef,"Bach, Johann Sebastian","O Mensch, bewein dein' S&uuml;nde gro&szlig;, Chorale @{PC#}. @{OTL@@DE} (@{SCT})",,,,,E- major,4/4,100,4,Voice | Voice | Voice | Voice,20,359,Score,False,False,WARNING,no_bwv,
data/raw/bulk_xml/bach-chorales-370/kern/chor013.krn,chor013.krn,.krn,3187,ec570d70ab9d1d30ce2b3ca0dabacaecc1909ff1d1d979010adf697ec932586a,"Bach, Johann Sebastian","Allein zu dir, Herr Jesu Christ, Chorale @{PC#}. @{OTL@@DE} (@{SCT})",,,,,C major,4/4,100,4,Voice | Voice | Voice | Voice,18,308,Score,False,False,WARNING,no_bwv,
data/raw/bulk_xml/bach-chorales-370/kern/chor215.krn,chor215.krn,.krn,4234,56914176fb2a1acaac4d0c3f67b486c20b2ca509d0e2f684886bbf2188d67a22,"Bach, Johann Sebastian","Verleih uns Frieden gn&auml;diglich, Chorale @{PC#}. @{OTL@@DE} (@{SCT})",,,,,B- major,4/4,100,4,Voice | Voice | Voice | Voice,28,484,Score,False,False,WARNING,no_bwv,
data/raw/bulk_xml/bach-chorales-370/kern/chor173.krn,chor173.krn,.krn,2479,dc5dd8206e31b836701405456f7ed95248d7c1bb433911b8d30fe4914124fccd,"Bach, Johann Sebastian","O Herzensangst, o Bangigkeit, Chorale @{PC#}. @{OTL@@DE} (@{SCT})",,,,,E- major,3/4,100,4,Voice | Voice | Voice | Voice,18,181,Score,False,False,WARNING,no_bwv,
data/raw/bulk_xml/bach-chorales-370/kern/chor167.krn,chor167.krn,.krn,2766,12cb8270db83cd6b249d59ca5720e21dbd268b66f470bca2c7f0abcc282c92c1,"Bach, Johann Sebastian","Du gro&szlig;er Schmerzensmann, Chorale @{PC#}. @{OTL@@DE} (@{SCT})",,,,,G major,4/4,100,4,Voice | Voice | Voice | Voice,17,255,Score,False,False,WARNING,no_bwv,
data/raw/bulk_xml/bach-chorales-370/kern/chor198.krn,chor198.krn,.krn,3251,4c033e68c2efe197023e5fcac1c7ea548e3b257dc46aa88bdbb117c088ad50ac,"Bach, Johann Sebastian","Christus, der uns selig macht, Chorale @{PC#}. @{OTL@@DE} (@{SCT})",,,,,C major,4/4,100,4,Voice | Voice | Voice | Voice,17,322,Score,False,False,WARNING,no_bwv,
data/raw/bulk_xml/bach-chorales-370/kern/chor007.krn,chor007.krn,.krn,3578,face2f5010b08c2052cec639885727b0bb6d59b3a9dc684f77f26cb1d08b7df7,"Bach, Johann Sebastian","Nun lob, mein Seel, den Herren, Chorale @{PC#}. @{OTL@@DE} (@{SCT})",,,,,A major,3/4,100,4,Voice | Voice | Voice | Voice,39,346,Score,False,False,WARNING,no_bwv,
data/raw/bulk_xml/bach-chorales-370/kern/chor365.krn,chor365.krn,.krn,2685,77ddc2e0d24d6a7a13ebddc1165ef7804e9ff1ed1b43e496f5a0d6e21d90934a,"Bach, Johann Sebastian","Jesu meiner Seelen Wonne, Chorale @{PC#}. @{OTL@@DE} (@{SCT})",,,,,A major,4/4,100,4,Voice | Voice | Voice | Voice,12,206,Score,False,False,WARNING,no_bwv,
data/raw/bulk_xml/bach-chorales-370/kern/chor359.krn,chor359.krn,.krn,3272,b1897366a6c556e0d3dd44fe81c799aa8aef7c0f9b3f0472ac4cc97c5a884e4e,"Bach, Johann Sebastian","Allein zu dir, Herr Jesu Christ, Chorale @{PC#}. @{OTL@@DE} (@{SCT})",,,,,D major,4/4,100,4,Voice | Voice | Voice | Voice,21,323,Score,False,False,WARNING,no_bwv,
data/raw/bulk_xml/bach-chorales-370/kern/chor371.krn,chor371.krn,.krn,2961,a7832275ccc298515ed7cb85a9011db5cab044b694df13c53805823485c5415b,"Bach, Johann Sebastian","Christ lag in Todesbanden, Chorale @{PC#}. @{OTL@@DE} (@{SCT})",,,,,G major,4/4,100,4,Voice | Voice | Voice | Voice,14,253,Score,False,False,WARNING,no_bwv,
data/raw/bulk_xml/bach-chorales-370/kern/chor370.krn,chor370.krn,.krn,2720,160531f50754aef554e542e13181d432cc953602a4dc68312a2f24e4871c438f,"Bach, Johann Sebastian","Kommt her zu mir, spricht Gottes Sohn, Chorale @{PC#}. @{OTL@@DE} (@{SCT})",,,,,C major,4/4,100,4,Voice | Voice | Voice | Voice,14,256,Score,False,False,WARNING,no_bwv,
data/raw/bulk_xml/bach-chorales-370/kern/chor364.krn,chor364.krn,.krn,3019,b14da939201c99e7685f3e5c18038a2308805bcb92af74ac9e3690c929419d0e,"Bach, Johann Sebastian","Von Gott will ich nicht lassen, Chorale @{PC#}. @{OTL@@DE} (@{SCT})",,,,,D major,4/4,100,4,Voice | Voice | Voice | Voice,14,238,Score,False,False,WARNING,no_bwv,
data/raw/bulk_xml/bach-chorales-370/kern/chor358.krn,chor358.krn,.krn,2599,62dc3a31025da54295c5bc421f2e4926522f6c16d893840260922830b4f4521e,"Bach, Johann Sebastian","Meine Seele erhebet den Herrn, Chorale @{PC#}. @{OTL@@DE} (@{SCT})",,,,,B- major,4/4,100,4,Voice | Voice | Voice | Voice,22,214,Score,False,False,WARNING,no_bwv,
data/raw/bulk_xml/bach-chorales-370/kern/chor199.krn,chor199.krn,.krn,3146,a06a2b7056115f26cacae0efc1d1ac8c57b4bf1b1af91f3165bd117437752b80,"Bach, Johann Sebastian","Hilf, Gott, la&szlig; mir's gelingen, Chorale @{PC#}. @{OTL@@DE} (@{SCT})",,,,,F major,3/4,100,4,Voice | Voice | Voice | Voice,23,241,Score,False,False,WARNING,no_bwv,
data/raw/bulk_xml/bach-chorales-370/kern/chor172.krn,chor172.krn,.krn,2675,cf80b91ca713707f15260551d494ff1cb960851d8ef0c348e3c5795c7daa26e6,"Bach, Johann Sebastian","Sei gegr&uuml;&szlig;et, Jesu g&uuml;tig, Chorale @{PC#}. @{OTL@@DE} (@{SCT})",,,,,B- major,4/4,100,4,Voice | Voice | Voice | Voice,14,233,Score,False,False,WARNING,no_bwv,
data/raw/bulk_xml/bach-chorales-370/kern/chor006.krn,chor006.krn,.krn,2013,26db6f71a7c000a84afbce4566fe794b8346ca195110ae0b73999414a2855a39,"Bach, Johann Sebastian","Christus, der ist mein Leben, Chorale @{PC#}. @{OTL@@DE} (@{SCT})",,,,,F major,4/4,100,4,Voice | Voice | Voice | Voice,9,129,Score,False,False,WARNING,no_bwv,
data/raw/bulk_xml/bach-chorales-370/kern/chor166.krn,chor166.krn,.krn,2873,d8f9d915eee439e468a5dff639b6723d40d024432fe272c71458e7f90f19523b,"Bach, Johann Sebastian","Es stehn vor Gottes Throne, Chorale @{PC#}. @{OTL@@DE} (@{SCT})",,,,,F major,4/4,100,4,Voice | Voice | Voice | Voice,15,241,Score,False,False,WARNING,no_bwv,
data/raw/bulk_xml/bach-chorales-370/kern/chor205.krn,chor205.krn,.krn,8162,4e1d51a764eb54c7e6edafb8f605008ee3005fbfdb679df7c3555045cfc7b40e,"Bach, Johann Sebastian","Herr Gott, dich loben wir, Chorale @{PC#}. @{OTL@@DE} (@{SCT})",,,,,C major,4/4,100,4,Voice | Voice | Voice | Voice,57,1024,Score,False,False,WARNING,no_bwv,
data/raw/bulk_xml/bach-chorales-370/kern/chor204.krn,chor204.krn,.krn,2134,71ddf34c861e26c4353f598ad217cf4d32c3706ea91f7a7dff5af926c41511b8,"Bach, Johann Sebastian","Wer wei&szlig;, wie nahe mir mein Ende, Chorale @{PC#}. @{OTL@@DE} (@{SCT})",,,,,B- major,4/4,100,4,Voice | Voice | Voice | Voice,11,143,Score,False,False,WARNING,no_bwv,
data/raw/bulk_xml/bach-chorales-370/kern/chor012.krn,chor012.krn,.krn,2112,19d11b539894a2b3bd07f4ca939e61b44b9b3d87d88cb5f4ee5d265fdfd8e2c9,"Bach, Johann Sebastian","Puer natus in Bethlehem, Chorale @{PC#}. @{OTL@@DE} (@{SCT})",,,,,C major,3/4,100,4,Voice | Voice | Voice | Voice,17,148,Score,False,False,WARNING,no_bwv,
data/raw/bulk_xml/bach-chorales-370/kern/chor238.krn,chor238.krn,.krn,2368,f51d19b2c8e5e7a672e719f7aba513aea2851e46c5c6250823c4414285970f77,"Bach, Johann Sebastian","Es wind schier der letzte Tag, Chorale @{PC#}. @{OTL@@DE} (@{SCT})",,,,,G major,4/4,100,4,Voice | Voice | Voice | Voice,10,173,Score,False,False,WARNING,no_bwv,
data/raw/bulk_xml/bach-chorales-370/kern/chor210.krn,chor210.krn,.krn,2733,f1ee0ea7bea4313d807ac0b4eed2cda5f1dee5a0903e9b6f84d402d85bbe9164,"Bach, Johann Sebastian","Christe, du Beistand deiner Kreuzgemeinde, Chorale @{PC#}. @{OTL@@DE} (@{SCT})",,,,,C major,4/4,100,4,Voice | Voice | Voice | Voice,16,245,Score,False,False,WARNING,no_bwv,
data/raw/bulk_xml/bach-chorales-370/kern/chor206.krn,chor206.krn,.krn,2889,7119b3e5979d44071321c13e3c7f42a9cbbe1dffed0881d9c523d26685a09914,"Bach, Johann Sebastian","So gibst du nun, mein Jesu, gute Nacht, Chorale @{PC#}. @{OTL@@DE} (@{SCT})",,,,,F major,4/4,100,4,Voice | Voice | Voice | Voice,16,269,Score,False,False,WARNING,no_bwv,
data/raw/bulk_xml/bach-chorales-370/kern/chor038.krn,chor038.krn,.krn,2548,9ca41ff81d66a72f514e113f9696d6b2398816ac7dfcf940020498c73781ff82,"Bach, Johann Sebastian","Straf mich nicht in deinem Zorn, Chorale @{PC#}. @{OTL@@DE} (@{SCT})",,,,,E- major,4/4,100,4,Voice | Voice | Voice | Voice,10,176,Score,False,False,WARNING,no_bwv,
data/raw/bulk_xml/bach-chorales-370/kern/chor212.krn,chor212.krn,.krn,2820,9ddac0abc2735758fc2671bdbaa9a096b34971432be7131077c627463f329a7b,"Bach, Johann Sebastian","Herr, ich dank an jene Zeit, Chorale @{PC#}. @{OTL@@DE} (@{SCT})",,,,,E- major,4/4,100,4,Voice | Voice | Voice | Voice,14,235,Score,False,False,WARNING,no_bwv,
data/raw/bulk_xml/bach-chorales-370/kern/chor004.krn,chor004.krn,.krn,2544,2be2b82c17f6c83c42e4bf90a8a243e59052ce63c7a7182122368e67a6074d60,"Bach, Johann Sebastian","Es ist das Heil uns kommen her, Chorale @{PC#}. @{OTL@@DE} (@{SCT})",,,,,E major,4/4,100,4,Voice | Voice | Voice | Voice,12,186,Score,False,False,WARNING,no_bwv,
data/raw/bulk_xml/bach-chorales-370/kern/chor010.krn,chor010.krn,.krn,2417,897872f03572fb0b3508a6c870f6c378f657e413d787b638b9235d502d14e8a9,"Bach, Johann Sebastian","Aus tiefer Not schrei ich zu dir, Chorale @{PC#}. @{OTL@@DE} (@{SCT})",,,,,C major,4/4,100,4,Voice | Voice | Voice | Voice,13,182,Score,False,False,WARNING,no_bwv,
data/raw/bulk_xml/bach-chorales-370/kern/chor170.krn,chor170.krn,.krn,2162,ded0f500db318a17ab98b0ae7ced0f4a0d1e897aaae2cd2050ae7c7f668a53ad,"Bach, Johann Sebastian","Nun komm, der Heiden Heiland, Chorale @{PC#}. @{OTL@@DE} (@{SCT})",,,,,C major,4/4,100,4,Voice | Voice | Voice | Voice,8,149,Score,False,False,WARNING,no_bwv,
data/raw/bulk_xml/bach-chorales-370/kern/chor158.krn,chor158.krn,.krn,3212,8b2972e8389cf131997491a90ce0e9d2e625830b82281cdf3f6f76ef5e69aaf7,"Bach, Johann Sebastian","Der Tag, der ist so freudenreich, Chorale @{PC#}. @{OTL@@DE} (@{SCT})",,,,,G major,4/4,100,4,Voice | Voice | Voice | Voice,18,297,Score,False,False,WARNING,no_bwv,
data/raw/bulk_xml/bach-chorales-370/kern/chor164.krn,chor164.krn,.krn,2569,9ff7c4373f03b805755500647ea40ef37986dafa5f86df2fb2b8d626f464f7d4,"Bach, Johann Sebastian","Herr Gott, dich loben alle wir, Chorale @{PC#}. @{OTL@@DE} (@{SCT})",,,,,B- major,3/4,100,4,Voice | Voice | Voice | Voice,17,189,Score,False,False,WARNING,no_bwv,
data/raw/bulk_xml/bach-chorales-370/kern/chor171.krn,chor171.krn,.krn,2464,1f0730f36d5b94bb7d825f98f3f3633c95485f3ff12a57b2f334536a1635da3e,"Bach, Johann Sebastian","Schaut, ihr S&uuml;nder, Chorale @{PC#}. @{OTL@@DE} (@{SCT})",,,,,F major,4/4,100,4,Voice | Voice | Voice | Voice,12,194,Score,False,False,WARNING,no_bwv,
data/raw/bulk_xml/bach-chorales-370/kern/chor367.krn,chor367.krn,.krn,2643,b10be9c31f6ab64e3ab8a86a7b52cce5e9151341a62765e7d659400639f9a666,"Bach, Johann Sebastian","Befiehl du deine Wege, Chorale @{PC#}. @{OTL@@DE} (@{SCT})",,,,,D major,4/4,100,4,Voice | Voice | Voice | Voice,14,204,Score,False,False,WARNING,no_bwv,
data/raw/bulk_xml/bach-chorales-370/kern/chor366.krn,chor366.krn,.krn,2767,ea3a27a11f59ebfcb8e1127af0d54d3a0a0f33c2949428ca9a04f59d956a18c8,"Bach, Johann Sebastian","O Welt, sieh hier dein Leben, Chorale @{PC#}. @{OTL@@DE} (@{SCT})",,,,,A major,4/4,100,4,Voice | Voice | Voice | Voice,13,247,Score,False,False,WARNING,no_bwv,
data/raw/bulk_xml/bach-chorales-370/kern/chor165.krn,chor165.krn,.krn,2777,de9452339b0f5d7bfb4057730676707be8136834f61b0fbe7b3380d6eee323eb,"Bach, Johann Sebastian","O Lamm Gottes, unschuldig, Chorale @{PC#}. @{OTL@@DE} (@{SCT})",,,,,F major,4/4,100,4,Voice | Voice | Voice | Voice,13,220,Score,False,False,WARNING,no_bwv,
data/raw/bulk_xml/bach-chorales-370/kern/chor159.krn,chor159.krn,.krn,2267,78a610689c561ddcfe9f89f02f4262579a0da08b1f06288ad927e8f81187632e,"Bach, Johann Sebastian","Als der g&uuml;tige Gott, Chorale @{PC#}. @{OTL@@DE} (@{SCT})",,,,,G major,4/4,100,4,Voice | Voice | Voice | Voice,11,161,Score,False,False,WARNING,no_bwv,
data/raw/bulk_xml/bach-chorales-370/kern/chor213.krn,chor213.krn,.krn,2375,5722d47d0de8f6f0421b345ce6f93ffc7637b89ad926a4615789cfada5828aaa,"Bach, Johann Sebastian","O wie selig ihr doch, ihr Frommen, Chorale @{PC#}. @{OTL@@DE} (@{SCT})",,,,,F major,4/4,100,4,Voice | Voice | Voice | Voice,11,187,Score,False,False,WARNING,no_bwv,
data/raw/bulk_xml/bach-chorales-370/kern/chor039.krn,chor039.krn,.krn,2752,5fc42752fb9e933b6b2d26bac0c3558e84a219855f0d9061585062db2f1c5f80,"Bach, Johann Sebastian","Ach, was soll ich S&uuml;nder machen?, Chorale @{PC#}. @{OTL@@DE} (@{SCT})",,,,,G major,4/4,100,4,Voice | Voice | Voice | Voice,12,233,Score,False,False,WARNING,no_bwv,
data/raw/bulk_xml/bach-chorales-370/kern/chor260.krn,chor260.krn,.krn,2598,c3d33553d0ad4443d6912eff5a7859d2c326f83e2a5e77be9ce90951950d9b77,"Bach, Johann Sebastian","Es ist gewi&szlig;lich an der Zeit, Chorale @{PC#}. @{OTL@@DE} (@{SCT})",,,,,B- major,4/4,100,4,Voice | Voice | Voice | Voice,12,194,Score,False,False,WARNING,no_bwv,
data/raw/bulk_xml/bach-chorales-370/kern/chor207.krn,chor207.krn,.krn,2516,161f0dbdcfc31a2be4495696673569d1500cee172a6089b75184ddea66d93647,"Bach, Johann Sebastian","Des heil'gen Geistes reiche Gnad, Chorale @{PC#}. @{OTL@@DE} (@{SCT})",,,,,F major,3/4,100,4,Voice | Voice | Voice | Voice,16,189,Score,False,False,WARNING,no_bwv,
data/raw/bulk_xml/bach-chorales-370/kern/chor274.krn,chor274.krn,.krn,2692,8e942a1750d065b4c34d9052fa9ba83ad70bab4f967baf8025231d9814b47c32,"Bach, Johann Sebastian","O Ewigkeit, du Donnerwort, Chorale @{PC#}. @{OTL@@DE} (@{SCT})",,,,,F major,4/4,100,4,Voice | Voice | Voice | Voice,13,209,Score,False,False,WARNING,no_bwv,
data/raw/bulk_xml/bach-chorales-370/kern/chor005.krn,chor005.krn,.krn,3368,ffca6b33d2b493043fd86d8ae59a043d7a07dd2d46b8cf25a6ec99bdb6d63db7,"Bach, Johann Sebastian","An Wasserfl&uuml;ssen Babylon, Chorale @{PC#}. @{OTL@@DE} (@{SCT})",,,,,G major,4/4,100,4,Voice | Voice | Voice | Voice,19,333,Score,False,False,WARNING,no_bwv,
data/raw/bulk_xml/bach-chorales-370/kern/chor248.krn,chor248.krn,.krn,2626,fe1af740514908ced5c09fd51bbfb1bc2e2a8a9d5ad6ad217cc0fcad8fc637b6,"Bach, Johann Sebastian","Sei Lob und Ehr dem h&ouml;chsten Gut, Chorale @{PC#}. @{OTL@@DE} (@{SCT})",,,,,G major,4/4,100,4,Voice | Voice | Voice | Voice,12,204,Score,False,False,WARNING,no_bwv,
data/raw/bulk_xml/bach-chorales-370/kern/chor011.krn,chor011.krn,.krn,3843,d863329cc5810a0919c893643442476014859d52c5e66e83e3f77289cb24adb7,"Bach, Johann Sebastian","Jesu, nun sei gepreiset, Chorale @{PC#}. @{OTL@@DE} (@{SCT})",,,,,C major,4/4,100,4,Voice | Voice | Voice | Voice,36,422,Score,False,False,WARNING,no_bwv,
data/raw/bulk_xml/bach-chorales-370/kern/chor062.krn,chor062.krn,.krn,2338,637efb1a3e57e1bf0a335ec337271ef19d922dae965746fcb5d0b08f3889aaef,"Bach, Johann Sebastian","Wer nur den lieben Gott l&auml;&szlig;t walten, Chorale @{PC#}. @{OTL@@DE} (@{SCT})",,,,,D major,4/4,100,4,Voice | Voice | Voice | Voice,11,155,Score,False,False,WARNING,no_bwv,
data/raw/bulk_xml/bach-chorales-370/kern/chor089.krn,chor089.krn,.krn,2634,c83fed12e8693642144262e6521c72cfc6c60769d6908e1d0b650e62e72d1d86,"Bach, Johann Sebastian","O Haupt voll Blut und Wunden, Chorale @{PC#}. @{OTL@@DE} (@{SCT})",,,,,D major,4/4,100,4,Voice | Voice | Voice | Voice,14,201,Score,False,False,WARNING,no_bwv,
data/raw/bulk_xml/bach-chorales-370/kern/chor076.krn,chor076.krn,.krn,2855,cdcbfc293650e0dd02a0147a38c3a8152aaabb4c28c1e486e5812a675ff3f681,"Bach, Johann Sebastian","Freu dich sehr, o meine Seele, Chorale @{PC#}. @{OTL@@DE} (@{SCT})",,,,,G major,4/4,100,4,Voice | Voice | Voice | Voice,14,238,Score,False,False,WARNING,no_bwv,
data/raw/bulk_xml/bach-chorales-370/kern/chor300.krn,chor300.krn,.krn,2324,f6fd94677b64e6282c32e57ffd8ca8b82cbdb46cf50ba9216f5e2b4e6da8fa74,"Bach, Johann Sebastian","Warum betr&uuml;bst du dich, mein Herz, Chorale @{PC#}. @{OTL@@DE} (@{SCT})",,,,,C major,4/4,100,4,Voice | Voice | Voice | Voice,11,180,Score,False,False,WARNING,no_bwv,
data/raw/bulk_xml/bach-chorales-370/kern/chor102.krn,chor102.krn,.krn,2530,7a387c33b12eac8d943f7849a1b048541a838b640a0374fd36d0b7fef67c643f,"Bach, Johann Sebastian","Du lebensf&uuml;rst, Herr Jesu Christ, Chorale @{PC#}. @{OTL@@DE} (@{SCT})",,,,,G major,3/4,100,4,Voice | Voice | Voice | Voice,22,195,Score,False,False,WARNING,no_bwv,
data/raw/bulk_xml/bach-chorales-370/kern/chor314.krn,chor314.krn,.krn,2577,478f95e808e719d51e5a8b0f3d955441c75ea00f6eef19ef3f65ef09d46dae07,"Bach, Johann Sebastian","Das alte Jahr vergangen ist, Chorale @{PC#}. @{OTL@@DE} (@{SCT})",,,,,G major,4/4,100,4,Voice | Voice | Voice | Voice,13,223,Score,False,False,WARNING,no_bwv,
data/raw/bulk_xml/bach-chorales-370/kern/chor328.krn,chor328.krn,.krn,2419,83495fd6874caab65f2d84eb1fda28c44a8192dceda26c1e69e14ceb422b8d8c,"Bach, Johann Sebastian","Liebester Jesu, wir sind hier, Chorale @{PC#}. @{OTL@@DE} (@{SCT})",,,,,G major,4/4,100,4,Voice | Voice | Voice | Voice,10,159,Score,False,False,WARNING,no_bwv,
data/raw/bulk_xml/bach-chorales-370/kern/chor329.krn,chor329.krn,.krn,2728,9c5744c8e517f67c05c47299c3b456984b6c81a30fdc215a5ef3730bb80308d9,"Bach, Johann Sebastian","Sei Lob und Ehr dem h&ouml;chsten Gut, Chorale @{PC#}. @{OTL@@DE} (@{SCT})",,,,,G major,4/4,100,4,Voice | Voice | Voice | Voice,12,227,Score,False,False,WARNING,no_bwv,
data/raw/bulk_xml/bach-chorales-370/kern/chor301.krn,chor301.krn,.krn,2683,4d43581ef78b5842339737d5b2496fac37cc7821921a08ed9d31636770862407,"Bach, Johann Sebastian","Ach lieben Christen, seid getrost, Chorale @{PC#}. @{OTL@@DE} (@{SCT})",,,,,B- major,4/4,100,4,Voice | Voice | Voice | Voice,12,209,Score,False,False,WARNING,no_bwv,
data/raw/bulk_xml/bach-chorales-370/kern/chor116.krn,chor116.krn,.krn,4627,8616dad3602d0ee4bad55ae8c715aabb43208d3045383f9e78e68524d9aba7d6,"Bach, Johann Sebastian","Nun lob, mein Seel, den Herren, Chorale @{PC#}. @{OTL@@DE} (@{SCT})",,,,,D major,3/4,100,4,Voice | Voice | Voice | Voice,38,434,Score,False,False,WARNING,no_bwv,
data/raw/bulk_xml/bach-chorales-370/kern/chor315.krn,chor315.krn,.krn,2679,7d06d69fb698c8116d8cdfbc728912ee54c03f27a2fb0cbe6caea67f10c5a6ff,"Bach, Johann Sebastian","O Gott, du frommer Gott, Chorale @{PC#}. @{OTL@@DE} (@{SCT})",,,,,G major,4/4,100,4,Voice | Voice | Voice | Voice,14,200,Score,False,False,WARNING,no_bwv,
data/raw/bulk_xml/bach-chorales-370/kern/chor103.krn,chor103.krn,.krn,2458,7e295b975e4d954d2956cae3b52bb2dd3f528fe2d370a04d03deb9090263b05c,"Bach, Johann Sebastian","Nun ruhen alle W&auml;lder, Chorale @{PC#}. @{OTL@@DE} (@{SCT})",,,,,B- major,4/4,100,4,Voice | Voice | Voice | Voice,13,206,Score,False,False,WARNING,no_bwv,
data/raw/bulk_xml/bach-chorales-370/kern/chor117.krn,chor117.krn,.krn,2668,73ab87b07776bd770b8ed68839f1e6647e9764739f9fffe23d23a2ee9c5f1747,"Bach, Johann Sebastian","Nun ruhen alle W&auml;lder, Chorale @{PC#}. @{OTL@@DE} (@{SCT})",,,,,A- major,4/4,100,4,Voice | Voice | Voice | Voice,13,221,Score,False,False,WARNING,no_bwv,
data/raw/bulk_xml/bach-chorales-370/kern/chor088.krn,chor088.krn,.krn,2536,5962fd8dc500c3168ca6f3612ff460312e1edf8f3ba4039efe99c68c47a4fdf3,"Bach, Johann Sebastian","Helft mir Gotts G&uuml;te preisen, Chorale @{PC#}. @{OTL@@DE} (@{SCT})",,,,,C major,4/4,100,4,Voice | Voice | Voice | Voice,14,200,Score,False,False,WARNING,no_bwv,
data/raw/bulk_xml/bach-chorales-370/kern/chor077.krn,chor077.krn,.krn,2805,6082dce3b52b3d290fdc2412f5a48e62aff0e7312e9dc35f0cb9e8b83c88e7c7,"Bach, Johann Sebastian","In dich hab ich gehoffet, Herr, Chorale @{PC#}. @{OTL@@DE} (@{SCT})",,,,,A major,4/4,100,4,Voice | Voice | Voice | Voice,13,241,Score,False,False,WARNING,no_bwv,
data/raw/bulk_xml/bach-chorales-370/kern/chor063.krn,chor063.krn,.krn,2519,1c9e3e03ab322759288078d75e1a0f617159c4e9f5fc9f30838599671af316f5,"Bach, Johann Sebastian","Nun ruhen alle W&auml;lder, Chorale @{PC#}. @{OTL@@DE} (@{SCT})",,,,,A major,4/4,100,4,Voice | Voice | Voice | Voice,13,206,Score,False,False,WARNING,no_bwv,
data/raw/bulk_xml/bach-chorales-370/kern/chor249.krn,chor249.krn,.krn,2699,2950ab4591c24419e197a1e5d2e6b9abe36de68164ef633e8cb342a1fbf20fc7,"Bach, Johann Sebastian","Allein Gott in der H&ouml;h sei Ehr, Chorale @{PC#}. @{OTL@@DE} (@{SCT})",,,,,G major,4/4,100,4,Voice | Voice | Voice | Voice,12,216,Score,False,False,WARNING,no_bwv,
data/raw/bulk_xml/bach-chorales-370/kern/chor275.krn,chor275.krn,.krn,2522,a32ad194eb286220a64ab8fbf259aa335dee9335f2592ff2c2cab0ca3a38d3a8,"Bach, Johann Sebastian","O Welt, sieh hier dein Leben, Chorale @{PC#}. @{OTL@@DE} (@{SCT})",,,,,A major,4/4,100,4,Voice | Voice | Voice | Voice,13,201,Score,False,False,WARNING,no_bwv,
data/raw/bulk_xml/bach-chorales-370/kern/chor261.krn,chor261.krn,.krn,2595,6bdac4b11d134e1dcfa2cc79d261034b0c2ffd15b6afaba9122835dff2b15073,"Bach, Johann Sebastian","Christ lag in Todesbanden, Chorale @{PC#}. @{OTL@@DE} (@{SCT})",,,,,G major,4/4,100,4,Voice | Voice | Voice | Voice,14,204,Score,False,False,WARNING,no_bwv,
data/raw/bulk_xml/bach-chorales-370/kern/chor288.krn,chor288.krn,.krn,2469,7e1c9b62a6d4c0a308c36f062882ae757a1b56fc1e2639202984e5f5923b9f7d,"Bach, Johann Sebastian","Gelobet seist du, Jesu Christ, Chorale @{PC#}. @{OTL@@DE} (@{SCT})",,,,,D major,4/4,100,4,Voice | Voice | Voice | Voice,11,189,Score,False,False,WARNING,no_bwv,
data/raw/bulk_xml/bach-chorales-370/kern/chor263.krn,chor263.krn,.krn,2522,abf05ad1076e135e5116c51fc11a1f157810033e3fcf3e9a77ed819428e3437b,"Bach, Johann Sebastian","Jesu, meine Freude, Chorale @{PC#}. @{OTL@@DE} (@{SCT})",,,,,G major,4/4,100,4,Voice | Voice | Voice | Voice,13,190,Score,False,False,WARNING,no_bwv,
data/raw/bulk_xml/bach-chorales-370/kern/chor075.krn,chor075.krn,.krn,2407,52b778d84d9a48de0cd13526fceddb25d3db0fec6f30f97e0300dddb05c889ed,"Bach, Johann Sebastian","Das walt mein Gott, Chorale @{PC#}. @{OTL@@DE} (@{SCT})",,,,,F major,4/4,100,4,Voice | Voice | Voice | Voice,12,192,Score,False,False,WARNING,no_bwv,
data/raw/bulk_xml/bach-chorales-370/kern/chor277.krn,chor277.krn,.krn,3750,9862db3a23db33dd0936048dffb1715d26f7468d7729338996c0bb6a3ca2de18,"Bach, Johann Sebastian","Herzlich lieb hab ich dich, o Herr, Chorale @{PC#}. @{OTL@@DE} (@{SCT})",,,,,C major,4/4,100,4,Voice | Voice | Voice | Voice,21,405,Score,False,False,WARNING,no_bwv,
data/raw/bulk_xml/bach-chorales-370/kern/chor101.krn,chor101.krn,.krn,2488,8ae5938580c471b7aa098f465e4af42d50c1710082f58bc3afc24bb5d7f76d37,"Bach, Johann Sebastian","Herr Christ, der ein'ge Gottes Sohn, Chorale @{PC#}. @{OTL@@DE} (@{SCT})",,,,,B- major,4/4,100,4,Voice | Voice | Voice | Voice,12,174,Score,False,False,WARNING,no_bwv,
data/raw/bulk_xml/bach-chorales-370/kern/chor061.krn,chor061.krn,.krn,3036,e1c397aada93453953ff894be408d2fd6885921724253ec69baa78d9392dcdeb,"Bach, Johann Sebastian","Jesu Leiden, Pein und Tod, Chorale @{PC#}. @{OTL@@DE} (@{SCT})",,,,,E- major,4/4,100,4,Voice | Voice | Voice | Voice,16,281,Score,False,False,WARNING,no_bwv,
data/raw/bulk_xml/bach-chorales-370/kern/chor049.krn,chor049.krn,.krn,2664,c3c3f06510b823e55af079f7916a14eeb780f952d2ce1c7a4c2d3086aee7a2b5,"Bach, Johann Sebastian","Mit Fried' und Freud' fahr' ich dahin, Chorale @{PC#}. @{OTL@@DE} (@{SCT})",,,,,C major,4/4,100,4,Voice | Voice | Voice | Voice,13,236,Score,False,False,WARNING,no_bwv,
data/raw/bulk_xml/bach-chorales-370/kern/chor303.krn,chor303.krn,.krn,2326,3a6a50d7751d7dd7ca57198e1e549242d0e1e3f1c823268ca3fff39dce4105cd,"Bach, Johann Sebastian","Herr Christ, der ein'ge Gotts Sohn, Chorale @{PC#}. @{OTL@@DE} (@{SCT})",,,,,F major,4/4,100,4,Voice | Voice | Voice | Voice,12,156,Score,False,False,WARNING,no_bwv,
data/raw/bulk_xml/bach-chorales-370/kern/chor115.krn,chor115.krn,.krn,2819,bc8679636b4c9bc63c3a6b48ade882ac599486e433fa56f79dcf1a9fd83f6fc3,"Bach, Johann Sebastian","Was mein Gott will, das g'scheh allzeit, Chorale @{PC#}. @{OTL@@DE} (@{SCT})",,,,,D major,4/4,100,4,Voice | Voice | Voice | Voice,14,233,Score,False,False,WARNING,no_bwv,
data/raw/bulk_xml/bach-chorales-370/kern/chor129.krn,chor129.krn,.krn,2576,716d86bb76d1f9681a8929318084e55bb30fecfed158d8ccd394fd589c381ed4,"Bach, Johann Sebastian","Keinen hat Gott verlassen, Chorale @{PC#}. @{OTL@@DE} (@{SCT})",,,,,G major,4/4,100,4,Voice | Voice | Voice | Voice,14,192,Score,False,False,WARNING,no_bwv,
data/raw/bulk_xml/bach-chorales-370/kern/chor317.krn,chor317.krn,.krn,2573,61127d9048f9c8c147019e12f2bcab04932113587e537434d0945670774cb79e,"Bach, Johann Sebastian","Herr, wie du willt, so schick's mit mir, Chorale @{PC#}. @{OTL@@DE} (@{SCT})",,,,,C major,4/4,100,4,Voice | Voice | Voice | Voice,14,201,Score,False,False,WARNING,no_bwv,
data/raw/bulk_xml/bach-chorales-370/kern/chor316.krn,chor316.krn,.krn,2560,6235afe847ef614291429b93339c8e7d220db3175efa7d990c9b856d494bb5b4,"Bach, Johann Sebastian","Christus, der ist mein Leben, Chorale @{PC#}. @{OTL@@DE} (@{SCT})",,,,,G major,3/4,100,4,Voice | Voice | Voice | Voice,20,172,Score,False,False,WARNING,no_bwv,
data/raw/bulk_xml/bach-chorales-370/kern/chor128.krn,chor128.krn,.krn,2647,590d80c2f99f4dfc78831cd0ebe6b4a63426c57f138db61db13e7379e2bdd96d,"Bach, Johann Sebastian","Alles ist an Gottes Segen, Chorale @{PC#}. @{OTL@@DE} (@{SCT})",,,,,G major,4/4,100,4,Voice | Voice | Voice | Voice,12,237,Score,False,False,WARNING,no_bwv,
data/raw/bulk_xml/bach-chorales-370/kern/chor114.krn,chor114.krn,.krn,2635,004e167671d0f87528f915a899f3bc94b9d8f65d36c85f0e3c979423399768e4,"Bach, Johann Sebastian","Von Gott will ich nicht lassen, Chorale @{PC#}. @{OTL@@DE} (@{SCT})",,,,,C major,4/4,100,4,Voice | Voice | Voice | Voice,14,207,Score,False,False,WARNING,no_bwv,
data/raw/bulk_xml/bach-chorales-370/kern/chor048.krn,chor048.krn,.krn,2532,bf292d4047f5e7156a2b72dafb2597723afa09cdb3e9efd1b4a6d13a65bbe35e,"Bach, Johann Sebastian","Ach wie fl&uuml;chtig, ach wie nichtig, Oh how fleeting, oh how fading, Chorale @{PC#}. @{OTL@@DE} (@{SCT})",,,,,C major,4/4,100,4,Voice | Voice | Voice | Voice,10,188,Score,False,False,WARNING,no_bwv,
data/raw/bulk_xml/bach-chorales-370/kern/chor060.krn,chor060.krn,.krn,2525,3ba16069ee1badf8ad60191192057f45f4b61eaa7f5179a5190a60a4f2c3eae6,"Bach, Johann Sebastian","Ich freue mich in dir, Chorale @{PC#}. @{OTL@@DE} (@{SCT})",,,,,D major,4/4,100,4,Voice | Voice | Voice | Voice,14,183,Score,False,False,WARNING,no_bwv,
data/raw/bulk_xml/bach-chorales-370/kern/chor302.krn,chor302.krn,.krn,3151,e55015de429e49fbc3abae8b065bccf9c33475b231021c847d143dd152df1e12,"Bach, Johann Sebastian","Hilf, Gott, la&szlig; mir's gelingen, Chorale @{PC#}. @{OTL@@DE} (@{SCT})",,,,,F major,3/4,100,4,Voice | Voice | Voice | Voice,23,241,Score,False,False,WARNING,no_bwv,
data/raw/bulk_xml/bach-chorales-370/kern/chor100.krn,chor100.krn,.krn,2845,285b0e3d71af76b4c924ebd4c46f99c35a02067689bd9f5496e5bd036b59cbde,"Bach, Johann Sebastian","Durch Adams Fall ist ganz verderbt, Chorale @{PC#}. @{OTL@@DE} (@{SCT})",,,,,B- major,4/4,100,4,Voice | Voice | Voice | Voice,15,239,Score,False,False,WARNING,no_bwv,
data/raw/bulk_xml/bach-chorales-370/kern/chor074.krn,chor074.krn,.krn,2556,47f498980dce5948b985dc6dbd1b87c0e9a0925ef8f03b774889ab2b434fcddf,"Bach, Johann Sebastian","O Haupt voll Blut und Wunden, Chorale @{PC#}. @{OTL@@DE} (@{SCT})",,,,,F major,4/4,100,4,Voice | Voice | Voice | Voice,14,192,Score,False,False,WARNING,no_bwv,
data/raw/bulk_xml/bach-chorales-370/kern/chor289.krn,chor289.krn,.krn,2609,b996b7f7466ccd3a092bd324ecc606e6ded2db5be60b753f5817aa435555f654,"Bach, Johann Sebastian","Nun ruhen alle W&auml;lder, Chorale @{PC#}. @{OTL@@DE} (@{SCT})",,,,,B- major,4/4,100,4,Voice | Voice | Voice | Voice,13,220,Score,False,False,WARNING,no_bwv,
data/raw/bulk_xml/bach-chorales-370/kern/chor262.krn,chor262.krn,.krn,2651,75851fbecfc94509f6f1b7b22b62220bc901bb090a845ef2e4cc80eacbc46541,"Bach, Johann Sebastian","Ach Gott, vom Himmel sieh darein, Oh God, look down from Heaven, Chorale @{PC#}. @{OTL@@DE} (@{SCT})",,,,,F major,4/4,100,4,Voice | Voice | Voice | Voice,13,190,Score,False,False,WARNING,no_bwv,
data/raw/bulk_xml/bach-chorales-370/kern/chor266.krn,chor266.krn,.krn,2602,7031e5228b94d161286faf8cea00d01a98b001a028ffabfde621061d74db7465,"Bach, Johann Sebastian","Herr Jesu Christ, du h&ouml;chstes Gut, Chorale @{PC#}. @{OTL@@DE} (@{SCT})",,,,,B- major,4/4,100,4,Voice | Voice | Voice | Voice,13,202,Score,False,False,WARNING,no_bwv,
data/raw/bulk_xml/bach-chorales-370/kern/chor276.krn,chor276.krn,.krn,2387,63293f0a626b40f171fe40e4db340ddf93a8f169e75b116af5b2fd912fd8f1da,"Bach, Johann Sebastian","Lobt Gott, ihr Christen allzugleich, Chorale @{PC#}. @{OTL@@DE} (@{SCT})",,,,,G major,4/4,100,4,Voice | Voice | Voice | Voice,11,188,Score,False,False,WARNING,no_bwv,
data/raw/bulk_xml/bach-chorales-370/kern/chor299.krn,chor299.krn,.krn,2955,9dc29ef754489c8e6c6ec3d51168853a28c903503335a10410fe18c31a56f40b,"Bach, Johann Sebastian","Meinen Jesum la&szlig; ich nicht, weil, Chorale @{PC#}. @{OTL@@DE} (@{SCT})",,,,,E- major,4/4,100,4,Voice | Voice | Voice | Voice,13,259,Score,False,False,WARNING,no_bwv,
data/raw/bulk_xml/bach-chorales-370/kern/chor272.krn,chor272.krn,.krn,3198,7b79a5da99c67e0494e5bfb358f5af0933e5bc4c264555605126f3c4e9e315fc,"Bach, Johann Sebastian","Ich dank' dir, lieber Herre, Chorale @{PC#}. @{OTL@@DE} (@{SCT})",,,,,B- major,4/4,100,4,Voice | Voice | Voice | Voice,19,282,Score,False,False,WARNING,no_bwv,
data/raw/bulk_xml/bach-chorales-370/kern/chor058.krn,chor058.krn,.krn,3598,0db6fe7807a524a297e253a4aed7f0a199efa4cb2cc7a91ecffa06fef7013d91,"Bach, Johann Sebastian","Herzlich lieb hab ich dich, o Herr, Chorale @{PC#}. @{OTL@@DE} (@{SCT})",,,,,D major,4/4,100,4,Voice | Voice | Voice | Voice,21,371,Score,False,False,WARNING,no_bwv,
data/raw/bulk_xml/bach-chorales-370/kern/chor070.krn,chor070.krn,.krn,3591,a61449b9a1389683de1ec279b3771941b3479ab037aa2a9660322fd48569333b,"Bach, Johann Sebastian","Gott sei gelobet und gebenedeiet, Chorale @{PC#}. @{OTL@@DE} (@{SCT})",,,,,C major,4/4,100,4,Voice | Voice | Voice | Voice,22,355,Score,False,False,WARNING,no_bwv,
data/raw/bulk_xml/bach-chorales-370/kern/chor064.krn,chor064.krn,.krn,2784,692176628640e604e53d651852026c73abaa2b81032240726304d9362e51a96d,"Bach, Johann Sebastian","Freu dich sehr, o meine Seele, Chorale @{PC#}. @{OTL@@DE} (@{SCT})",,,,,G major,4/4,100,4,Voice | Voice | Voice | Voice,13,227,Score,False,False,WARNING,no_bwv,
data/raw/bulk_xml/bach-chorales-370/kern/chor110.krn,chor110.krn,.krn,2557,734b721b137269a99d38bd95c60bc9318975887d07f208939dc848a859a16f11,"Bach, Johann Sebastian","Vater unser im Himmelreich, Chorale @{PC#}. @{OTL@@DE} (@{SCT})",,,,,B- major,4/4,100,4,Voice | Voice | Voice | Voice,13,228,Score,False,False,WARNING,no_bwv,
data/raw/bulk_xml/bach-chorales-370/kern/chor104.krn,chor104.krn,.krn,2459,28d5bea0da182e30582b40ad5c3b7041708e4725905a9cad7a60ca24b4847df8,"Bach, Johann Sebastian","Wer nur den lieben Gott l&auml;&szlig;t walten, Chorale @{PC#}. @{OTL@@DE} (@{SCT})",,,,,D major,4/4,100,4,Voice | Voice | Voice | Voice,11,165,Score,False,False,WARNING,no_bwv,
data/raw/bulk_xml/bach-chorales-370/kern/chor138.krn,chor138.krn,.krn,2526,8b0316ed726c3967e7ae89a141c98aa7efe8c333c865575b87f0f8f686b3a9a1,"Bach, Johann Sebastian","Jesu, meine Freude, Chorale @{PC#}. @{OTL@@DE} (@{SCT})",,,,,G major,4/4,100,4,Voice | Voice | Voice | Voice,13,188,Score,False,False,WARNING,no_bwv,
data/raw/bulk_xml/bach-chorales-370/kern/chor312.krn,chor312.krn,.krn,2860,c4efa9295e7f08fcfd6ef698a3b208a3a88ebc18402d91e06294af31db84ccc4,"Bach, Johann Sebastian","O Gott, du frommer Gott, Chorale @{PC#}. @{OTL@@DE} (@{SCT})",,,,,D major,4/4,100,4,Voice | Voice | Voice | Voice,17,279,Score,False,False,WARNING,no_bwv,
data/raw/bulk_xml/bach-chorales-370/kern/chor313.krn,chor313.krn,.krn,2769,8fc070727e062cbbf57dcd21ad7d4cae1facf094179b9a784e90fb6d55b7e656,"Bach, Johann Sebastian","Allein Gott in der H&ouml;h sei Ehr, Chorale @{PC#}. @{OTL@@DE} (@{SCT})",,,,,G major,4/4,100,4,Voice | Voice | Voice | Voice,12,210,Score,False,False,WARNING,no_bwv,
data/raw/bulk_xml/bach-chorales-370/kern/chor306.krn,chor306.krn,.krn,3729,51185b626b3df4c43dae9b6cb3e8a1b5676ced1e16b8185e89b3d8a3525b7d8d,"Bach, Johann Sebastian","O Mensch, bewein dein' S&uuml;nde gro&szlig;, Chorale @{PC#}. @{OTL@@DE} (@{SCT})",,,,,E- major,4/4,100,4,Voice | Voice | Voice | Voice,20,359,Score,False,False,WARNING,no_bwv,
data/raw/bulk_xml/bach-chorales-370/kern/chor105.krn,chor105.krn,.krn,2410,bdad2fe9463e6a819acbbb0446fdb7c9fca1f74acf8979b75c0b9ac2f43f627b,"Bach, Johann Sebastian","Herzliebester Jesu, was hast du verbrochen, Chorale @{PC#}. @{OTL@@DE} (@{SCT})",,,,,D major,4/4,100,4,Voice | Voice | Voice | Voice,12,187,Score,False,False,WARNING,no_bwv,
data/raw/bulk_xml/bach-chorales-370/kern/chor111.krn,chor111.krn,.krn,2589,4db5b7d631fd1f7315e7417a0f28461794746b6fd45f6878f5236c10e6107d94,"Bach, Johann Sebastian","Herzliebester Jesu, was hast du verbrochen, Chorale @{PC#}. @{OTL@@DE} (@{SCT})",,,,,C major,4/4,100,4,Voice | Voice | Voice | Voice,12,218,Score,False,False,WARNING,no_bwv,
data/raw/bulk_xml/bach-chorales-370/kern/chor139.krn,chor139.krn,.krn,2471,5316c13b5b279ca84b8df68f98123c0fd0ff12847ac09ddb5cc9db0adc4263e9,"Bach, Johann Sebastian","Warum sollt ich mich denn gr&auml;men, Chorale @{PC#}. @{OTL@@DE} (@{SCT})",,,,,G major,4/4,100,4,Voice | Voice | Voice | Voice,13,210,Score,False,False,WARNING,no_bwv,
data/raw/bulk_xml/bach-chorales-370/kern/chor065.krn,chor065.krn,.krn,2528,6069bfa9657b6a9d443769e15eeca56650880cf7f85c256521a13c97bda09f61,"Bach, Johann Sebastian","Was Gott tut, das ist wohlgetan, Chorale @{PC#}. @{OTL@@DE} (@{SCT})",,,,,G major,4/4,100,4,Voice | Voice | Voice | Voice,12,193,Score,False,False,WARNING,no_bwv,
data/raw/bulk_xml/bach-chorales-370/kern/chor307.krn,chor307.krn,.krn,3253,95fee5a39504edc57290eaa147b87d47d0b92af08b0139960ee86d2321291cfa,"Bach, Johann Sebastian","Christus, der uns selig macht, Chorale @{PC#}. @{OTL@@DE} (@{SCT})",,,,,C major,4/4,100,4,Voice | Voice | Voice | Voice,17,322,Score,False,False,WARNING,no_bwv,
data/raw/bulk_xml/bach-chorales-370/kern/chor059.krn,chor059.krn,.krn,2413,9cb0bf1d34c54d0bbcb79a9294074f54a2d1aff1e2e2c87b6d3176cd30c2f08b,"Bach, Johann Sebastian","Herzliebster Jesu, was hast du verbrochen, Chorale @{PC#}. @{OTL@@DE} (@{SCT})",,,,,B- major,4/4,100,4,Voice | Voice | Voice | Voice,12,190,Score,False,False,WARNING,no_bwv,
data/raw/bulk_xml/bach-chorales-370/kern/chor071.krn,chor071.krn,.krn,3033,98a625682f6afcd795946346a1a4025cacbaaf2a007c8be96743f334f303b981,"Bach, Johann Sebastian","Ich ruf zu dir, Herr Jesu Christ, Chorale @{PC#}. @{OTL@@DE} (@{SCT})",,,,,G major,4/4,100,4,Voice | Voice | Voice | Voice,15,267,Score,False,False,WARNING,no_bwv,
data/raw/bulk_xml/bach-chorales-370/kern/chor267.krn,chor267.krn,.krn,2600,902b337569683e61bfd8e148c088ac5c48fbfbc6ac953c1f87ae97afdf55246b,"Bach, Johann Sebastian","Vater unser im Himmelreich, Chorale @{PC#}. @{OTL@@DE} (@{SCT})",,,,,F major,4/4,100,4,Voice | Voice | Voice | Voice,13,234,Score,False,False,WARNING,no_bwv,
data/raw/bulk_xml/bach-chorales-370/kern/chor298.krn,chor298.krn,.krn,2752,c3d785a4d91593859c6a846e306a14e05ec11de37ec67ec75478dad3f6034b24,"Bach, Johann Sebastian","Weg, mein Herz, mit den Gedanken, Chorale @{PC#}. @{OTL@@DE} (@{SCT})",,,,,C major,3/4,100,4,Voice | Voice | Voice | Voice,27,210,Score,False,False,WARNING,no_bwv,
data/raw/bulk_xml/bach-chorales-370/kern/chor273.krn,chor273.krn,.krn,2865,f20bc108398b91b0b248b3a6d219547be1ab7ce26538b8931836791f5f926977,"Bach, Johann Sebastian","Ein feste Burg ist unser Gott, Chorale @{PC#}. @{OTL@@DE} (@{SCT})",,,,,D major,4/4,100,4,Voice | Voice | Voice | Voice,14,247,Score,False,False,WARNING,no_bwv,
data/raw/bulk_xml/bach-chorales-370/kern/chor271.krn,chor271.krn,.krn,2916,5145f827ecbcdba2c2a8cea028d4fbf9802972a8520ce9e020cb5309e9475379,"Bach, Johann Sebastian","Gib dich zufrieden und sei stille, Chorale @{PC#}. @{OTL@@DE} (@{SCT})",,,,,G major,4/4,100,4,Voice | Voice | Voice | Voice,14,262,Score,False,False,WARNING,no_bwv,
data/raw/bulk_xml/bach-chorales-370/kern/chor265.krn,chor265.krn,.krn,3003,d7ab3654c1ebe20ddb5b325ec32afa648c93324d6d9f18b2d451f6e981dc2d72,"Bach, Johann Sebastian","Was mein Gott will, das g'schen allzeit, Chorale @{PC#}. @{OTL@@DE} (@{SCT})",,,,,D major,4/4,100,4,Voice | Voice | Voice | Voice,17,257,Score,False,False,WARNING,no_bwv,
data/raw/bulk_xml/bach-chorales-370/kern/chor067.krn,chor067.krn,.krn,2656,80f5368ca7af2e68a29c7aa5c2be1fa7f94dc446eef62f04ef9610a876314dc5,"Bach, Johann Sebastian","Freu dich sehr, o meine Seele, Chorale @{PC#}. @{OTL@@DE} (@{SCT})",,,,,G major,4/4,100,4,Voice | Voice | Voice | Voice,13,218,Score,False,False,WARNING,no_bwv,
data/raw/bulk_xml/bach-chorales-370/kern/chor073.krn,chor073.krn,.krn,2641,91c2fd253035db33c00ba3cfae9f8db9e6bea265311c4cfa79d1b889dab8f074,"Bach, Johann Sebastian","Herr Jesu Christ, ich schrei zu dir, Chorale @{PC#}. @{OTL@@DE} (@{SCT})",,,,,B- major,4/4,100,4,Voice | Voice | Voice | Voice,13,209,Score,False,False,WARNING,no_bwv,
data/raw/bulk_xml/bach-chorales-370/kern/chor098.krn,chor098.krn,.krn,2588,a2a376653ac5c516abc0be70a4dc9b92f601d1af64e0ba37ec19efb40233e9e3,"Bach, Johann Sebastian","O Haupt voll Blut und Wunden, Chorale @{PC#}. @{OTL@@DE} (@{SCT})",,,,,D major,4/4,100,4,Voice | Voice | Voice | Voice,14,194,Score,False,False,WARNING,no_bwv,
data/raw/bulk_xml/bach-chorales-370/kern/chor259.krn,chor259.krn,.krn,4235,98edeca3091beb9e54808649a8f59e37af53340be407b7af8f09e609e96a6e63,"Bach, Johann Sebastian","Verleih uns Frieden gn&auml;diglich, Chorale @{PC#}. @{OTL@@DE} (@{SCT})",,,,,A major,4/4,100,4,Voice | Voice | Voice | Voice,28,473,Score,False,False,WARNING,no_bwv,
data/raw/bulk_xml/bach-chorales-370/kern/chor113.krn,chor113.krn,.krn,2820,84abac079dd0defac583e1ee1b62134a69aeb862e2ed46e6dfeffb4b24a90285,"Bach, Johann Sebastian","Christus, der uns selig macht, Chorale @{PC#}. @{OTL@@DE} (@{SCT})",,,,,E- major,4/4,100,4,Voice | Voice | Voice | Voice,17,250,Score,False,False,WARNING,no_bwv,
data/raw/bulk_xml/bach-chorales-370/kern/chor339.krn,chor339.krn,.krn,2582,a8487717252ead99f4871a6a76c6ea60a1b513d36f5f45d1911d133d68842c1a,"Bach, Johann Sebastian","Wer nur den lieben Gott la&szlig;t walten, Chorale @{PC#}. @{OTL@@DE} (@{SCT})",,,,,C major,4/4,100,4,Voice | Voice | Voice | Voice,11,179,Score,False,False,WARNING,no_bwv,
data/raw/bulk_xml/bach-chorales-370/kern/chor311.krn,chor311.krn,.krn,2652,5cab1d179efc6d6618459d55f08ac2f2fade12dac3d50b3df775cfd7ba8d2b8d,"Bach, Johann Sebastian","Dank sei Gott in der H&ouml;he, Chorale @{PC#}. @{OTL@@DE} (@{SCT})",,,,,F major,4/4,100,4,Voice | Voice | Voice | Voice,14,202,Score,False,False,WARNING,no_bwv,
data/raw/bulk_xml/bach-chorales-370/kern/chor107.krn,chor107.krn,.krn,3645,8fe288a02519dd22f86ccc183c8c0ccb4a6660e39be66f9d4ac4c23a97641cd0,"Bach, Johann Sebastian","Herzlich lieb hab ich dich, o Herr, Chorale @{PC#}. @{OTL@@DE} (@{SCT})",,,,,E- major,4/4,100,4,Voice | Voice | Voice | Voice,23,372,Score,False,False,WARNING,no_bwv,
data/raw/bulk_xml/bach-chorales-370/kern/chor310.krn,chor310.krn,.krn,2425,dedc28e193baeaad650bf5c35a55f1e63e140701e4d6120cfca240fe4a815dc3,"Bach, Johann Sebastian","Mach's mit mir, Gott, nach deiner G&uuml;t, Chorale @{PC#}. @{OTL@@DE} (@{SCT})",,,,,E major,4/4,100,4,Voice | Voice | Voice | Voice,10,156,Score,False,False,WARNING,no_bwv,
data/raw/bulk_xml/bach-chorales-370/kern/chor304.krn,chor304.krn,.krn,2448,93335820da23f8a8aae1cd9accfc319bb98348e2cd81d7d4127872b4acce6632,"Bach, Johann Sebastian","Auf meinen lieben Gott, Chorale @{PC#}. @{OTL@@DE} (@{SCT})",,,,,B- major,4/4,100,4,Voice | Voice | Voice | Voice,13,198,Score,False,False,WARNING,no_bwv,
data/raw/bulk_xml/bach-chorales-370/kern/chor305.krn,chor305.krn,.krn,2882,e38719074cbbcb589f01a134701b7de06cba8307ce189e3cca102df82ee9266d,"Bach, Johann Sebastian","Wie sch&ouml;n leuchtet der Morgenstern, Chorale @{PC#}. @{OTL@@DE} (@{SCT})",,,,,D major,4/4,100,4,Voice | Voice | Voice | Voice,15,237,Score,False,False,WARNING,no_bwv,
data/raw/bulk_xml/bach-chorales-370/kern/chor338.krn,chor338.krn,.krn,2300,785803e873c2a44d6490603d8442145c1b7e8f0cc64be6b3de3794e57e3009a7,"Bach, Johann Sebastian","Jesus, meine Zuversicht, Chorale @{PC#}. @{OTL@@DE} (@{SCT})",,,,,D major,4/4,100,4,Voice | Voice | Voice | Voice,8,139,Score,False,False,WARNING,no_bwv,
data/raw/bulk_xml/bach-chorales-370/kern/chor112.krn,chor112.krn,.krn,2275,d8f124e2b216ec831337984ce95eab3c2484f5b14dfecb644c8c1646ab59af58,"Bach, Johann Sebastian","Wer nur den lieben Gott l&auml;&szlig;t walten, Chorale @{PC#}. @{OTL@@DE} (@{SCT})",,,,,D major,4/4,100,4,Voice | Voice | Voice | Voice,11,149,Score,False,False,WARNING,no_bwv,
data/raw/bulk_xml/bach-chorales-370/kern/chor106.krn,chor106.krn,.krn,2621,6db57a1c2524b61e634428e20d79e77c25a890770c4fe7dd11955c183b5c8be1,"Bach, Johann Sebastian","Jesu Leiden, Pein und Tod, Chorale @{PC#}. @{OTL@@DE} (@{SCT})",,,,,A major,4/4,100,4,Voice | Voice | Voice | Voice,16,235,Score,False,False,WARNING,no_bwv,
data/raw/bulk_xml/bach-chorales-370/kern/chor099.krn,chor099.krn,.krn,2564,4b6c2222854f6cbca08a181d879194219c3caa3aae0fc990cbf3081aafd52884,"Bach, Johann Sebastian","Helft mir Gotts G&uuml;te preisen, Chorale @{PC#}. @{OTL@@DE} (@{SCT})",,,,,C major,4/4,100,4,Voice | Voice | Voice | Voice,14,195,Score,False,False,WARNING,no_bwv,
data/raw/bulk_xml/bach-chorales-370/kern/chor072.krn,chor072.krn,.krn,2245,d0c7336bb85d5c363553cb0bb90954d169b2f6b1001f22b89215c4316e3b9750,"Bach, Johann Sebastian","Erhalt uns, Herr, bei deinem Wort, Chorale @{PC#}. @{OTL@@DE} (@{SCT})",,,,,B- major,4/4,100,4,Voice | Voice | Voice | Voice,9,164,Score,False,False,WARNING,no_bwv,
data/raw/bulk_xml/bach-chorales-370/kern/chor270.krn,chor270.krn,.krn,2739,673ca828b473c04a2fa3b851398088fa035ccc971129bd72281a280dcd65727b,"Bach, Johann Sebastian","Befiehl du deine Wege, Chorale @{PC#}. @{OTL@@DE} (@{SCT})",,,,,C major,4/4,100,4,Voice | Voice | Voice | Voice,14,219,Score,False,False,WARNING,no_bwv,
data/raw/bulk_xml/bach-chorales-370/kern/chor264.krn,chor264.krn,.krn,2633,07df852f1107b6120f62c661cd51c63024e805b123158658b65eebc3c9e6a524,"Bach, Johann Sebastian","Jesu meines Herzens Freud, Chorale @{PC#}. @{OTL@@DE} (@{SCT})",,,,,B- major,4/4,100,4,Voice | Voice | Voice | Voice,13,221,Score,False,False,WARNING,no_bwv,
data/raw/bulk_xml/bach-chorales-370/kern/chor066.krn,chor066.krn,.krn,3005,52a8838e67518563bfd08f074c2aba4c954b475e3b26d944b270e28e30f0f44e,"Bach, Johann Sebastian","Christ, unser Herr zum Jordan kam, Chorale @{PC#}. @{OTL@@DE} (@{SCT})",,,,,C major,4/4,100,4,Voice | Voice | Voice | Voice,16,279,Score,False,False,WARNING,no_bwv,
data/raw/bulk_xml/bach-chorales-370/kern/chor258.krn,chor258.krn,.krn,2983,2d84f2a95fd4edbef46234e66098f156a7de662c83c40adcbe1022aa0933babb,"Bach, Johann Sebastian","Mein' Augen schlie&szlig; ich jetzt, Chorale @{PC#}. @{OTL@@DE} (@{SCT})",,,,,G major,4/4,100,4,Voice | Voice | Voice | Voice,17,280,Score,False,False,WARNING,no_bwv,
data/raw/bulk_xml/bach-chorales-370/kern/chor255.krn,chor255.krn,.krn,2782,4691a90190802b1f48f56b720add4393e1d220523514d881ab3c10a75d1d420f,"Bach, Johann Sebastian","Was frag ich nach der Welt, Chorale @{PC#}. @{OTL@@DE} (@{SCT})",,,,,D major,4/4,100,4,Voice | Voice | Voice | Voice,17,252,Score,False,False,WARNING,no_bwv,
data/raw/bulk_xml/bach-chorales-370/kern/chor269.krn,chor269.krn,.krn,2803,9f3cc0d62b346488308c3f5e0881d215c7b39727e33cadef66457024c172b170,"Bach, Johann Sebastian","Jesu, der du meine Seele, Chorale @{PC#}. @{OTL@@DE} (@{SCT})",,,,,B- major,4/4,100,4,Voice | Voice | Voice | Voice,14,235,Score,False,False,WARNING,no_bwv,
data/raw/bulk_xml/bach-chorales-370/kern/chor282.krn,chor282.krn,.krn,2709,d4615b6993e05357ad371e592fb554726e5a5fd1f62706d993b2ff4386462214,"Bach, Johann Sebastian","Freu dich sehr, o meine Seele, Chorale @{PC#}. @{OTL@@DE} (@{SCT})",,,,,C major,4/4,100,4,Voice | Voice | Voice | Voice,13,217,Score,False,False,WARNING,no_bwv,
data/raw/bulk_xml/bach-chorales-370/kern/chor057.krn,chor057.krn,.krn,2083,98e6283fc489ee063a96918e5a89df82151b9baf72720430a555e157f7922a47,"Bach, Johann Sebastian","O Traurigkeit, o Herzeleid, Chorale @{PC#}. @{OTL@@DE} (@{SCT})",,,,,C major,4/4,100,4,Voice | Voice | Voice | Voice,9,139,Score,False,False,WARNING,no_bwv,
data/raw/bulk_xml/bach-chorales-370/kern/chor241.krn,chor241.krn,.krn,4689,3d7aae5a6bcb20163930ec4b3d022e4520f47291d6836ef84f97e2157cb227a9,"Bach, Johann Sebastian","Was willst du dich, o meine Seele, Chorale @{PC#}. @{OTL@@DE} (@{SCT})",,,,,C major,4/4,100,4,Voice | Voice | Voice | Voice,26,563,Score,False,False,WARNING,no_bwv,
data/raw/bulk_xml/bach-chorales-370/kern/chor043.krn,chor043.krn,.krn,3093,7752767197b09301b683b382f75b8663bc9f76850cce444792b3721240b11a39,"Bach, Johann Sebastian","Liebester Gott, wann werd ich sterben, Chorale @{PC#}. @{OTL@@DE} (@{SCT})",,,,,E major,4/4,100,4,Voice | Voice | Voice | Voice,15,256,Score,False,False,WARNING,no_bwv,
data/raw/bulk_xml/bach-chorales-370/kern/chor080.krn,chor080.krn,.krn,2582,4a89cafa6c21c8868053ba9bc02deae5c7c7b97c3427713c8c7b56daf9dcaaf0,"Bach, Johann Sebastian","O Haupt voll Blut und Wunden, Chorale @{PC#}. @{OTL@@DE} (@{SCT})",,,,,D major,4/4,100,4,Voice | Voice | Voice | Voice,14,195,Score,False,False,WARNING,no_bwv,
data/raw/bulk_xml/bach-chorales-370/kern/chor094.krn,chor094.krn,.krn,2310,53147f1c50f5327e83814cfcd621e08e9a280e547e637aa00f8c551e7443be4d,"Bach, Johann Sebastian","Warum betr&uuml;bst du dich, mein Herz, Chorale @{PC#}. @{OTL@@DE} (@{SCT})",,,,,B- major,4/4,100,4,Voice | Voice | Voice | Voice,11,183,Score,False,False,WARNING,no_bwv,
data/raw/bulk_xml/bach-chorales-370/kern/chor296.krn,chor296.krn,.krn,3479,4707631793873e67c1d29c671c05d9921a6a9a772072efa10442d40ffbec02b4,"Bach, Johann Sebastian","Nun lob, mein Seel, den Herren, Chorale @{PC#}. @{OTL@@DE} (@{SCT})",,,,,C major,3/4,100,4,Voice | Voice | Voice | Voice,38,350,Score,False,False,WARNING,no_bwv,
data/raw/bulk_xml/bach-chorales-370/kern/chor123.krn,chor123.krn,.krn,2814,1c3d7eabe982ec4b201bbce84bd8b4853a76ad8f54102c649365a7f29e5d14bd,"Bach, Johann Sebastian","Helft mir Gotts G&uuml;te preisen, Chorale @{PC#}. @{OTL@@DE} (@{SCT})",,,,,C major,4/4,100,4,Voice | Voice | Voice | Voice,14,241,Score,False,False,WARNING,no_bwv,
data/raw/bulk_xml/bach-chorales-370/kern/chor335.krn,chor335.krn,.krn,2690,2d0d5383039ed040a1a0f2a34ca02f649a7e30bc3f2181ee58fe7b7ba2467dfd,"Bach, Johann Sebastian","Es ist das Heil uns kommen her, Chorale @{PC#}. @{OTL@@DE} (@{SCT})",,,,,F major,4/4,100,4,Voice | Voice | Voice | Voice,12,214,Score,False,False,WARNING,no_bwv,
data/raw/bulk_xml/bach-chorales-370/kern/chor137.krn,chor137.krn,.krn,3493,2568b1b35a894b0ad19113f34a380add7e9e31307aee90a96b9baabb8db806ec,"Bach, Johann Sebastian","Wer Gott vertraut, hat wohl gebaut, Chorale @{PC#}. @{OTL@@DE} (@{SCT})",,,,,G major,4/4,100,4,Voice | Voice | Voice | Voice,21,345,Score,False,False,WARNING,no_bwv,
data/raw/bulk_xml/bach-chorales-370/kern/chor308.krn,chor308.krn,.krn,2418,57de01b33096d4b55222954773edee72769caa1baeefdd2ad2fa49e9fb941f83,"Bach, Johann Sebastian","Ach Gott, wie manches Herzeleid, Oh God, how many heart pains, Chorale @{PC#}. @{OTL@@DE} (@{SCT})",,,,,A major,4/4,100,4,Voice | Voice | Voice | Voice,9,167,Score,False,False,WARNING,no_bwv,
data/raw/bulk_xml/bach-chorales-370/kern/chor320.krn,chor320.krn,.krn,1987,45b717a3e6ba571333a50912fc35c19a637786888039663c37a424064d1efcb6,"Bach, Johann Sebastian","Gott sei uns gn&auml;dig und barmherzig, Chorale @{PC#}. @{OTL@@DE} (@{SCT})",,,,,A major,4/4,100,4,Voice | Voice | Voice | Voice,11,102,Score,False,False,WARNING,no_bwv,
data/raw/bulk_xml/bach-chorales-370/kern/chor321.krn,chor321.krn,.krn,2430,dd00b407e3763c410433188751bba4dfb14e1e04244f2a6fbbd0274e2aee8982,"Bach, Johann Sebastian","Wir Christenleut, Chorale @{PC#}. @{OTL@@DE} (@{SCT})",,,,,B- major,4/4,100,4,Voice | Voice | Voice | Voice,12,204,Score,False,False,WARNING,no_bwv,
data/raw/bulk_xml/bach-chorales-370/kern/chor309.krn,chor309.krn,.krn,3610,24da64f12d0659971acca6c00600f90c76a3290986d752a43264f89a5bcc6349,"Bach, Johann Sebastian","Ein L&auml;mmelein geht und tr&auml;gt die Schuld, Chorale @{PC#}. @{OTL@@DE} (@{SCT})",,,,,A- major,4/4,100,4,Voice | Voice | Voice | Voice,19,333,Score,False,False,WARNING,no_bwv,
data/raw/bulk_xml/bach-chorales-370/kern/chor136.krn,chor136.krn,.krn,2195,ca2d34faff27459a6fb4e2d1f36149d7380188cd068722f8100e480d5625500d,"Bach, Johann Sebastian","Herr Jesu Christ, dich zu uns wend, Chorale @{PC#}. @{OTL@@DE} (@{SCT})",,,,,G major,4/4,100,4,Voice | Voice | Voice | Voice,9,156,Score,False,False,WARNING,no_bwv,
data/raw/bulk_xml/bach-chorales-370/kern/chor334.krn,chor334.krn,.krn,2147,1c4f8d3700b77212760c0e3b49b5947fd1797b5a0c4a56e221c8a00c8be3d9c1,"Bach, Johann Sebastian","F&uuml;r deinen Thron tret ich hiermit, Chorale @{PC#}. @{OTL@@DE} (@{SCT})",,,,,D major,3/4,100,4,Voice | Voice | Voice | Voice,17,149,Score,False,False,WARNING,no_bwv,
data/raw/bulk_xml/bach-chorales-370/kern/chor122.krn,chor122.krn,.krn,3033,b7c3664bd89efe438764a462cc56a2ffab1a3f2629487f42740a7d27a65a924f,"Bach, Johann Sebastian","Ist Gott mein Schild und Helfersmann, Chorale @{PC#}. @{OTL@@DE} (@{SCT})",,,,,B- major,4/4,100,4,Voice | Voice | Voice | Voice,15,291,Score,False,False,WARNING,no_bwv,
data/raw/bulk_xml/bach-chorales-370/kern/chor042.krn,chor042.krn,.krn,2168,0e881aa8ca0259d12dc49afdb869dded6e3b19f40cc9696cfff5d3198cdc26b5,"Bach, Johann Sebastian","Du Friedef&uuml;rst, Herr Jesu Christ, Chorale @{PC#}. @{OTL@@DE} (@{SCT})",,,,,A major,4/4,100,4,Voice | Voice | Voice | Voice,11,132,Score,False,False,WARNING,no_bwv,
data/raw/bulk_xml/bach-chorales-370/kern/chor095.krn,chor095.krn,.krn,2661,2ae289e5bf1137691612e85b517bb6ca92f7472d0ee0f83cbde028f0dfed90a8,"Bach, Johann Sebastian","Werde munter, mein Gem&uuml;te, Chorale @{PC#}. @{OTL@@DE} (@{SCT})",,,,,B- major,4/4,100,4,Voice | Voice | Voice | Voice,12,209,Score,False,False,WARNING,no_bwv,
data/raw/bulk_xml/bach-chorales-370/kern/chor081.krn,chor081.krn,.krn,2678,8e179479d1ca9b81160e29041acccf5036dccb5421d07d4be9685d757fac75ee,"Bach, Johann Sebastian","Christus, der uns delig macht, Chorale @{PC#}. @{OTL@@DE} (@{SCT})",,,,,C major,4/4,100,4,Voice | Voice | Voice | Voice,17,251,Score,False,False,WARNING,no_bwv,
data/raw/bulk_xml/bach-chorales-370/kern/chor056.krn,chor056.krn,.krn,3048,77adc063e37e8058198939b6effd45eb411f2daa01aebacc8aa667dea53d3459,"Bach, Johann Sebastian","Christum wir sollen loben schon, Chorale @{PC#}. @{OTL@@DE} (@{SCT})",,,,,D major,4/4,100,4,Voice | Voice | Voice | Voice,17,280,Score,False,False,WARNING,no_bwv,
data/raw/bulk_xml/bach-chorales-370/kern/chor240.krn,chor240.krn,.krn,2143,1f6af0de8e4aa360e46c5a8bb6bb63d782153f55001e045fb1725a6de0ed1a36,"Bach, Johann Sebastian","Nun sich der Tag geendet hat, Chorale @{PC#}. @{OTL@@DE} (@{SCT})",,,,,C major,4/4,100,4,Voice | Voice | Voice | Voice,9,139,Score,False,False,WARNING,no_bwv,
data/raw/bulk_xml/bach-chorales-370/kern/chor283.krn,chor283.krn,.krn,3314,44f1db481bb74c53e8a1e9c25dbb4f4a62c1cdc7b2d0625e30ddac3f9a82eadd,"Bach, Johann Sebastian","Jesu, meine Freude, Chorale @{PC#}. @{OTL@@DE} (@{SCT})",,,,,G major,4/4,100,4,Voice | Voice | Voice | Voice,13,308,Score,False,False,WARNING,no_bwv,
data/raw/bulk_xml/bach-chorales-370/kern/chor297.krn,chor297.krn,.krn,2906,4ca16428510fa4611fe283f5fab3cc34512597a0c2737cb02ef264e3bd1d24c2,"Bach, Johann Sebastian","Jesu, der du meine Seele, Chorale @{PC#}. @{OTL@@DE} (@{SCT})",,,,,B- major,4/4,100,4,Voice | Voice | Voice | Voice,16,282,Score,False,False,WARNING,no_bwv,
data/raw/bulk_xml/bach-chorales-370/kern/chor254.krn,chor254.krn,.krn,2714,bf5e23640ad2adaec9cce53c63e9e3d05316baf83586eedfc1f034685bfe2b2a,"Bach, Johann Sebastian","Weg, mein Herz, mit den Gedanken, Chorale @{PC#}. @{OTL@@DE} (@{SCT})",,,,,C major,4/4,100,4,Voice | Voice | Voice | Voice,13,217,Score,False,False,WARNING,no_bwv,
data/raw/bulk_xml/bach-chorales-370/kern/chor256.krn,chor256.krn,.krn,2843,77836af8f93f5ef9e8e38e32a464f7f7c6a2a72df34080689b0242ec796f06cb,"Bach, Johann Sebastian","Jesu, deine tiefen Wunden, Chorale @{PC#}. @{OTL@@DE} (@{SCT})",,,,,B- major,4/4,100,4,Voice | Voice | Voice | Voice,13,225,Score,False,False,WARNING,no_bwv,
data/raw/bulk_xml/bach-chorales-370/kern/chor242.krn,chor242.krn,.krn,2623,93f67a7e0d36089d608847ceb7cb839477dd392f7bc1e61655897044c079f06c,"Bach, Johann Sebastian","Wie bist du, Seele, in mir so gar betr&uuml;bt, Chorale @{PC#}. @{OTL@@DE} (@{SCT})",,,,,G major,4/4,100,4,Voice | Voice | Voice | Voice,12,222,Score,False,False,WARNING,no_bwv,
data/raw/bulk_xml/bach-chorales-370/kern/chor295.krn,chor295.krn,.krn,2210,ed13b25d117576d6611502fdeb0ffd55256b6a8487df2c1c961750ba96c4f009,"Bach, Johann Sebastian","Herr Jesu Christ, mein's Lebens Licht, Chorale @{PC#}. @{OTL@@DE} (@{SCT})",,,,,G major,4/4,100,4,Voice | Voice | Voice | Voice,9,156,Score,False,False,WARNING,no_bwv,
data/raw/bulk_xml/bach-chorales-370/kern/chor268.krn,chor268.krn,.krn,3530,85fa6f220edb44f30682af36455cbfca73dcadc994fc0344098b4c013064105a,"Bach, Johann Sebastian","Nun lob, mein Seel, den Herren, Chorale @{PC#}. @{OTL@@DE} (@{SCT})",,,,,C major,4/4,100,4,Voice | Voice | Voice | Voice,21,370,Score,False,False,WARNING,no_bwv,
data/raw/bulk_xml/bach-chorales-370/kern/chor040.krn,chor040.krn,.krn,1841,81d4d0b11b918cd65449817794f8f4357d3c2ebbe8659edc09cff7f45eac69a8,"Bach, Johann Sebastian","Ach Gott und Herr, Chorale @{PC#}. @{OTL@@DE} (@{SCT})",,,,,C major,4/4,100,4,Voice | Voice | Voice | Voice,9,142,Score,False,False,WARNING,no_bwv,
data/raw/bulk_xml/bach-chorales-370/kern/chor281.krn,chor281.krn,.krn,2391,d011b5ff1da4800e3b50c1f9b32b4357305d716aceaadb65d8ababf244b6ec49,"Bach, Johann Sebastian","Wo soll ich fliehen hin, Chorale @{PC#}. @{OTL@@DE} (@{SCT})",,,,,B- major,4/4,100,4,Voice | Voice | Voice | Voice,13,193,Score,False,False,WARNING,no_bwv,
data/raw/bulk_xml/bach-chorales-370/kern/chor054.krn,chor054.krn,.krn,2215,ee7c30eab0899cf3b90986ba59fd67968667a349fe597135cdc58e415a70b5a1,"Bach, Johann Sebastian","Lobt Gott, ihr Christen allzugleich, Chorale @{PC#}. @{OTL@@DE} (@{SCT})",,,,,G major,4/4,100,4,Voice | Voice | Voice | Voice,11,173,Score,False,False,WARNING,no_bwv,
data/raw/bulk_xml/bach-chorales-370/kern/chor068.krn,chor068.krn,.krn,2446,149665a3ec4c945ea528c0c7eb4b18697cf7f864d6014dd4c4013e8b10901ae4,"Bach, Johann Sebastian","Wenn wir in h&ouml;chsten N&ouml;ten sein, Chorale @{PC#}. @{OTL@@DE} (@{SCT})",,,,,F major,4/4,100,4,Voice | Voice | Voice | Voice,10,186,Score,False,False,WARNING,no_bwv,
data/raw/bulk_xml/bach-chorales-370/kern/chor097.krn,chor097.krn,.krn,2874,c079f99918bc2d3c99b855814ffc2ed0b2cd8ed34b41f2ddd2eb522d457e62e2,"Bach, Johann Sebastian","Nun bitten wir den heiligen Geist, Chorale @{PC#}. @{OTL@@DE} (@{SCT})",,,,,A major,4/4,100,4,Voice | Voice | Voice | Voice,16,252,Score,False,False,WARNING,no_bwv,
data/raw/bulk_xml/bach-chorales-370/kern/chor120.krn,chor120.krn,.krn,2905,ea71696e2a7f2aba86e361941a29ef597462ad573046d50c3610f8d234b0b72e,"Bach, Johann Sebastian","Was mein Gott will, das g'scheh allzeit, Chorale @{PC#}. @{OTL@@DE} (@{SCT})",,,,,D major,4/4,100,4,Voice | Voice | Voice | Voice,14,247,Score,False,False,WARNING,no_bwv,
data/raw/bulk_xml/bach-chorales-370/kern/chor083.krn,chor083.krn,.krn,2809,f075a3449f3911420fe001ebe6bc5faf356fc5ac0b667475ab0bc8e80c251217,"Bach, Johann Sebastian","Jesu Leiden, Pein und Tod, Chorale @{PC#}. @{OTL@@DE} (@{SCT})",,,,,A major,4/4,100,4,Voice | Voice | Voice | Voice,16,256,Score,False,False,WARNING,no_bwv,
data/raw/bulk_xml/bach-chorales-370/kern/chor134.krn,chor134.krn,.krn,2840,dd924240c6fc106b0cdf645d65ce0b5e072f2d87c053ab1a4b08ad0e50bd9b1f,"Bach, Johann Sebastian","Du, o sch&ouml;nes Weltgeb&auml;ude, Chorale @{PC#}. @{OTL@@DE} (@{SCT})",,,,,F major,4/4,100,4,Voice | Voice | Voice | Voice,14,232,Score,False,False,WARNING,no_bwv,
data/raw/bulk_xml/bach-chorales-370/kern/chor108.krn,chor108.krn,.krn,2445,74311a51c1bff9375b41edb0021114e86b42592c795c49a377cc1318402e116e,"Bach, Johann Sebastian","Valet will ich dir geben, Chorale @{PC#}. @{OTL@@DE} (@{SCT})",,,,,E- major,4/4,100,4,Voice | Voice | Voice | Voice,14,173,Score,False,False,WARNING,no_bwv,
data/raw/bulk_xml/bach-chorales-370/kern/chor336.krn,chor336.krn,.krn,2572,fdb9c1790dbba2e5388541fe8f956a88d12f7186bc1765d42e43b58a0f01f46c,"Bach, Johann Sebastian","Wo Gott, der Herr, mich bei uns h&auml;lt, Chorale @{PC#}. @{OTL@@DE} (@{SCT})",,,,,D major,4/4,100,4,Voice | Voice | Voice | Voice,12,191,Score,False,False,WARNING,no_bwv,
data/raw/bulk_xml/bach-chorales-370/kern/chor322.krn,chor322.krn,.krn,2882,cb6a3bebd077b4e2c05d5982b1ba85d43807fad32b123cde3f4791aa5e480bdc,"Bach, Johann Sebastian","Wenn mein St&uuml;ndlein vorhanden ist, Chorale @{PC#}. @{OTL@@DE} (@{SCT})",,,,,G major,4/4,100,4,Voice | Voice | Voice | Voice,16,281,Score,False,False,WARNING,no_bwv,
data/raw/bulk_xml/bach-chorales-370/kern/chor337.krn,chor337.krn,.krn,2990,349b8e6f2a11b2fda251a4fc6b3a90983813b3a9027df3abd5c57c3bc647eb40,"Bach, Johann Sebastian","O Gott, du frommer Gott, Chorale @{PC#}. @{OTL@@DE} (@{SCT})",,,,,F major,4/4,100,4,Voice | Voice | Voice | Voice,14,278,Score,False,False,WARNING,no_bwv,
data/raw/bulk_xml/bach-chorales-370/kern/chor323.krn,chor323.krn,.krn,2888,6c4c922716909c19aa18229489bcaf49f60e6b8777b9af59938985b5387d3cfc,"Bach, Johann Sebastian","Wie sch&ouml;n leuchtet der Morgenstern, Chorale @{PC#}. @{OTL@@DE} (@{SCT})",,,,,F major,4/4,100,4,Voice | Voice | Voice | Voice,16,254,Score,False,False,WARNING,no_bwv,
data/raw/bulk_xml/bach-chorales-370/kern/chor121.krn,chor121.krn,.krn,3206,a38e9dbe34a8c3539a3f3b9d7938b991a593f26fed5e00756194c647ae761250,"Bach, Johann Sebastian","Werde munter, mein Gem&uuml;te, Chorale @{PC#}. @{OTL@@DE} (@{SCT})",,,,,A major,4/4,100,4,Voice | Voice | Voice | Voice,16,310,Score,False,False,WARNING,no_bwv,
data/raw/bulk_xml/bach-chorales-370/kern/chor135.krn,chor135.krn,.krn,3240,173ec31891670380f7713424f6b9449dc6b259b2213830aee1d99a569004510d,"Bach, Johann Sebastian","Gott der Vater wohn uns bei, Chorale @{PC#}. @{OTL@@DE} (@{SCT})",,,,,D major,4/4,100,4,Voice | Voice | Voice | Voice,16,296,Score,False,False,WARNING,no_bwv,
data/raw/bulk_xml/bach-chorales-370/kern/chor082.krn,chor082.krn,.krn,2703,81a2421bf931fe254c88abd99ada3e69a25ce40c559d003280dfdae43fc043fd,"Bach, Johann Sebastian","O gro&szlig;er Gott von Macht, Chorale @{PC#}. @{OTL@@DE} (@{SCT})",,,,,F major,4/4,100,4,Voice | Voice | Voice | Voice,19,266,Score,False,False,WARNING,no_bwv,
data/raw/bulk_xml/bach-chorales-370/kern/chor096.krn,chor096.krn,.krn,2749,12d5ab3ec00558f357b0e2a3ee5b7e47be8922bf0ba9bb62c999b397a7d2f0a9,"Bach, Johann Sebastian","Jesu, meine Freude, Chorale @{PC#}. @{OTL@@DE} (@{SCT})",,,,,F major,4/4,100,4,Voice | Voice | Voice | Voice,13,218,Score,False,False,WARNING,no_bwv,
data/raw/bulk_xml/bach-chorales-370/kern/chor109.krn,chor109.krn,.krn,3100,9da70bb9ca26e75420a012799e351951f9205e9e156763cf5c43d06f67577bb9,"Bach, Johann Sebastian","Singen wir aus Herzensgrund, Chorale @{PC#}. @{OTL@@DE} (@{SCT})",,,,,B- major,3/4,100,4,Voice | Voice | Voice | Voice,28,282,Score,False,False,WARNING,no_bwv,
data/raw/bulk_xml/bach-chorales-370/kern/chor041.krn,chor041.krn,.krn,2853,7e1afd33fff478cd59146e03a70be33a02d8f6915c13d080bf8a856f199f3129,"Bach, Johann Sebastian","Was mein Gott will, das g'scheh allzeit, Chorale @{PC#}. @{OTL@@DE} (@{SCT})",,,,,C major,4/4,100,4,Voice | Voice | Voice | Voice,16,253,Score,False,False,WARNING,no_bwv,
data/raw/bulk_xml/bach-chorales-370/kern/chor055.krn,chor055.krn,.krn,2543,2456431e75cc08757c6978e95675d6bd60003fcf8c41cda8c9d1134716fe84b1,"Bach, Johann Sebastian","Wir Christenleut, Chorale @{PC#}. @{OTL@@DE} (@{SCT})",,,,,D major,4/4,100,4,Voice | Voice | Voice | Voice,12,187,Score,False,False,WARNING,no_bwv,
data/raw/bulk_xml/bach-chorales-370/kern/chor069.krn,chor069.krn,.krn,3923,d99806f5cde51f4b413565c66236291233fe15d2989831e769efaea4d579e3f9,"Bach, Johann Sebastian","Komm, heiliger Geist, Herre Gott, Chorale @{PC#}. @{OTL@@DE} (@{SCT})",,,,,G major,4/4,100,4,Voice | Voice | Voice | Voice,25,454,Score,False,False,WARNING,no_bwv,
data/raw/bulk_xml/bach-chorales-370/kern/chor257.krn,chor257.krn,.krn,2207,b6af78cb8d3fd27eecdd600f873f35b35733a2631349dcaceb7d6130868c1e26,"Bach, Johann Sebastian","Nun la&szlig;t uns Gott, dem Herren, Chorale @{PC#}. @{OTL@@DE} (@{SCT})",,,,,B- major,3/4,100,4,Voice | Voice | Voice | Voice,17,151,Score,False,False,WARNING,no_bwv,
data/raw/bulk_xml/bach-chorales-370/kern/chor294.krn,chor294.krn,.krn,2763,98949c312492b0649002c70205edf7cca7f70a4986c5bcf15f15075e1806a717,"Bach, Johann Sebastian","Herr Jesu Christ, du h&ouml;chstes Gut, Chorale @{PC#}. @{OTL@@DE} (@{SCT})",,,,,D major,4/4,100,4,Voice | Voice | Voice | Voice,13,209,Score,False,False,WARNING,no_bwv,
data/raw/bulk_xml/bach-chorales-370/kern/chor243.krn,chor243.krn,.krn,2855,133d2d88b4f8eca2012acbe7f4dd4c5574928f71cd67b8e210a6559f6882f1f7,"Bach, Johann Sebastian","Jesu, du mein liebstes Leben, Chorale @{PC#}. @{OTL@@DE} (@{SCT})",,,,,B- major,3/4,100,4,Voice | Voice | Voice | Voice,20,227,Score,False,False,WARNING,no_bwv,
data/raw/bulk_xml/bach-chorales-370/kern/chor253.krn,chor253.krn,.krn,3320,aa12abbb306f621b0620f083d50d0245ba42c6a26b5255682cfdfb8d72d33982,"Bach, Johann Sebastian","Ach Gott, vom Himmel seih darein, Oh God, look down from Heaven, Chorale @{PC#}. @{OTL@@DE} (@{SCT})",,,,,B- major,4/4,100,4,Voice | Voice | Voice | Voice,19,268,Score,False,False,WARNING,no_bwv,
data/raw/bulk_xml/bach-chorales-370/kern/chor247.krn,chor247.krn,.krn,2413,7aa4397136cb81e24bc0d420d64da2f673a04d044c902b8beb7099592fac2017,"Bach, Johann Sebastian","Wenn wir in h&ouml;chsten N&ouml;ten sein, Chorale @{PC#}. @{OTL@@DE} (@{SCT})",,,,,G major,4/4,100,4,Voice | Voice | Voice | Voice,9,179,Score,False,False,WARNING,no_bwv,
data/raw/bulk_xml/bach-chorales-370/kern/chor280.krn,chor280.krn,.krn,3619,778c0c74d17b6bf07c0633ec6983d1bec51a93a349c96e84ae7055acfb41197d,"Bach, Johann Sebastian","Eins ist not, ach Herr, dies eine, Chorale @{PC#}. @{OTL@@DE} (@{SCT})",,,,,D major,4/4,100,4,Voice | Voice | Voice | Voice,25,383,Score,False,False,WARNING,no_bwv,
data/raw/bulk_xml/bach-chorales-370/kern/chor290.krn,chor290.krn,.krn,2746,511c7afe0fc35fdeaa885f4f82ddd962e80aff365ee15eedba577da68badafb0,"Bach, Johann Sebastian","Es ist das Heil uns kommen her, Chorale @{PC#}. @{OTL@@DE} (@{SCT})",,,,,E major,4/4,100,4,Voice | Voice | Voice | Voice,12,214,Score,False,False,WARNING,no_bwv,
data/raw/bulk_xml/bach-chorales-370/kern/chor284.krn,chor284.krn,.krn,2652,e88113a5a3447c62a96759ef74a63f7fd385b007958ddcb27560cbe2503a6a47,"Bach, Johann Sebastian","Herr Jesu Christ, wahr Mensch und Gott, Chorale @{PC#}. @{OTL@@DE} (@{SCT})",,,,,F major,4/4,100,4,Voice | Voice | Voice | Voice,13,242,Score,False,False,WARNING,no_bwv,
data/raw/bulk_xml/bach-chorales-370/kern/chor051.krn,chor051.krn,.krn,2427,cf1f2581bd551f9106248b8bbf07ede638088e9e85125575270d8913a1dd8d60,"Bach, Johann Sebastian","Gelobet seist du, Jesu Christ, Chorale @{PC#}. @{OTL@@DE} (@{SCT})",,,,,G major,4/4,100,4,Voice | Voice | Voice | Voice,11,201,Score,False,False,WARNING,no_bwv,
data/raw/bulk_xml/bach-chorales-370/kern/chor079.krn,chor079.krn,.krn,2638,4e55a8119edd53a54ad6cfd8821f2f727068051992d7eedd3233244c7c88802e,"Bach, Johann Sebastian","Heut triumphieret Gottes Sohn, Chorale @{PC#}. @{OTL@@DE} (@{SCT})",,,,,C major,3/4,100,4,Voice | Voice | Voice | Voice,24,230,Score,False,False,WARNING,no_bwv,
data/raw/bulk_xml/bach-chorales-370/kern/chor045.krn,chor045.krn,.krn,3023,91fec636d2dda900879c35ed09d576dabf4d5d5533fd779302212b2020b800a8,"Bach, Johann Sebastian","Kommt her zu mir, spricht, Chorale @{PC#}. @{OTL@@DE} (@{SCT})",,,,,D major,4/4,100,4,Voice | Voice | Voice | Voice,14,290,Score,False,False,WARNING,no_bwv,
data/raw/bulk_xml/bach-chorales-370/kern/chor092.krn,chor092.krn,.krn,2718,de66e1946902f83bcdd56223665982b706784fd351fc11c682e0b7b2d9c6a895,"Bach, Johann Sebastian","Herr Jesu Christ, du h&ouml;chstes Gut, Chorale @{PC#}. @{OTL@@DE} (@{SCT})",,,,,D major,4/4,100,4,Voice | Voice | Voice | Voice,13,207,Score,False,False,WARNING,no_bwv,
data/raw/bulk_xml/bach-chorales-370/kern/chor125.krn,chor125.krn,.krn,2567,97ad1fe6883b4b4fc87577fdf99c0630164efdf9e5cc489e2f558dbc170c8903,"Bach, Johann Sebastian","Allein Gott in der H&ouml;h sei Ehr, Chorale @{PC#}. @{OTL@@DE} (@{SCT})",,,,,G major,4/4,100,4,Voice | Voice | Voice | Voice,12,199,Score,False,False,WARNING,no_bwv,
data/raw/bulk_xml/bach-chorales-370/kern/chor086.krn,chor086.krn,.krn,2923,cb9a69374294cd6101c75d093022a1f8da92ae29e41330ef7fb6f4f4a177922a,"Bach, Johann Sebastian","Wie sch&ouml;n leuchtet der Morgenstern, Chorale @{PC#}. @{OTL@@DE} (@{SCT})",,,,,D major,4/4,100,4,Voice | Voice | Voice | Voice,16,242,Score,False,False,WARNING,no_bwv,
data/raw/bulk_xml/bach-chorales-370/kern/chor131.krn,chor131.krn,.krn,2415,d69a497fe6f9326b07bfa09e64711c8b100e18fefa25e309c6852cda32a5aad3,"Bach, Johann Sebastian","Liebester Jesu, wir sind hier, Chorale @{PC#}. @{OTL@@DE} (@{SCT})",,,,,G major,4/4,100,4,Voice | Voice | Voice | Voice,10,159,Score,False,False,WARNING,no_bwv,
data/raw/bulk_xml/bach-chorales-370/kern/chor119.krn,chor119.krn,.krn,3423,e9954a94b091fca3b81b6698b816ba91031a2b2e5aaf9a53fc64cf97efbbb904,"Bach, Johann Sebastian","Christ, unser Herr zum Jordan kam, Chorale @{PC#}. @{OTL@@DE} (@{SCT})",,,,,B- major,4/4,100,4,Voice | Voice | Voice | Voice,19,361,Score,False,False,WARNING,no_bwv,
data/raw/bulk_xml/bach-chorales-370/kern/chor327.krn,chor327.krn,.krn,2943,9541e718611925b04577e798a7d82a1f29ce4b6ae7f2a6601a17c1fd521d73d7,"Bach, Johann Sebastian","Jesu, nun sei gepreiset, Chorale @{PC#}. @{OTL@@DE} (@{SCT})",,,,,D major,4/4,100,4,Voice | Voice | Voice | Voice,22,249,Score,False,False,WARNING,no_bwv,
data/raw/bulk_xml/bach-chorales-370/kern/chor130.krn,chor130.krn,.krn,1840,16f03f3581e3b610f9634178e137fa9c792ff1d0f64b7ef4c26c299842e1cd7b,"Bach, Johann Sebastian","Mein Seele erhebet den Herrn, Chorale @{PC#}. @{OTL@@DE} (@{SCT})",,,,,G major,4/4,100,4,Voice | Voice | Voice | Voice,10,80,Score,False,False,WARNING,no_bwv,
data/raw/bulk_xml/bach-chorales-370/kern/chor326.krn,chor326.krn,.krn,2784,4b0d525921112675014300548c55d3588d1a375828df0ff3bf56436fc60e5a3f,"Bach, Johann Sebastian","Allein Gott in der H&ouml;h sei Ehr, Chorale @{PC#}. @{OTL@@DE} (@{SCT})",,,,,A major,4/4,100,4,Voice | Voice | Voice | Voice,12,201,Score,False,False,WARNING,no_bwv,
data/raw/bulk_xml/bach-chorales-370/kern/chor333.krn,chor333.krn,.krn,3402,1d9fb377d977d5dbf3381282528cd3a2c99e537d2a2c58bd8d7eed104dc9b586,"Bach, Johann Sebastian","Es woll' uns Gott gen&auml;dig sein, Chorale @{PC#}. @{OTL@@DE} (@{SCT})",,,,,D major,4/4,100,4,Voice | Voice | Voice | Voice,19,305,Score,False,False,WARNING,no_bwv,
data/raw/bulk_xml/bach-chorales-370/kern/chor332.krn,chor332.krn,.krn,2868,825366bb0941ff85d94ea1a0bf9111f366a1509c8d21ce291a626a49bec05f10,"Bach, Johann Sebastian","Von Gott will ich nicht lassen, Chorale @{PC#}. @{OTL@@DE} (@{SCT})",,,,,C major,4/4,100,4,Voice | Voice | Voice | Voice,17,276,Score,False,False,WARNING,no_bwv,
data/raw/bulk_xml/bach-chorales-370/kern/chor118.krn,chor118.krn,.krn,2524,582287398c637b9877d31df0cc16cbbad753655e33c402335b61ebffd4c2dd83,"Bach, Johann Sebastian","In dich hab ich gehoffet, Herr, Chorale @{PC#}. @{OTL@@DE} (@{SCT})",,,,,B- major,4/4,100,4,Voice | Voice | Voice | Voice,12,208,Score,False,False,WARNING,no_bwv,
data/raw/bulk_xml/bach-chorales-370/kern/chor124.krn,chor124.krn,.krn,2759,9f514eee0953a59870f0908045b6b948ec73852b612ccb1c93a0d7b2ff1ef383,"Bach, Johann Sebastian","Auf, auf, mein Herz, und du mein ganzer Sinn, Chorale @{PC#}. @{OTL@@DE} (@{SCT})",,,,,G major,4/4,100,4,Voice | Voice | Voice | Voice,12,251,Score,False,False,WARNING,no_bwv,
data/raw/bulk_xml/bach-chorales-370/kern/chor087.krn,chor087.krn,.krn,2638,6d81f07d354a4e7aa00779352effb3fe278863ae1c0b3a206fac38c29a05b5c7,"Bach, Johann Sebastian","Du, o sch&ouml;nes Weltgeb&auml;ude, Chorale @{PC#}. @{OTL@@DE} (@{SCT})",,,,,B- major,4/4,100,4,Voice | Voice | Voice | Voice,13,183,Score,False,False,WARNING,no_bwv,
data/raw/bulk_xml/bach-chorales-370/kern/chor044.krn,chor044.krn,.krn,2321,9191846c7fd4712e99b5daba0cb4d831e4edab549c68b48824eeb1898b54c7e4,"Bach, Johann Sebastian","Mach's mit mir, Gott, nach deiner G&uuml;t, Chorale @{PC#}. @{OTL@@DE} (@{SCT})",,,,,D major,4/4,100,4,Voice | Voice | Voice | Voice,10,155,Score,False,False,WARNING,no_bwv,
data/raw/bulk_xml/bach-chorales-370/kern/chor093.krn,chor093.krn,.krn,2217,023cced3abb22e7a5ea3f6ef2d374abae5e29dc1df19dd6b586c3817e6e617f7,"Bach, Johann Sebastian","Wach auf, mein Herz, Chorale @{PC#}. @{OTL@@DE} (@{SCT})",,,,,B- major,3/4,100,4,Voice | Voice | Voice | Voice,17,151,Score,False,False,WARNING,no_bwv,
data/raw/bulk_xml/bach-chorales-370/kern/chor050.krn,chor050.krn,.krn,2504,99d9babe78aa079a24144429abb198e749a6374c830069676cd17169ab03c1f7,"Bach, Johann Sebastian","In allen meinen Taten, Chorale @{PC#}. @{OTL@@DE} (@{SCT})",,,,,F major,4/4,100,4,Voice | Voice | Voice | Voice,13,218,Score,False,False,WARNING,no_bwv,
data/raw/bulk_xml/bach-chorales-370/kern/chor078.krn,chor078.krn,.krn,2460,c1b433338b039110dbbdfff6f0b486af7dae7a91d54d880d8f29d5a1259915a2,"Bach, Johann Sebastian","Herzliebester Jesu, was hast du verbrochen, Chorale @{PC#}. @{OTL@@DE} (@{SCT})",,,,,D major,4/4,100,4,Voice | Voice | Voice | Voice,12,193,Score,False,False,WARNING,no_bwv,
data/raw/bulk_xml/bach-chorales-370/kern/chor285.krn,chor285.krn,.krn,2567,37e23e9d1ad29ef128a95adf0752f59fddc009d394bb6692d7051e851382ab89,"Bach, Johann Sebastian","W&auml;r Gott nicht mit uns diese Zeit, Chorale @{PC#}. @{OTL@@DE} (@{SCT})",,,,,C major,4/4,100,4,Voice | Voice | Voice | Voice,12,203,Score,False,False,WARNING,no_bwv,
data/raw/bulk_xml/bach-chorales-370/kern/chor291.krn,chor291.krn,.krn,2681,009b3c357d96f98755f222968df419e1aaa30a3a9ccc2f2f42054e882fbe5963,"Bach, Johann Sebastian","Was frag ich nach der Welt, Chorale @{PC#}. @{OTL@@DE} (@{SCT})",,,,,D major,4/4,100,4,Voice | Voice | Voice | Voice,17,239,Score,False,False,WARNING,no_bwv,
data/raw/bulk_xml/bach-chorales-370/kern/chor246.krn,chor246.krn,.krn,3075,25660f771b3b2359dcfa8ea969d72630c96f29d840a4d976875b185813d6deb2,"Bach, Johann Sebastian","Singt dem Herrn ein neues Lied, Chorale @{PC#}. @{OTL@@DE} (@{SCT})",,,,,G major,4/4,100,4,Voice | Voice | Voice | Voice,13,260,Score,False,False,WARNING,no_bwv,
data/raw/bulk_xml/bach-chorales-370/kern/chor278.krn,chor278.krn,.krn,2773,8df3307fe3bc0b00615a5fa9aee7ffdb4842c61a55c335c678aca9a9a603b279,"Bach, Johann Sebastian","Wie sch&ouml;n leuchtet der Morgenstern, Chorale @{PC#}. @{OTL@@DE} (@{SCT})",,,,,E major,4/4,100,4,Voice | Voice | Voice | Voice,15,220,Score,False,False,WARNING,no_bwv,
data/raw/bulk_xml/bach-chorales-370/kern/chor287.krn,chor287.krn,.krn,2304,e0f3f0b9183da76d51025210440b513854c2d2fc03ea54f181f64285bc097b9e,"Bach, Johann Sebastian","Herr, ich habe mi&szlig;gehandelt, Chorale @{PC#}. @{OTL@@DE} (@{SCT})",,,,,C major,4/4,100,4,Voice | Voice | Voice | Voice,10,149,Score,False,False,WARNING,no_bwv,
data/raw/bulk_xml/bach-chorales-370/kern/chor244.krn,chor244.krn,.krn,3056,f92c5f8c1d26dd03a95dc15225dfa1d71c61f7f77a4f1f68ce77d2172fe0b42e,"Bach, Johann Sebastian","Jesu, Jesu, du bist mein, Chorale @{PC#}. @{OTL@@DE} (@{SCT})",,,,,B- major,4/4,100,4,Voice | Voice | Voice | Voice,16,290,Score,False,False,WARNING,no_bwv,
data/raw/bulk_xml/bach-chorales-370/kern/chor250.krn,chor250.krn,.krn,2807,a8e9211350ba94aed49fe4941f9256b41faf1064d31585ab2fa5bb439610af8b,"Bach, Johann Sebastian","Ein feste Burg ist unser Gott, Chorale @{PC#}. @{OTL@@DE} (@{SCT})",,,,,D major,4/4,100,4,Voice | Voice | Voice | Voice,13,240,Score,False,False,WARNING,no_bwv,
data/raw/bulk_xml/bach-chorales-370/kern/chor293.krn,chor293.krn,.krn,2405,badb8e9a9fd35142430098cdb29e9ea501cae1ac16a612cfb4078f1d03b753d6,"Bach, Johann Sebastian","Was Gott tut, das ist wohlgetan, Chorale @{PC#}. @{OTL@@DE} (@{SCT})",,,,,G major,4/4,100,4,Voice | Voice | Voice | Voice,12,170,Score,False,False,WARNING,no_bwv,
data/raw/bulk_xml/bach-chorales-370/kern/chor046.krn,chor046.krn,.krn,2320,d1d9b05267db43a764613292dbc0a485963437c51aee31a8e2ca6abf0f7ef35c,"Bach, Johann Sebastian","Vom Himmel hoch, da komm ich her, Chorale @{PC#}. @{OTL@@DE} (@{SCT})",,,,,D major,4/4,100,4,Voice | Voice | Voice | Voice,9,178,Score,False,False,WARNING,no_bwv,
data/raw/bulk_xml/bach-chorales-370/kern/chor252.krn,chor252.krn,.krn,4172,005702a83364c9310a9186743d9d87363c141d1bb1783e770b24a4fda8a5cda1,"Bach, Johann Sebastian","Jesu, nun sei gepreiset, Chorale @{PC#}. @{OTL@@DE} (@{SCT})",,,,,B- major,4/4,100,4,Voice | Voice | Voice | Voice,32,460,Score,False,False,WARNING,no_bwv,
data/raw/bulk_xml/bach-chorales-370/kern/chor052.krn,chor052.krn,.krn,3136,e9f73d08f7f19a0297a238165990a4c54bda85a5cafd9de8c6e252870f371c88,"Bach, Johann Sebastian","Wenn mein St&uuml;ndlein vorhanden ist, Chorale @{PC#}. @{OTL@@DE} (@{SCT})",,,,,A major,4/4,100,4,Voice | Voice | Voice | Voice,16,290,Score,False,False,WARNING,no_bwv,
data/raw/bulk_xml/bach-chorales-370/kern/chor085.krn,chor085.krn,.krn,2801,4794049114450da4ca1addba1e1cd5fc0a061d2e365646ac3fb79f67461d91ad,"Bach, Johann Sebastian","O Gott, du frommer Gott, Chorale @{PC#}. @{OTL@@DE} (@{SCT})",,,,,E major,4/4,100,4,Voice | Voice | Voice | Voice,17,259,Score,False,False,WARNING,no_bwv,
data/raw/bulk_xml/bach-chorales-370/kern/chor126.krn,chor126.krn,.krn,2789,95f5900d50a5b039c3bfb6d0de8a518336516a57f069665d5d7738ec8c975817,"Bach, Johann Sebastian","Durch Adams Fall ist ganz verderbt, Chorale @{PC#}. @{OTL@@DE} (@{SCT})",,,,,C major,4/4,100,4,Voice | Voice | Voice | Voice,15,238,Score,False,False,WARNING,no_bwv,
data/raw/bulk_xml/bach-chorales-370/kern/chor318.krn,chor318.krn,.krn,2851,2c9d57f7325d08b554f52b2ac2845564707593643acf91c16ef749a6240ed60a,"Bach, Johann Sebastian","Herr wie du willst, so schick's mit mir, Chorale @{PC#}. @{OTL@@DE} (@{SCT})",,,,,A major,4/4,100,4,Voice | Voice | Voice | Voice,13,229,Score,False,False,WARNING,no_bwv,
data/raw/bulk_xml/bach-chorales-370/kern/chor330.krn,chor330.krn,.krn,2659,79b348a6c317aa271f95682b27f491df32fc6ce7974a102cf6815919c74e9a35,"Bach, Johann Sebastian","Nun danket alle Gott, Chorale @{PC#}. @{OTL@@DE} (@{SCT})",,,,,G major,4/4,100,4,Voice | Voice | Voice | Voice,14,206,Score,False,False,WARNING,no_bwv,
data/raw/bulk_xml/bach-chorales-370/kern/chor324.krn,chor324.krn,.krn,2563,69265958606d493494ee2f7612c0e79e08aa6491fe5dccc5b4d7a2cd3ad12b19,"Bach, Johann Sebastian","Jesu, meine Freude, Chorale @{PC#}. @{OTL@@DE} (@{SCT})",,,,,G major,4/4,100,4,Voice | Voice | Voice | Voice,13,195,Score,False,False,WARNING,no_bwv,
data/raw/bulk_xml/bach-chorales-370/kern/chor325.krn,chor325.krn,.krn,2396,32f18c5adc8819c6f3670b9f209da22df660bfb151ca6ec6b824614e4beea834,"Bach, Johann Sebastian","Mit Fried und Freud ich fahr dahin, Chorale @{PC#}. @{OTL@@DE} (@{SCT})",,,,,C major,4/4,100,4,Voice | Voice | Voice | Voice,13,203,Score,False,False,WARNING,no_bwv,
data/raw/bulk_xml/bach-chorales-370/kern/chor331.krn,chor331.krn,.krn,2514,19b8f189776b2136f8e3fe3d9f9bcc8eb9fb4b0de81e6354f076f4c9dd6915b9,"Bach, Johann Sebastian","Wo soll ich fliehen hin, Chorale @{PC#}. @{OTL@@DE} (@{SCT})",,,,,D major,4/4,100,4,Voice | Voice | Voice | Voice,13,195,Score,False,False,WARNING,no_bwv,
data/raw/bulk_xml/bach-chorales-370/kern/chor091.krn,chor091.krn,.krn,4262,0faaf930f8dd2adeb5e5b2ecfc31d5210dcc9ef14c323bc3a907b35de28231ef,"Bach, Johann Sebastian","Verleih uns Frieden gn&auml;diglich, Chorale @{PC#}. @{OTL@@DE} (@{SCT})",,,,,A major,4/4,100,4,Voice | Voice | Voice | Voice,28,471,Score,False,False,WARNING,no_bwv,
data/raw/bulk_xml/bach-chorales-370/kern/chor127.krn,chor127.krn,.krn,2365,59fe91353c33f3c2d32221aac8f71bfcd9625342271f585cfd25636bb85c88b9,"Bach, Johann Sebastian","Dies sind die heil'gen zehn Gebot, Chorale @{PC#}. @{OTL@@DE} (@{SCT})",,,,,C major,4/4,100,4,Voice | Voice | Voice | Voice,10,184,Score,False,False,WARNING,no_bwv,
data/raw/bulk_xml/bach-chorales-370/kern/chor090.krn,chor090.krn,.krn,2364,9de484a8cd70bb3bd84da617aa7bcfa3fa6330b9ee2267614b73a9388e4ef92f,"Bach, Johann Sebastian","Hast du denn, Jesu, dein Angesicht, Chorale @{PC#}. @{OTL@@DE} (@{SCT})",,,,,B- major,3/4,100,4,Voice | Voice | Voice | Voice,13,158,Score,False,False,WARNING,no_bwv,
data/raw/bulk_xml/bach-chorales-370/kern/chor319.krn,chor319.krn,.krn,3144,7323fa4f937e9ed7bc8d5016e980d590ca9681aa477c68475b64d8418212b5c7,"Bach, Johann Sebastian","Sanctus, sanctus Dominus Deus Sabaoth, Chorale @{PC#}. @{OTL@@DE} (@{SCT})",,,,,F major,4/4,100,4,Voice | Voice | Voice | Voice,17,301,Score,False,False,WARNING,no_bwv,
data/raw/bulk_xml/bach-chorales-370/kern/chor053.krn,chor053.krn,.krn,2244,a596aaca674f15d8ac901d7484b17f28b0a005f86aba283009894e3bf23ecd4b,"Bach, Johann Sebastian","Das neugeborne Kindelein, Chorale @{PC#}. @{OTL@@DE} (@{SCT})",,,,,B- major,3/4,100,4,Voice | Voice | Voice | Voice,16,157,Score,False,False,WARNING,no_bwv,
data/raw/bulk_xml/bach-chorales-370/kern/chor047.krn,chor047.krn,.krn,2484,06a012b9e75e28166d28341e6d06bf23a2484b2f028f9099d6e5d80d0d6f27d5,"Bach, Johann Sebastian","Vater unser im Himmelreich, Chorale @{PC#}. @{OTL@@DE} (@{SCT})",,,,,F major,4/4,100,4,Voice | Voice | Voice | Voice,13,218,Score,False,False,WARNING,no_bwv,
data/raw/bulk_xml/bach-chorales-370/kern/chor292.krn,chor292.krn,.krn,2380,6602f8dac63d4cbdb433709efaa419716de28fbe03a7f9104c260b65056eee20,"Bach, Johann Sebastian","Nimm von uns, Herr, du treuer Gott, Chorale @{PC#}. @{OTL@@DE} (@{SCT})",,,,,F major,4/4,100,4,Voice | Voice | Voice | Voice,13,208,Score,False,False,WARNING,no_bwv,
data/raw/bulk_xml/bach-chorales-370/kern/chor084.krn,chor084.krn,.krn,2975,be275952f9e586c3398cf335987a51378aebd1f7fa49213317b030ff41376442,"Bach, Johann Sebastian","Nun bitten wir den heiligen Geist, Chorale @{PC#}. @{OTL@@DE} (@{SCT})",,,,,A major,4/4,100,4,Voice | Voice | Voice | Voice,15,282,Score,False,False,WARNING,no_bwv,
data/raw/bulk_xml/bach-chorales-370/kern/chor132.krn,chor132.krn,.krn,6722,8b7724df3bd39f102dac2e63ebbff39c0f40ee12f0b9250c9570f19976006c09,"Bach, Johann Sebastian","Kyrie! Gott Vater in Ewigkeit, Chorale @{PC#}. @{OTL@@DE} (@{SCT})",,,,,C major,4/4,100,4,Voice | Voice | Voice | Voice,40,830,Score,False,False,WARNING,no_bwv,
data/raw/bulk_xml/bach-chorales-370/kern/chor286.krn,chor286.krn,.krn,2701,35169b6709a7446e9567d8a5b48baaf0b3a9e954e3b42a0526ddf22b0059c430,"Bach, Johann Sebastian","Befiehl du deine Wege, Chorale @{PC#}. @{OTL@@DE} (@{SCT})",,,,,D major,4/4,100,4,Voice | Voice | Voice | Voice,14,207,Score,False,False,WARNING,no_bwv,
data/raw/bulk_xml/bach-chorales-370/kern/chor245.krn,chor245.krn,.krn,2403,c7eda530c8494e2fb0b6bc8f014bfc9b31c854ad09061c1a2576420d16965dd9,"Bach, Johann Sebastian","Christe, der du bist Tag und Licht, Chorale @{PC#}. @{OTL@@DE} (@{SCT})",,,,,B- major,4/4,100,4,Voice | Voice | Voice | Voice,9,183,Score,False,False,WARNING,no_bwv,
data/raw/bulk_xml/bach-chorales-370/kern/chor251.krn,chor251.krn,.krn,2698,21aba765c4929e7e7c402d25c6932a4de4745e79fe1743a3d71e1443c5bc604c,"Bach, Johann Sebastian","Ich bin ja, Herr, in deiner Macht, Chorale @{PC#}. @{OTL@@DE} (@{SCT})",,,,,B- major,4/4,100,4,Voice | Voice | Voice | Voice,12,206,Score,False,False,WARNING,no_bwv,
data/raw/bulk_xml/bach-chorales-370/kern/chor279.krn,chor279.krn,.krn,2383,ef99634da0865eadab4f54777b3584312604a6641b32d4b22f96420b76bc7d95,"Bach, Johann Sebastian","Ach Gott und Herr, Chorale @{PC#}. @{OTL@@DE} (@{SCT})",,,,,B- major,4/4,100,4,Voice | Voice | Voice | Voice,11,161,Score,False,False,WARNING,no_bwv,
data/raw/bulk_xml/bach-chorales-370/kern/chor133.krn,chor133.krn,.krn,5353,ef79ae8c84148eb0f484d9056a03dcedcb7a8b9dfd4fa72138c93b3ec660c7ec,"Bach, Johann Sebastian","Wir glauben all an einen Gott, Chorale @{PC#}. @{OTL@@DE} (@{SCT})",,,,,C major,4/4,100,4,Voice | Voice | Voice | Voice,32,640,Score,False,False,WARNING,no_bwv,
data/raw/bulk_xml/bach-chorales-370/kern/chor236.krn,chor236.krn,.krn,2207,148658ff8964001cc4354cc7bac38518f3dc09c700ec0f4cf25db28f22fcca53,"Bach, Johann Sebastian","O Jesu, du mein Br&auml;utigam, Chorale @{PC#}. @{OTL@@DE} (@{SCT})",,,,,G major,4/4,100,4,Voice | Voice | Voice | Voice,9,154,Score,False,False,WARNING,no_bwv,
data/raw/bulk_xml/bach-chorales-370/kern/chor222.krn,chor222.krn,.krn,2652,708bef208cd88d5e5da4bcdc2ad1f65d989408ec81ab3ca3cc3d7c7df7a8b39d,"Bach, Johann Sebastian","Nun preiset alle Gottes Barmherzigkeit, Chorale @{PC#}. @{OTL@@DE} (@{SCT})",,,,,G major,3/4,100,4,Voice | Voice | Voice | Voice,18,201,Score,False,False,WARNING,no_bwv,
data/raw/bulk_xml/bach-chorales-370/kern/chor020.krn,chor020.krn,.krn,2799,ab712d6e57b5aa5e1bf87f5e506a9b24a79402571e15cef105e0be3666e8d0b8,"Bach, Johann Sebastian","Ein feste Burg ist unser Gott, Chorale @{PC#}. @{OTL@@DE} (@{SCT})",,,,,D major,4/4,100,4,Voice | Voice | Voice | Voice,14,236,Score,False,False,WARNING,no_bwv,
data/raw/bulk_xml/bach-chorales-370/kern/chor154.krn,chor154.krn,.krn,2173,f77365fb8905854cad731e56291a3b7ced2d68f744783e7d28a02b1096abc756,"Bach, Johann Sebastian","Der du bist drei in Einigkeit, Chorale @{PC#}. @{OTL@@DE} (@{SCT})",,,,,C major,4/4,100,4,Voice | Voice | Voice | Voice,9,152,Score,False,False,WARNING,no_bwv,
data/raw/bulk_xml/bach-chorales-370/kern/chor034.krn,chor034.krn,.krn,3130,8905853550e287341a6b5634a5a43888b433dda59f6218cfe6fb9d307e652227,"Bach, Johann Sebastian","Erbarm dich mein, o Herre Gott, Chorale @{PC#}. @{OTL@@DE} (@{SCT})",,,,,C major,4/4,100,4,Voice | Voice | Voice | Voice,15,289,Score,False,False,WARNING,no_bwv,
data/raw/bulk_xml/bach-chorales-370/kern/chor168.krn,chor168.krn,.krn,2313,55a4231e245e3de70290aabf3b4f54eed404794daa2ca9788b81e972fa5e6113,"Bach, Johann Sebastian","Heut ist, o Mensch, ein gro&szlig;er Trauertag, Chorale @{PC#}. @{OTL@@DE} (@{SCT})",,,,,F major,4/4,100,4,Voice | Voice | Voice | Voice,10,161,Score,False,False,WARNING,no_bwv,
data/raw/bulk_xml/bach-chorales-370/kern/chor140.krn,chor140.krn,.krn,2427,95e58504dd1e071742ad4964a2ff758f05a15c93a74fac174490c62adccc4420,"Bach, Johann Sebastian","In allen meinen Taten, Chorale @{PC#}. @{OTL@@DE} (@{SCT})",,,,,C major,4/4,100,4,Voice | Voice | Voice | Voice,13,208,Score,False,False,WARNING,no_bwv,
data/raw/bulk_xml/bach-chorales-370/kern/chor008.krn,chor008.krn,.krn,3430,7d72f10ba30635b9e747fef80c8efb7197158bcf315e3e4b6e7788db82414e06,"Bach, Johann Sebastian","Freuet euch, ihr Christen alle, Chorale @{PC#}. @{OTL@@DE} (@{SCT})",,,,,E- major,4/4,100,4,Voice | Voice | Voice | Voice,20,358,Score,False,False,WARNING,no_bwv,
data/raw/bulk_xml/bach-chorales-370/kern/chor183.krn,chor183.krn,.krn,2728,47d8f61c01e44a132073e20f92e9987d88020466717fb41ee0f720090b3c5752,"Bach, Johann Sebastian","Nun freut euch, lieben Christen g'mein, Chorale @{PC#}. @{OTL@@DE} (@{SCT})",,,,,G major,4/4,100,4,Voice | Voice | Voice | Voice,12,212,Score,False,False,WARNING,no_bwv,
data/raw/bulk_xml/bach-chorales-370/kern/chor342.krn,chor342.krn,.krn,2451,c36d6e1a8fb0c5d4bd7d6ed90521f4abf03d54f75ed415575ffd462d40d408f0,"Bach, Johann Sebastian","Lobt Gott, ihr Christen allzugleich, Chorale @{PC#}. @{OTL@@DE} (@{SCT})",,,,,A major,4/4,100,4,Voice | Voice | Voice | Voice,11,183,Score,False,False,WARNING,no_bwv,
data/raw/bulk_xml/bach-chorales-370/kern/chor356.krn,chor356.krn,.krn,2614,2654f0f7e41f1e30e3a6ab66e303297ce6afedd66d091c0574f4ced5c45eca2c,"Bach, Johann Sebastian","Jesu, meine Freude, Chorale @{PC#}. @{OTL@@DE} (@{SCT})",,,,,F major,4/4,100,4,Voice | Voice | Voice | Voice,13,202,Score,False,False,WARNING,no_bwv,
data/raw/bulk_xml/bach-chorales-370/kern/chor357.krn,chor357.krn,.krn,2666,1283d3edf9987332be27e2ffa7f0b96f31950e16680975076f5ca254e76bf418,"Bach, Johann Sebastian","Warum sollt ich mich denn gr&auml;men, Chorale @{PC#}. @{OTL@@DE} (@{SCT})",,,,,C major,4/4,100,4,Voice | Voice | Voice | Voice,13,221,Score,False,False,WARNING,no_bwv,
data/raw/bulk_xml/bach-chorales-370/kern/chor182.krn,chor182.krn,.krn,2743,f1bc96ad1d6c37aa9d383be3497ac4bbdf8ce1414d90e105150dba6fbf1c1395,"Bach, Johann Sebastian","W&auml;r Gott nicht mit uns diese Zeit, Chorale @{PC#}. @{OTL@@DE} (@{SCT})",,,,,B- major,4/4,100,4,Voice | Voice | Voice | Voice,12,221,Score,False,False,WARNING,no_bwv,
data/raw/bulk_xml/bach-chorales-370/kern/chor343.krn,chor343.krn,.krn,3208,4b6dbff8ea3585464e635a05fce4694b258c610d310095fb70d1e0c904c76165,"Bach, Johann Sebastian","Nun lieget alles unter dir, Chorale @{PC#}. @{OTL@@DE} (@{SCT})",,,,,D major,3/4,100,4,Voice | Voice | Voice | Voice,22,266,Score,False,False,WARNING,no_bwv,
data/raw/bulk_xml/bach-chorales-370/kern/chor196.krn,chor196.krn,.krn,2806,b669777f3ffd53c0733456c5df47e2d4d4b0e923a50ae84b5f2bee8c68b1ab0a,"Bach, Johann Sebastian","Da der Herr Christ zu Tische sa&szlig;, Chorale @{PC#}. @{OTL@@DE} (@{SCT})",,,,,E- major,4/4,100,4,Voice | Voice | Voice | Voice,13,247,Score,False,False,WARNING,no_bwv,
data/raw/bulk_xml/bach-chorales-370/kern/chor197.krn,chor197.krn,.krn,5081,234eb674c65b19f38b97427d9a459eddbbdeea3c6abe8023c7b61bfd566c2159,"Bach, Johann Sebastian","Christ ist erstanden, Chorale @{PC#}. @{OTL@@DE} (@{SCT})",,,,,C major,4/4,100,4,Voice | Voice | Voice | Voice,31,590,Score,False,False,WARNING,no_bwv,
data/raw/bulk_xml/bach-chorales-370/kern/chor141.krn,chor141.krn,.krn,2430,cc2c420c7f0995914ad8c4f38c60baf21132d4b34b50ac762e1d90a4cba53fb6,"Bach, Johann Sebastian","Seelenbr&auml;utigam, Chorale @{PC#}. @{OTL@@DE} (@{SCT})",,,,,A major,4/4,100,4,Voice | Voice | Voice | Voice,11,180,Score,False,False,WARNING,no_bwv,
data/raw/bulk_xml/bach-chorales-370/kern/chor169.krn,chor169.krn,.krn,3029,985738518d2ca4fb7e7264babba67ac009f36fda9a262e05bfae580052b939ac,"Bach, Johann Sebastian","Jesu, der du selbsten wohl, Chorale @{PC#}. @{OTL@@DE} (@{SCT})",,,,,A major,4/4,100,4,Voice | Voice | Voice | Voice,16,285,Score,False,False,WARNING,no_bwv,
data/raw/bulk_xml/bach-chorales-370/kern/chor155.krn,chor155.krn,.krn,2868,f1abc07c6337080963b7691faacde1db143dceced79e85f41b1d627d1e043d51,"Bach, Johann Sebastian","Hilf, Herr Jesu, la&szlig; gelingen, Chorale @{PC#}. @{OTL@@DE} (@{SCT})",,,,,F major,3/4,100,4,Voice | Voice | Voice | Voice,24,244,Score,False,False,WARNING,no_bwv,
data/raw/bulk_xml/bach-chorales-370/kern/chor009.krn,chor009.krn,.krn,2868,f9b19c507b2d9e949d613c2cac41c2081e6fd6d1193acddaf91ac1a6008b96dd,"Bach, Johann Sebastian","Ermuntre dich, mein schwacher Geist, Chorale @{PC#}. @{OTL@@DE} (@{SCT})",,,,,G major,4/4,100,4,Voice | Voice | Voice | Voice,14,243,Score,False,False,WARNING,no_bwv,
data/raw/bulk_xml/bach-chorales-370/kern/chor035.krn,chor035.krn,.krn,2482,c48c8eb1dfe7c656c34b13d1888ddafd40e30164350abc52ba6e942679c29ba4,"Bach, Johann Sebastian","Gott des Himmels und der Erden, Chorale @{PC#}. @{OTL@@DE} (@{SCT})",,,,,A major,4/4,100,4,Voice | Voice | Voice | Voice,8,171,Score,False,False,WARNING,no_bwv,
data/raw/bulk_xml/bach-chorales-370/kern/chor021.krn,chor021.krn,.krn,2405,ca7cecf729ed6e31b16529d4b00010feb41166ea462964cdea6ad613f9b34472,"Bach, Johann Sebastian","Herzlich tut mich verlangen, Chorale @{PC#}. @{OTL@@DE} (@{SCT})",,,,,C major,4/4,100,4,Voice | Voice | Voice | Voice,14,184,Score,False,False,WARNING,no_bwv,
data/raw/bulk_xml/bach-chorales-370/kern/chor223.krn,chor223.krn,.krn,2858,ab96f8d1664a57ca3cdb232ea8e1c4c6439b96361081d44b8e7b397b7d417aae,"Bach, Johann Sebastian","Ich dank dir, Gott, f&uuml;r all Wohlat, Chorale @{PC#}. @{OTL@@DE} (@{SCT})",,,,,C major,4/4,100,4,Voice | Voice | Voice | Voice,16,267,Score,False,False,WARNING,no_bwv,
data/raw/bulk_xml/bach-chorales-370/kern/chor237.krn,chor237.krn,.krn,3177,d6abf5f6e5389a65dad879cea4ce57fd71f07b9ce02e434ef968961b0e73207b,"Bach, Johann Sebastian","Was betr&uuml;bst du dich, mein Herze, Chorale @{PC#}. @{OTL@@DE} (@{SCT})",,,,,F major,4/4,100,4,Voice | Voice | Voice | Voice,16,304,Score,False,False,WARNING,no_bwv,
data/raw/bulk_xml/bach-chorales-370/kern/chor221.krn,chor221.krn,.krn,2745,be2199a6a5b47278066fdc2381c5aa3fbbbe1cea7bd1537eb3b2626bda670cc8,"Bach, Johann Sebastian","Herr, straf mich nicht in deinem Zorn, Chorale @{PC#}. @{OTL@@DE} (@{SCT})",,,,,C major,4/4,100,4,Voice | Voice | Voice | Voice,12,210,Score,False,False,WARNING,no_bwv,
data/raw/bulk_xml/bach-chorales-370/kern/chor235.krn,chor235.krn,.krn,3157,762beb79fe90945733dd18bd5e1e9d3def0bebb07578095c9f24f65bcf04afbc,"Bach, Johann Sebastian","Heilig, heilig, Chorale @{PC#}. @{OTL@@DE} (@{SCT})",,,,,F major,4/4,100,4,Voice | Voice | Voice | Voice,17,303,Score,False,False,WARNING,no_bwv,
data/raw/bulk_xml/bach-chorales-370/kern/chor023.krn,chor023.krn,.krn,2542,bbe4bc3a8f7258b62c1c0d4fb58caa88a3bcd872c6264b705ae198718f753fb4,"Bach, Johann Sebastian","Zeuch ein zu deinen Toren, Chorale @{PC#}. @{OTL@@DE} (@{SCT})",,,,,C major,4/4,100,4,Voice | Voice | Voice | Voice,14,200,Score,False,False,WARNING,no_bwv,
data/raw/bulk_xml/bach-chorales-370/kern/chor037.krn,chor037.krn,.krn,2781,72de6e78af8ae46ee423c7e08646296dfd7b761305381267aa550b0f89a2e447,"Bach, Johann Sebastian","Jesu, der du meine Seele, Chorale @{PC#}. @{OTL@@DE} (@{SCT})",,,,,C major,4/4,100,4,Voice | Voice | Voice | Voice,12,241,Score,False,False,WARNING,no_bwv,
data/raw/bulk_xml/bach-chorales-370/kern/chor209.krn,chor209.krn,.krn,2788,df391631b12028ea202087bd125278985dbd1cac3d0008203c1573cadeefeb61,"Bach, Johann Sebastian","Dir, dir, Jehova will ich singen, Chorale @{PC#}. @{OTL@@DE} (@{SCT})",,,,,B- major,3/4,100,4,Voice | Voice | Voice | Voice,18,215,Score,False,False,WARNING,no_bwv,
data/raw/bulk_xml/bach-chorales-370/kern/chor180.krn,chor180.krn,.krn,2164,c9af390de0f8cb8fe5444f265e516e4e321a2a88ac49ee8454ad79a5b86fba7a,"Bach, Johann Sebastian","Als Jesus Christus in der Nacht, Chorale @{PC#}. @{OTL@@DE} (@{SCT})",,,,,C major,4/4,100,4,Voice | Voice | Voice | Voice,9,147,Score,False,False,WARNING,no_bwv,
data/raw/bulk_xml/bach-chorales-370/kern/chor157.krn,chor157.krn,.krn,2282,aabbeb0a5502f6093a0c24d9288412506535f0aae04c7547c96d05473620bc30,"Bach, Johann Sebastian","Wo Gott zum Haus nicht gibt sein' Gunst, Chorale @{PC#}. @{OTL@@DE} (@{SCT})",,,,,F major,4/4,100,4,Voice | Voice | Voice | Voice,9,167,Score,False,False,WARNING,no_bwv,
data/raw/bulk_xml/bach-chorales-370/kern/chor194.krn,chor194.krn,.krn,2362,b25f998aef315b0a7da88384c1a8562af25a1a1c2a578bfa6d7c048119cb8a3a,"Bach, Johann Sebastian","Liebster Immanuel, Herzog der Frommen, Chorale @{PC#}. @{OTL@@DE} (@{SCT})",,,,,D major,3/2,100,4,Voice | Voice | Voice | Voice,16,179,Score,False,False,WARNING,no_bwv,
data/raw/bulk_xml/bach-chorales-370/kern/chor143.krn,chor143.krn,.krn,3295,25f1aa552e04308fb4c70f256a6aff7be66df135ccacf179ae4fb2279b52d456,"Bach, Johann Sebastian","In dulci jubilo, Chorale @{PC#}. @{OTL@@DE} (@{SCT})",,,,,F major,3/4,100,4,Voice | Voice | Voice | Voice,33,321,Score,False,False,WARNING,no_bwv,
data/raw/bulk_xml/bach-chorales-370/kern/chor355.krn,chor355.krn,.krn,2456,0dcc26072a47e2b3b4d14e8453d3af562cc0a923e3dc7c0c77e4d731f23821f4,"Bach, Johann Sebastian","Nun ruhen alle W&auml;lder, Chorale @{PC#}. @{OTL@@DE} (@{SCT})",,,,,B- major,4/4,100,4,Voice | Voice | Voice | Voice,13,208,Score,False,False,WARNING,no_bwv,
data/raw/bulk_xml/bach-chorales-370/kern/chor369.krn,chor369.krn,.krn,2944,aa4844cc4bd511d2d7740a84415708a1a65cd679765f3cab18ba50ae740f13f5,"Bach, Johann Sebastian","Jesu, der du meine Seele, Chorale @{PC#}. @{OTL@@DE} (@{SCT})",,,,,A- major,4/4,100,4,Voice | Voice | Voice | Voice,12,235,Score,False,False,WARNING,no_bwv,
data/raw/bulk_xml/bach-chorales-370/kern/chor341.krn,chor341.krn,.krn,3116,5e6b323f10d7b2224311d7de472240463dad4581f7b2a7e520439064b19b39e0,"Bach, Johann Sebastian","Ich dank dir, lieber Herre, Chorale @{PC#}. @{OTL@@DE} (@{SCT})",,,,,A major,4/4,100,4,Voice | Voice | Voice | Voice,18,308,Score,False,False,WARNING,no_bwv,
data/raw/bulk_xml/bach-chorales-370/kern/chor368.krn,chor368.krn,.krn,2705,0195468162b9935f447ce31c373f3c94eb8471877712df50784fbae07953e541,"Bach, Johann Sebastian","Hilf, Herr Jesu, la&szlig; gelingen, Chorale @{PC#}. @{OTL@@DE} (@{SCT})",,,,,F major,3/4,100,4,Voice | Voice | Voice | Voice,19,195,Score,False,False,WARNING,no_bwv,
data/raw/bulk_xml/bach-chorales-370/kern/chor354.krn,chor354.krn,.krn,2625,84c085393a8bc35111f774455a568c7e1b7189766b413b0466a9ec3b356f5f6b,"Bach, Johann Sebastian","Sei Lob und Ehr dem h&ouml;chsten Gut, Chorale @{PC#}. @{OTL@@DE} (@{SCT})",,,,,G major,4/4,100,4,Voice | Voice | Voice | Voice,12,205,Score,False,False,WARNING,no_bwv,
data/raw/bulk_xml/bach-chorales-370/kern/chor340.krn,chor340.krn,.krn,2579,aeedb7b7f1aaffa5127702c043b7d2330143934c4fbc3050790f7dbde238bec6,"Bach, Johann Sebastian","Befiehl du deine Wege, Chorale @{PC#}. @{OTL@@DE} (@{SCT})",,,,,F major,4/4,100,4,Voice | Voice | Voice | Voice,14,195,Score,False,False,WARNING,no_bwv,
data/raw/bulk_xml/bach-chorales-370/kern/chor181.krn,chor181.krn,.krn,2507,682e8fedcf62d2342c29ead18efff2da0e001666b97f46891969c72e6f05d880,"Bach, Johann Sebastian","Gott hat das Evangelium, Chorale @{PC#}. @{OTL@@DE} (@{SCT})",,,,,G major,4/4,100,4,Voice | Voice | Voice | Voice,12,210,Score,False,False,WARNING,no_bwv,
data/raw/bulk_xml/bach-chorales-370/kern/chor195.krn,chor195.krn,.krn,2893,d612555fc312da7b6ce7245511f7c948c135487e93f5178d4bee9b906ab6a7dc,"Bach, Johann Sebastian","Wie sch&ouml;n leuchtet der Morgenstern, Chorale @{PC#}. @{OTL@@DE} (@{SCT})",,,,,D major,4/4,100,4,Voice | Voice | Voice | Voice,15,237,Score,False,False,WARNING,no_bwv,
data/raw/bulk_xml/bach-chorales-370/kern/chor156.krn,chor156.krn,.krn,2412,629d250cd52b27b8613b1690a99d713223261d727e28023a52a37a004f107c94,"Bach, Johann Sebastian","Ach Gott, wie manches Herzeleid, Oh God, how many heart pains, Chorale @{PC#}. @{OTL@@DE} (@{SCT})",,,,,A major,4/4,100,4,Voice | Voice | Voice | Voice,9,167,Score,False,False,WARNING,no_bwv,
data/raw/bulk_xml/bach-chorales-370/kern/chor142.krn,chor142.krn,.krn,2714,9beab6226e0511349248f0d476bacb0362cf35dad132b3009bd41f449a26f4d3,"Bach, Johann Sebastian","Schwing dich auf zu deinem Gott, Chorale @{PC#}. @{OTL@@DE} (@{SCT})",,,,,F major,4/4,100,4,Voice | Voice | Voice | Voice,16,250,Score,False,False,WARNING,no_bwv,
data/raw/bulk_xml/bach-chorales-370/kern/chor022.krn,chor022.krn,.krn,3052,037bba25103adc7fb4646b7e25648b73516e9840b82fde63b683cb56dcc4659a,"Bach, Johann Sebastian","Schm&uuml;cke dich, o liebe Seele, Chorale @{PC#}. @{OTL@@DE} (@{SCT})",,,,,E- major,4/4,100,4,Voice | Voice | Voice | Voice,15,258,Score,False,False,WARNING,no_bwv,
data/raw/bulk_xml/bach-chorales-370/kern/chor036.krn,chor036.krn,.krn,2712,b97084453c74bb26bda6d81caf7c1cd29b039b0d3ff428ea2c5463fafa9a9c1e,"Bach, Johann Sebastian","Nun bitten wir den heiligen Geist, Chorale @{PC#}. @{OTL@@DE} (@{SCT})",,,,,A major,4/4,100,4,Voice | Voice | Voice | Voice,15,240,Score,False,False,WARNING,no_bwv,
data/raw/bulk_xml/bach-chorales-370/kern/chor208.krn,chor208.krn,.krn,2765,f4991a8e776e24ff1dc4f0b3e6249b0a2a71fec5abee03504aa140abbf398f42,"Bach, Johann Sebastian","Als vierzig Tag nach Ostern, Chorale @{PC#}. @{OTL@@DE} (@{SCT})",,,,,G major,3/4,100,4,Voice | Voice | Voice | Voice,22,242,Score,False,False,WARNING,no_bwv,
data/raw/bulk_xml/bach-chorales-370/kern/chor230.krn,chor230.krn,.krn,2576,cc737a5ba100f1a53f0678175c7afe322c3b7bea6d237cc326943100b3591425,"Bach, Johann Sebastian","Christ, der du bist der helle Tag, Chorale @{PC#}. @{OTL@@DE} (@{SCT})",,,,,B- major,4/4,100,4,Voice | Voice | Voice | Voice,11,210,Score,False,False,WARNING,no_bwv,
data/raw/bulk_xml/bach-chorales-370/kern/chor224.krn,chor224.krn,.krn,2215,3f94996ec2e048bd062d8807e3f00d543025446858f137960abb52c41700031c,"Bach, Johann Sebastian","Das walt Gott Vater und Gott Sohn, Chorale @{PC#}. @{OTL@@DE} (@{SCT})",,,,,F major,4/4,100,4,Voice | Voice | Voice | Voice,9,153,Score,False,False,WARNING,no_bwv,
data/raw/bulk_xml/bach-chorales-370/kern/chor026.krn,chor026.krn,.krn,2439,13ae116e890952155c66f9e461426afc9451843c78257c2a59af5f315630efca,"Bach, Johann Sebastian","O Ewigkeit, du Donnerwort, Chorale @{PC#}. @{OTL@@DE} (@{SCT})",,,,,F major,4/4,100,4,Voice | Voice | Voice | Voice,12,183,Score,False,False,WARNING,no_bwv,
data/raw/bulk_xml/bach-chorales-370/kern/chor218.krn,chor218.krn,.krn,3152,425755328568357e9398d86c1370e3727ca94b347fa86646f2c97411a1c566f6,"Bach, Johann Sebastian","La&szlig;, o Herr, dein Ohr sich neigen, Chorale @{PC#}. @{OTL@@DE} (@{SCT})",,,,,F major,4/4,100,4,Voice | Voice | Voice | Voice,17,269,Score,False,False,WARNING,no_bwv,
data/raw/bulk_xml/bach-chorales-370/kern/chor220.krn,chor220.krn,.krn,3908,1769b1b684ac464cbb347f3ef859dfd55dd572ccf510735ba427ce905dfc2e51,"Bach, Johann Sebastian","Sollt ich meinem Gott nicht singen, Chorale @{PC#}. @{OTL@@DE} (@{SCT})",,,,,F major,3/4,100,4,Voice | Voice | Voice | Voice,32,392,Score,False,False,WARNING,no_bwv,
data/raw/bulk_xml/bach-chorales-370/kern/chor146.krn,chor146.krn,.krn,2426,3a0e0b577f347d0cfff99c30240934b1ba218b07be880123730daaa5f99d4e95,"Bach, Johann Sebastian","Wer nur den lieben Gott la&szlig;t walten, Chorale @{PC#}. @{OTL@@DE} (@{SCT})",,,,,C major,4/4,100,4,Voice | Voice | Voice | Voice,11,173,Score,False,False,WARNING,no_bwv,
data/raw/bulk_xml/bach-chorales-370/kern/chor032.krn,chor032.krn,.krn,2663,bd98c10b43f6592cddc56734d802a71e640fe1dc54dc3dd8e74771fbde790a59,"Bach, Johann Sebastian","Nun danket alle Gott, Chorale @{PC#}. @{OTL@@DE} (@{SCT})",,,,,A major,4/4,100,4,Voice | Voice | Voice | Voice,14,206,Score,False,False,WARNING,no_bwv,
data/raw/bulk_xml/bach-chorales-370/kern/chor234.krn,chor234.krn,.krn,3552,18d6670cfaf44b1b1fead141156db540ee3e4ce850202c2cafaac289b86ee278,"Bach, Johann Sebastian","Gott lebet noch, Chorale @{PC#}. @{OTL@@DE} (@{SCT})",,,,,F major,3/4,100,4,Voice | Voice | Voice | Voice,38,379,Score,False,False,WARNING,no_bwv,
data/raw/bulk_xml/bach-chorales-370/kern/chor185.krn,chor185.krn,.krn,2286,0ba11fcd5912d369d7d26a93b5cda10360b963362b36ecda1cf6e43feae52fbf,"Bach, Johann Sebastian","Nun freut euch, Gottes Kinder all, Chorale @{PC#}. @{OTL@@DE} (@{SCT})",,,,,C major,4/4,100,4,Voice | Voice | Voice | Voice,9,164,Score,False,False,WARNING,no_bwv,
data/raw/bulk_xml/bach-chorales-370/kern/chor152.krn,chor152.krn,.krn,2811,1045d3f1c91255c8075456730142a5ac45b638119cf56c52d49ff51c2a596c6a,"Bach, Johann Sebastian","Meinen Jesum la&szlig; ich nicht, weil, Chorale @{PC#}. @{OTL@@DE} (@{SCT})",,,,,D major,4/4,100,4,Voice | Voice | Voice | Voice,13,245,Score,False,False,WARNING,no_bwv,
data/raw/bulk_xml/bach-chorales-370/kern/chor344.krn,chor344.krn,.krn,2334,ac35c98dba549805f742509dbbdb0d73fa07ef1dc94fd6d384e76d728f30cc61,"Bach, Johann Sebastian","Vom Himmel hoch, da komm ich her, Chorale @{PC#}. @{OTL@@DE} (@{SCT})",,,,,G major,4/4,100,4,Voice | Voice | Voice | Voice,9,182,Score,False,False,WARNING,no_bwv,
data/raw/bulk_xml/bach-chorales-370/kern/chor350.krn,chor350.krn,.krn,2598,c7913b3018e3e8e7abdf687a4df77330aaec10d9ffe674d01e6b319d579beef4,"Bach, Johann Sebastian","Jesu, meiner Freuden Freude, Chorale @{PC#}. @{OTL@@DE} (@{SCT})",,,,,B- major,4/4,100,4,Voice | Voice | Voice | Voice,12,199,Score,False,False,WARNING,no_bwv,
data/raw/bulk_xml/bach-chorales-370/kern/chor191.krn,chor191.krn,.krn,2418,7875e646b4dd2165d4f33936594c6ee0d2292320a204f826142490ef2c718ea7,"Bach, Johann Sebastian","Von Gott will ich nicht lassen, Chorale @{PC#}. @{OTL@@DE} (@{SCT})",,,,,C major,4/4,100,4,Voice | Voice | Voice | Voice,14,180,Score,False,False,WARNING,no_bwv,
data/raw/bulk_xml/bach-chorales-370/kern/chor190.krn,chor190.krn,.krn,2537,9ba82297fec8ba34989f3c100e2c5fffa1a08626df1192f988915c0dd0d0095d,"Bach, Johann Sebastian","Herr, nun la&szlig; in Friede, Chorale @{PC#}. @{OTL@@DE} (@{SCT})",,,,,C major,4/4,100,4,Voice | Voice | Voice | Voice,12,207,Score,False,False,WARNING,no_bwv,
data/raw/bulk_xml/bach-chorales-370/kern/chor345.krn,chor345.krn,.krn,2713,e26903bc9d06a0a73aff5a367da36e8780115701016c587f845e0856814227b6,"Bach, Johann Sebastian","O Haupt voll Blut und Wunden, Chorale @{PC#}. @{OTL@@DE} (@{SCT})",,,,,C major,4/4,100,4,Voice | Voice | Voice | Voice,14,221,Score,False,False,WARNING,no_bwv,
data/raw/bulk_xml/bach-chorales-370/kern/chor351.krn,chor351.krn,.krn,3226,f4bd3bbe579391f919eba8eb3a12c3e8bf1aeaefdac893ad2dccae2e1fe8aab8,"Bach, Johann Sebastian","Wenn mein St&uuml;ndlein vorhanden ist, Chorale @{PC#}. @{OTL@@DE} (@{SCT})",,,,,A major,4/4,100,4,Voice | Voice | Voice | Voice,16,302,Score,False,False,WARNING,no_bwv,
data/raw/bulk_xml/bach-chorales-370/kern/chor184.krn,chor184.krn,.krn,2662,9ac4b210c0ecdb7ef045dce7e6dddefeff5dadbfe00d76f321c06de26c0eb79d,"Bach, Johann Sebastian","Christ lag in Todesbanden, Chorale @{PC#}. @{OTL@@DE} (@{SCT})",,,,,C major,4/4,100,4,Voice | Voice | Voice | Voice,13,216,Score,False,False,WARNING,no_bwv,
data/raw/bulk_xml/bach-chorales-370/kern/chor153.krn,chor153.krn,.krn,2673,dce653aed3eca3dce45020d565455f386a7c543920d62af4744aaa34e281aa64,"Bach, Johann Sebastian","Alle Menschen m&uuml;ssen sterben, Chorale @{PC#}. @{OTL@@DE} (@{SCT})",,,,,D major,4/4,100,4,Voice | Voice | Voice | Voice,12,195,Score,False,False,WARNING,no_bwv,
data/raw/bulk_xml/bach-chorales-370/kern/chor147.krn,chor147.krn,.krn,2698,bcc7fe8c3a5663675193d5cf1d4259bc4f1b4b0ec410b727528bf77249246809,"Bach, Johann Sebastian","Wenn ich in Angst und Not, Chorale @{PC#}. @{OTL@@DE} (@{SCT})",,,,,E- major,4/4,100,4,Voice | Voice | Voice | Voice,15,231,Score,False,False,WARNING,no_bwv,
data/raw/bulk_xml/bach-chorales-370/kern/chor027.krn,chor027.krn,.krn,2594,af498b6e0264643ad9a30069de1c319adb72804a60eceef18e1f895254a34e1d,"Bach, Johann Sebastian","Es spricht der Unweisen Mund, Chorale @{PC#}. @{OTL@@DE} (@{SCT})",,,,,B- major,4/4,100,4,Voice | Voice | Voice | Voice,12,189,Score,False,False,WARNING,no_bwv,
data/raw/bulk_xml/bach-chorales-370/kern/chor033.krn,chor033.krn,.krn,2509,ef1a4e77555af052d80a1375c9b79e180edef1624db56f42beed79197cbc9e2e,"Bach, Johann Sebastian","Herr, ich habe mi&szlig;gehandelt, Chorale @{PC#}. @{OTL@@DE} (@{SCT})",,,,,C major,4/4,100,4,Voice | Voice | Voice | Voice,9,185,Score,False,False,WARNING,no_bwv,
data/raw/bulk_xml/bach-chorales-370/kern/chor231.krn,chor231.krn,.krn,2472,8c5751779a96877421217b238afc1d43f4e9d07cab39ace93096f21e9afe36ba,"Bach, Johann Sebastian","Die Nacht ist kommen, Chorale @{PC#}. @{OTL@@DE} (@{SCT})",,,,,C major,4/4,100,4,Voice | Voice | Voice | Voice,15,215,Score,False,False,WARNING,no_bwv,
data/raw/bulk_xml/bach-chorales-370/kern/chor225.krn,chor225.krn,.krn,2725,8970419c31eff55f555c02c184b8a64cc89296c1a7efbd0ac9d7344faa86b99a,"Bach, Johann Sebastian","Gott, der du selber bist das Licht, Chorale @{PC#}. @{OTL@@DE} (@{SCT})",,,,,B- major,4/4,100,4,Voice | Voice | Voice | Voice,12,210,Score,False,False,WARNING,no_bwv,
data/raw/bulk_xml/bach-chorales-370/kern/chor219.krn,chor219.krn,.krn,2561,4f5588123761f769cda92e15f328539fe3652bf930853c1739fd7cb334eb8cc9,"Bach, Johann Sebastian","O wie selig seid ihr doch, ihr Frommen, Chorale @{PC#}. @{OTL@@DE} (@{SCT})",,,,,F major,4/4,100,4,Voice | Voice | Voice | Voice,11,207,Score,False,False,WARNING,no_bwv,
data/raw/bulk_xml/bach-chorales-370/kern/chor019.krn,chor019.krn,.krn,2406,28f8778d7180a4a6d239ddde1fd1406c9dee1828fc3484a0b573a02e3bfbdff2,"Bach, Johann Sebastian","Ich hab mein Sach Gott heimgestellt, Chorale @{PC#}. @{OTL@@DE} (@{SCT})",,,,,F major,4/4,100,4,Voice | Voice | Voice | Voice,10,183,Score,False,False,WARNING,no_bwv,
data/raw/bulk_xml/bach-chorales-370/kern/chor233.krn,chor233.krn,.krn,2633,9add652b596040992257f99a2640687c56e1a0acce024520133e7f0405691c54,"Bach, Johann Sebastian","Werde munter, mein Gem&uuml;te, Chorale @{PC#}. @{OTL@@DE} (@{SCT})",,,,,A major,4/4,100,4,Voice | Voice | Voice | Voice,12,203,Score,False,False,WARNING,no_bwv,
data/raw/bulk_xml/bach-chorales-370/kern/chor025.krn,chor025.krn,.krn,2596,bf424e5fd580d83396fdce4169d0e2b4ba30e8077c1e37ec234d9a8cdc0d9231,"Bach, Johann Sebastian","Wo soll ich fliehen hin, Chorale @{PC#}. @{OTL@@DE} (@{SCT})",,,,,E- major,4/4,100,4,Voice | Voice | Voice | Voice,13,213,Score,False,False,WARNING,no_bwv,
data/raw/bulk_xml/bach-chorales-370/kern/chor227.krn,chor227.krn,.krn,3486,74481360c26fdd2f2f7861beaf876da9203125c338d41a270efd6c27682d82d7,"Bach, Johann Sebastian","Lobet den Herren, denn er ist freundlich, Chorale @{PC#}. @{OTL@@DE} (@{SCT})",,,,,F major,4/4,100,4,Voice | Voice | Voice | Voice,20,352,Score,False,False,WARNING,no_bwv,
data/raw/bulk_xml/bach-chorales-370/kern/chor151.krn,chor151.krn,.krn,2400,873f5693192cb9c7511d579010cd3c919ac9cc6bf7b4ebe14fb7d931f81b7b12,"Bach, Johann Sebastian","Meinen Jesum la&szlig; ich nicht, Jesus, Chorale @{PC#}. @{OTL@@DE} (@{SCT})",,,,,G major,4/4,100,4,Voice | Voice | Voice | Voice,9,156,Score,False,False,WARNING,no_bwv,
data/raw/bulk_xml/bach-chorales-370/kern/chor031.krn,chor031.krn,.krn,2596,df7c97989866c8e1e95f42edd5fe2519b50693f37a634a6a779291676ab1c116,"Bach, Johann Sebastian","Ach lieben Christen, seid getrost, Chorale @{PC#}. @{OTL@@DE} (@{SCT})",,,,,C major,4/4,100,4,Voice | Voice | Voice | Voice,12,207,Score,False,False,WARNING,no_bwv,
data/raw/bulk_xml/bach-chorales-370/kern/chor145.krn,chor145.krn,.krn,2430,c441de68cae14b90602599d7b6e29ed417565b73b845d8b7eafaa8e9d48dd73e,"Bach, Johann Sebastian","Warum betr&uuml;bst du dich, mein Herz, Chorale @{PC#}. @{OTL@@DE} (@{SCT})",,,,,C major,4/4,100,4,Voice | Voice | Voice | Voice,11,200,Score,False,False,WARNING,no_bwv,
data/raw/bulk_xml/bach-chorales-370/kern/chor186.krn,chor186.krn,.krn,2606,b419a9b13aa54d3e84bf693ee68cae0a5820163ffc3df86f2e942ca91f4c0e81,"Bach, Johann Sebastian","Ach Gott, erh&ouml;r mein Seufzen, Chorale @{PC#}. @{OTL@@DE} (@{SCT})",,,,,C major,4/4,100,4,Voice | Voice | Voice | Voice,12,215,Score,False,False,WARNING,no_bwv,
data/raw/bulk_xml/bach-chorales-370/kern/chor192.krn,chor192.krn,.krn,2408,5203098c3fcb4591e338afa0481d619e706d791965dece946f8b2983267d26f7,"Bach, Johann Sebastian","Gottlob, es geht nunmehr zu Ende, Chorale @{PC#}. @{OTL@@DE} (@{SCT})",,,,,B- major,3/4,100,4,Voice | Voice | Voice | Voice,16,156,Score,False,False,WARNING,no_bwv,
data/raw/bulk_xml/bach-chorales-370/kern/chor179.krn,chor179.krn,.krn,3275,11980a9e16a97faf0a4e8b3294c135ea5876cd0f7ddada67d61bec48f390d1f3,"Bach, Johann Sebastian","Wachet auf, ruft uns die Stimme, Chorale @{PC#}. @{OTL@@DE} (@{SCT})",,,,,E- major,4/4,100,4,Voice | Voice | Voice | Voice,18,299,Score,False,False,WARNING,no_bwv,
data/raw/bulk_xml/bach-chorales-370/kern/chor347.krn,chor347.krn,.krn,2576,1d2d6000d72f23edf547318891cbd1dff69f61db051b24b2136a3ba4613256d6,"Bach, Johann Sebastian","Was Gott tut, das ist wohlgetan, Chorale @{PC#}. @{OTL@@DE} (@{SCT})",,,,,G major,4/4,100,4,Voice | Voice | Voice | Voice,12,200,Score,False,False,WARNING,no_bwv,
data/raw/bulk_xml/bach-chorales-370/kern/chor353.krn,chor353.krn,.krn,2783,d08d900315bfbff6ee051a51436b13e1da51afea29df69806dac4d0e22f7825e,"Bach, Johann Sebastian","Der Herr ist mein getreuer Hirt, Chorale @{PC#}. @{OTL@@DE} (@{SCT})",,,,,G major,4/4,100,4,Voice | Voice | Voice | Voice,12,213,Score,False,False,WARNING,no_bwv,
data/raw/bulk_xml/bach-chorales-370/kern/chor187.krn,chor187.krn,.krn,2225,1ce259412ecb3784f90e2a8358ba741da0992191945dd45ceaca3d202c592fe7,"Bach, Johann Sebastian","Komm, Gott Sch&ouml;pfer, heiliger Geist, Chorale @{PC#}. @{OTL@@DE} (@{SCT})",,,,,C major,4/4,100,4,Voice | Voice | Voice | Voice,9,155,Score,False,False,WARNING,no_bwv,
data/raw/bulk_xml/bach-chorales-370/kern/chor346.krn,chor346.krn,.krn,2967,33d8dc65635daf19f36addea08276cfcd4af8e14e37658e0bebc33a8344baab6,"Bach, Johann Sebastian","Meines Lebens letzte Zeit, Chorale @{PC#}. @{OTL@@DE} (@{SCT})",,,,,G major,4/4,100,4,Voice | Voice | Voice | Voice,15,281,Score,False,False,WARNING,no_bwv,
data/raw/bulk_xml/bach-chorales-370/kern/chor193.krn,chor193.krn,.krn,2369,12820a9143b28ca36fdeae8682bb4dc8387c5287e48fd58181fbec287c8f7013,"Bach, Johann Sebastian","Was bist du doch, o Seele, so betr&uuml;bet, Chorale @{PC#}. @{OTL@@DE} (@{SCT})",,,,,C major,4/4,100,4,Voice | Voice | Voice | Voice,10,159,Score,False,False,WARNING,no_bwv,
data/raw/bulk_xml/bach-chorales-370/kern/chor178.krn,chor178.krn,.krn,2268,c5a250d7b17ddee257504f77b46238cce19d6376bb711bcd62dcd7aaaccae917,"Bach, Johann Sebastian","Das neugeborne Kindelein, Chorale @{PC#}. @{OTL@@DE} (@{SCT})",,,,,B- major,3/4,100,4,Voice | Voice | Voice | Voice,16,157,Score,False,False,WARNING,no_bwv,
data/raw/bulk_xml/bach-chorales-370/kern/chor352.krn,chor352.krn,.krn,3461,fb33bb4a2c15ad6abdb25ed678866fb786da0e1be79ade1df3b713c9a768e11c,"Bach, Johann Sebastian","Es woll' uns Gott gen&auml;dig sein, Chorale @{PC#}. @{OTL@@DE} (@{SCT})",,,,,C major,4/4,100,4,Voice | Voice | Voice | Voice,18,339,Score,False,False,WARNING,no_bwv,
data/raw/bulk_xml/bach-chorales-370/kern/chor144.krn,chor144.krn,.krn,2847,107a10a35346fcd52657bad74f87e9a4ec67d77b91d87f5f0563e3522219d3c3,"Bach, Johann Sebastian","Wer in dem Schutz des H&ouml;chsten ist, Chorale @{PC#}. @{OTL@@DE} (@{SCT})",,,,,A major,4/4,100,4,Voice | Voice | Voice | Voice,13,229,Score,False,False,WARNING,no_bwv,
data/raw/bulk_xml/bach-chorales-370/kern/chor030.krn,chor030.krn,.krn,2666,337179af05d1d1a87a43010717d74b8c15a0bdd6b0e5c4936e87c7d9a82d7237,"Bach, Johann Sebastian","Jesus Christus, unser Heiland, Chorale @{PC#}. @{OTL@@DE} (@{SCT})",,,,,G major,4/4,100,4,Voice | Voice | Voice | Voice,12,222,Score,False,False,WARNING,no_bwv,
data/raw/bulk_xml/bach-chorales-370/kern/chor024.krn,chor024.krn,.krn,2705,e172c3a81e81ae111552eb11899726ec18a58fbf9626b3ffe6301d6f42e28882,"Bach, Johann Sebastian","Valet will ich dir geben, Chorale @{PC#}. @{OTL@@DE} (@{SCT})",,,,,D major,4/4,100,4,Voice | Voice | Voice | Voice,14,215,Score,False,False,WARNING,no_bwv,
data/raw/bulk_xml/bach-chorales-370/kern/chor018.krn,chor018.krn,.krn,2446,8abbb8eed08e20007159391b3fe335bad9d20858d65d0bac62cfb54ab0384fc0,"Bach, Johann Sebastian","Gottes Sohn ist kommen, Chorale @{PC#}. @{OTL@@DE} (@{SCT})",,,,,G major,4/4,100,4,Voice | Voice | Voice | Voice,13,201,Score,False,False,WARNING,no_bwv,
data/raw/bulk_xml/bach-chorales-370/kern/chor232.krn,chor232.krn,.krn,2544,1a3d74489167b4f0d2c8a50ed529a2101f0715d2e1ce8efaef07626c17624d5c,"Bach, Johann Sebastian","Die Sonn hat sich mit ihrem Glanz, Chorale @{PC#}. @{OTL@@DE} (@{SCT})",,,,,C major,4/4,100,4,Voice | Voice | Voice | Voice,12,211,Score,False,False,WARNING,no_bwv,
data/raw/bulk_xml/bach-chorales-370/kern/chor226.krn,chor226.krn,.krn,2831,9c58fb0e34668cf7403057cbbd2801ee147d0e5558ccbf6309de4d8b0a659b6d,"Bach, Johann Sebastian","Herr Jesu Christ, du hast bereit't, Chorale @{PC#}. @{OTL@@DE} (@{SCT})",,,,,B- major,4/4,100,4,Voice | Voice | Voice | Voice,12,220,Score,False,False,WARNING,no_bwv,
data/raw/bulk_xml/bach-chorales-371/kern/chor217.krn,chor217.krn,.krn,2243,acd002936725caa839b10adb0444120789f11b199b418f58610a306de23cf761,"Bach, Johann Sebastian","Ach Gott, wie manches Herzeleid, Oh God, how many heart pains, Chorale @{PC#}. @{OTL@@DE} (@{SCT})",,,,,C major,3/4,100,4,Voice | Voice | Voice | Voice,16,143,Score,False,False,WARNING,no_bwv,
data/raw/bulk_xml/bach-chorales-371/kern/chor203.krn,chor203.krn,.krn,2931,e358dcdc11e11db393e371dae9b699b8f86ddb4f78631f14f1199a6b02bb0a3e,"Bach, Johann Sebastian","O Mensch, schau Jesum Christum an, Chorale @{PC#}. @{OTL@@DE} (@{SCT})",,,,,F major,3/4,100,4,Voice | Voice | Voice | Voice,21,243,Score,False,False,WARNING,no_bwv,
data/raw/bulk_xml/bach-chorales-371/kern/chor001.krn,chor001.krn,.krn,3106,76eb7432a97d2a817128517dc9adb4dfeccf7a87d234d9b29a82c7cc46e51f49,"Bach, Johann Sebastian","Aus meines Herzens Grunde, From the Depths of My Heart, Chorale @{PC#}. @{OTL@@DE} (@{SCT})",,,,,G major,3/4,100,4,Voice | Voice | Voice | Voice,23,229,Score,False,False,WARNING,no_bwv,
data/raw/bulk_xml/bach-chorales-371/kern/chor175.krn,chor175.krn,.krn,2338,60244449099c78626e8fb933100c9d84723031fbdb825bfd29f9861fa3bc75b0,"Bach, Johann Sebastian","Jesus, meine Zuversicht, Chorale @{PC#}. @{OTL@@DE} (@{SCT})",,,,,C major,4/4,100,4,Voice | Voice | Voice | Voice,9,154,Score,False,False,WARNING,no_bwv,
data/raw/bulk_xml/bach-chorales-371/kern/chor015.krn,chor015.krn,.krn,2820,a79612dfcb7225456fa6a613bfd8ec0decc7266b2d16575a47ffafb0de5871da,"Bach, Johann Sebastian","Christ lag in Todesbanden, Chorale @{PC#}. @{OTL@@DE} (@{SCT})",,,,,C major,4/4,100,4,Voice | Voice | Voice | Voice,13,239,Score,False,False,WARNING,no_bwv,
data/raw/bulk_xml/bach-chorales-371/kern/chor029.krn,chor029.krn,.krn,2664,d5ef24d1a3969f3ed6ab000e76f7277b981ee4ca304c8e1d2c7f057134bf3074,"Bach, Johann Sebastian","Freu dich sehr, o meine Seele, Chorale @{PC#}. @{OTL@@DE} (@{SCT})",,,,,G major,4/4,100,4,Voice | Voice | Voice | Voice,13,215,Score,False,False,WARNING,no_bwv,
data/raw/bulk_xml/bach-chorales-371/kern/chor161.krn,chor161.krn,.krn,2570,710dc8ec8bb0277b4f73c8b52c191fd6aada43c97944b2a2aa647b4b96da84d3,"Bach, Johann Sebastian","Ihr Gestirn, ihr hohen L&uuml;fte, Chorale @{PC#}. @{OTL@@DE} (@{SCT})",,,,,F major,3/4,100,4,Voice | Voice | Voice | Voice,16,177,Score,False,False,WARNING,no_bwv,
data/raw/bulk_xml/bach-chorales-371/kern/chor149.krn,chor149.krn,.krn,2207,75e75e49af94c2ca9b3651ab11060993e5d1d9b3802c49d1ab58c43fbe8e80d8,"Bach, Johann Sebastian","Nicht so traurig, nicht so sehr, Chorale @{PC#}. @{OTL@@DE} (@{SCT})",,,,,E- major,4/4,100,4,Voice | Voice | Voice | Voice,10,130,Score,False,False,WARNING,no_bwv,
data/raw/bulk_xml/bach-chorales-371/kern/chor363.krn,chor363.krn,.krn,2586,a017a4b0347d83183f4ecc77e8ab317cc9106bb07489a22342b0f3b261f453a3,"Bach, Johann Sebastian","O Welt, sieh hier dein Leben, Chorale @{PC#}. @{OTL@@DE} (@{SCT})",,,,,A major,4/4,100,4,Voice | Voice | Voice | Voice,13,212,Score,False,False,WARNING,no_bwv,
data/raw/bulk_xml/bach-chorales-371/kern/chor362.krn,chor362.krn,.krn,2653,bf933448d23be13b6593419b0ce36ca46a757af6aef3d66d19c3aa24005b2447,"Bach, Johann Sebastian","Es ist gewi&szlig;lich an der Zeit, Chorale @{PC#}. @{OTL@@DE} (@{SCT})",,,,,G major,4/4,100,4,Voice | Voice | Voice | Voice,12,208,Score,False,False,WARNING,no_bwv,
data/raw/bulk_xml/bach-chorales-371/kern/chor160.krn,chor160.krn,.krn,2259,22e286d1098b85b85784ed99fe997d1194a9238e19cc91688b3518c1f6d085bd,"Bach, Johann Sebastian","Gelobet seist du, Jesu Christ, Chorale @{PC#}. @{OTL@@DE} (@{SCT})",,,,,C major,4/4,100,4,Voice | Voice | Voice | Voice,11,177,Score,False,False,WARNING,no_bwv,
data/raw/bulk_xml/bach-chorales-371/kern/chor148.krn,chor148.krn,.krn,2429,2406ab51619d84b611a548438b35c7f3cadd4a17dd041ce8ced61ebade201bf0,"Bach, Johann Sebastian","Uns ist ein Kindlein heut geborn, Chorale @{PC#}. @{OTL@@DE} (@{SCT})",,,,,G major,4/4,100,4,Voice | Voice | Voice | Voice,12,163,Score,False,False,WARNING,no_bwv,
data/raw/bulk_xml/bach-chorales-371/kern/chor028.krn,chor028.krn,.krn,2227,67ba06fdedf638bd0d6890509d552f706f0c53b446bee42b31cdaa014a083485,"Bach, Johann Sebastian","Nun komm, der Heiden Heiland, Chorale @{PC#}. @{OTL@@DE} (@{SCT})",,,,,D major,4/4,100,4,Voice | Voice | Voice | Voice,8,150,Score,False,False,WARNING,no_bwv,
data/raw/bulk_xml/bach-chorales-371/kern/chor174.krn,chor174.krn,.krn,2426,fc622f2b4778803e5ed191c96d089c9c1bf42f37c3bd2db78f268929ea1b6789,"Bach, Johann Sebastian","Jesus Christus, unser Heiland, Chorale @{PC#}. @{OTL@@DE} (@{SCT})",,,,,F major,4/4,100,4,Voice | Voice | Voice | Voice,11,183,Score,False,False,WARNING,no_bwv,
data/raw/bulk_xml/bach-chorales-371/kern/chor014.krn,chor014.krn,.krn,2826,7f796a70c5467ff0f31d52a2d7d17038776df14a89832dc7f45fe21ccc20b740,"Bach, Johann Sebastian","O Herre Gott, dein g&ouml;ttlich Wort, Chorale @{PC#}. @{OTL@@DE} (@{SCT})",,,,,G major,4/4,100,4,Voice | Voice | Voice | Voice,16,238,Score,False,False,WARNING,no_bwv,
data/raw/bulk_xml/bach-chorales-371/kern/chor228.krn,chor228.krn,.krn,1956,e6498055043c273c2415d96eef4ecd47cc38717f8902d5bb8d314e264fac004f,"Bach, Johann Sebastian","Danket dem Herren, denn er ist sehr freundlich, Chorale @{PC#}. @{OTL@@DE} (@{SCT})",,,,,C major,4/4,100,4,Voice | Voice | Voice | Voice,7,108,Score,False,False,WARNING,no_bwv,
data/raw/bulk_xml/bach-chorales-371/kern/chor216.krn,chor216.krn,.krn,3132,0d851c2fd3dc784357cfdadf97642458816314a5d8151e4e837f41fab9bbdf67,"Bach, Johann Sebastian","Es ist genug! so nimm Herr, Chorale @{PC#}. @{OTL@@DE} (@{SCT})",,,,,A major,4/4,100,4,Voice | Voice | Voice | Voice,20,309,Score,False,False,WARNING,no_bwv,
data/raw/bulk_xml/bach-chorales-371/kern/chor200.krn,chor200.krn,.krn,2915,de1bc0694ddad9bed8bb925afe196759cea636026fee679337fdbedd8918ad9a,"Bach, Johann Sebastian","Christus ist erstanden, hat &uuml;berwunden, Chorale @{PC#}. @{OTL@@DE} (@{SCT})",,,,,C major,4/4,100,4,Voice | Voice | Voice | Voice,15,266,Score,False,False,WARNING,no_bwv,
data/raw/bulk_xml/bach-chorales-371/kern/chor002.krn,chor002.krn,.krn,2814,a342db31fe87b406a41db99c8d35a3369ae8361fdc4fda8be5f88898335e9173,"Bach, Johann Sebastian","Ich dank dir, lieber Herre, Chorale @{PC#}. @{OTL@@DE} (@{SCT})",,,,,A major,4/4,100,4,Voice | Voice | Voice | Voice,15,231,Score,False,False,WARNING,no_bwv,
data/raw/bulk_xml/bach-chorales-371/kern/chor202.krn,chor202.krn,.krn,3909,7f5d0cc09467a223aefd96d1a1411805ee043aec26e204d36aa94ee1c4534b03,"Bach, Johann Sebastian","O wir armen S&uuml;nder, Chorale @{PC#}. @{OTL@@DE} (@{SCT})",,,,,D major,4/4,100,4,Voice | Voice | Voice | Voice,27,393,Score,False,False,WARNING,no_bwv,
data/raw/bulk_xml/bach-chorales-371/kern/chor016.krn,chor016.krn,.krn,3189,3fede7a422685dd92fddae340e29f01f92136fd102e9d51d69d6bd5b58cc8c09,"Bach, Johann Sebastian","Es woll' uns Gott gen&auml;dig sein, Chorale @{PC#}. @{OTL@@DE} (@{SCT})",,,,,D major,4/4,100,4,Voice | Voice | Voice | Voice,19,302,Score,False,False,WARNING,no_bwv,
data/raw/bulk_xml/bach-chorales-371/kern/chor162.krn,chor162.krn,.krn,2742,1cc99171c2ef0016443a62e43cb7c27f8760bb7e41b2b2c92e557de645deb12c,"Bach, Johann Sebastian","Das alte Jahr vergangen ist, Chorale @{PC#}. @{OTL@@DE} (@{SCT})",,,,,C major,4/4,100,4,Voice | Voice | Voice | Voice,13,251,Score,False,False,WARNING,no_bwv,
data/raw/bulk_xml/bach-chorales-371/kern/chor189.krn,chor189.krn,.krn,2347,39168caa7eca5771ced54fd9544f13376ec91e04522b1e62cbf83c5c137f1725,"Bach, Johann Sebastian","Herr Jesu Christ, wahr Mensch und Gott, Chorale @{PC#}. @{OTL@@DE} (@{SCT})",,,,,A major,4/4,100,4,Voice | Voice | Voice | Voice,9,164,Score,False,False,WARNING,no_bwv,
data/raw/bulk_xml/bach-chorales-371/kern/chor176.krn,chor176.krn,.krn,2599,c8c2a084bb8a38d5ba46ccd34923eae8a4649995446f5392ca6467e2b77d2620,"Bach, Johann Sebastian","Erstanden ist der heil'ge Christ, Chorale @{PC#}. @{OTL@@DE} (@{SCT})",,,,,F major,3/4,100,4,Voice | Voice | Voice | Voice,17,201,Score,False,False,WARNING,no_bwv,
data/raw/bulk_xml/bach-chorales-371/kern/chor214.krn,chor214.krn,.krn,4300,6bd9313401ae1e11d84f32a2cf48feb1937f18a38896ac11789700113162f7b7,"Bach, Johann Sebastian","Mitten wir im Leben sind, Chorale @{PC#}. @{OTL@@DE} (@{SCT})",,,,,C major,4/4,100,4,Voice | Voice | Voice | Voice,27,486,Score,False,False,WARNING,no_bwv,
data/raw/bulk_xml/bach-chorales-371/kern/chor360.krn,chor360.krn,.krn,2779,185eefd724335b74142251fb65510c9010b91797e9139f95b116e70587c1f955,"Bach, Johann Sebastian","Wir Christenleut, Chorale @{PC#}. @{OTL@@DE} (@{SCT})",,,,,A major,4/4,100,4,Voice | Voice | Voice | Voice,12,238,Score,False,False,WARNING,no_bwv,
data/raw/bulk_xml/bach-chorales-371/kern/chor348.krn,chor348.krn,.krn,2706,38e296a39049eaf25f51e8816481bb94b3eb6f8481a8495fee7f3ed2fe19465c,"Bach, Johann Sebastian","Meinen Jesum la&szlig; ich nicht, weil, Chorale @{PC#}. @{OTL@@DE} (@{SCT})",,,,,C major,4/4,100,4,Voice | Voice | Voice | Voice,13,228,Score,False,False,WARNING,no_bwv,
data/raw/bulk_xml/bach-chorales-371/kern/chor177.krn,chor177.krn,.krn,2409,724d111f037e4fa3b9cf36056888d310b2bbb6c61ac2d1298336c30282b2d78a,"Bach, Johann Sebastian","Ach bleib bei uns, Herr Jesu Christ, Chorale @{PC#}. @{OTL@@DE} (@{SCT})",,,,,A major,4/4,100,4,Voice | Voice | Voice | Voice,11,164,Score,False,False,WARNING,no_bwv,
data/raw/bulk_xml/bach-chorales-371/kern/chor361.krn,chor361.krn,.krn,2847,5a11ccd9849956a83f0f58b44970d332c62db31e90275c76ab5fcfffc073b0a6,"Bach, Johann Sebastian","Du Lebensfurst, Herr Jesu Christ, Chorale @{PC#}. @{OTL@@DE} (@{SCT})",,,,,G major,4/4,100,4,Voice | Voice | Voice | Voice,14,242,Score,False,False,WARNING,no_bwv,
data/raw/bulk_xml/bach-chorales-371/kern/chor349.krn,chor349.krn,.krn,2902,56c7dc08d826d1e5caf5a5c507ead68d38eef7bd3e98ece3f57999e750e8cd1f,"Bach, Johann Sebastian","Ich hab in Gottes Herz und Sinn, Chorale @{PC#}. @{OTL@@DE} (@{SCT})",,,,,D major,4/4,100,4,Voice | Voice | Voice | Voice,14,247,Score,False,False,WARNING,no_bwv,
data/raw/bulk_xml/bach-chorales-371/kern/chor003.krn,chor003.krn,.krn,2696,34f103723793eec809aed6f20a042f5e193e93349194f74eba0ee3a3a593ca6d,"Bach, Johann Sebastian","Ach Gott, vom Himmel sieh darein, Oh God, look down from Heaven, Chorale @{PC#}. @{OTL@@DE} (@{SCT})",,,,,G major,4/4,100,4,Voice | Voice | Voice | Voice,12,196,Score,False,False,WARNING,no_bwv,
data/raw/bulk_xml/bach-chorales-371/kern/chor188.krn,chor188.krn,.krn,2353,ce80d8911b078f21db4b922bcbe3382e31cff3667e734c357c3db0e3855cc1ed,"Bach, Johann Sebastian","Ich dank dir schon durch deinen Sohn, Chorale @{PC#}. @{OTL@@DE} (@{SCT})",,,,,F major,3/4,100,4,Voice | Voice | Voice | Voice,16,165,Score,False,False,WARNING,no_bwv,
data/raw/bulk_xml/bach-chorales-371/kern/chor163.krn,chor163.krn,.krn,2684,1eeab560cefbcc989eb84ef7d5f3a7e70ae8fd955c6f07490a315dcb1ad2029e,"Bach, Johann Sebastian","F&uuml;r Freuden la&szlig;t uns springen, Chorale @{PC#}. @{OTL@@DE} (@{SCT})",,,,,B- major,4/4,100,4,Voice | Voice | Voice | Voice,11,204,Score,False,False,WARNING,no_bwv,
data/raw/bulk_xml/bach-chorales-371/kern/chor017.krn,chor017.krn,.krn,2359,072e668be0ec075be9ea70413cf6a396870f511d29bbf2782aa7a234b4eb36f3,"Bach, Johann Sebastian","Erschienen ist der herrliche Tag, Chorale @{PC#}. @{OTL@@DE} (@{SCT})",,,,,G major,3/4,100,4,Voice | Voice | Voice | Voice,18,176,Score,False,False,WARNING,no_bwv,
data/raw/bulk_xml/bach-chorales-371/kern/chor239.krn,chor239.krn,.krn,2928,f9b4685700385d80dac7d3251328e8680f179af67c5eaa6722d0d798152c0849,"Bach, Johann Sebastian","Den Veter dort oben, Chorale @{PC#}. @{OTL@@DE} (@{SCT})",,,,,C major,4/4,100,4,Voice | Voice | Voice | Voice,14,260,Score,False,False,WARNING,no_bwv,
data/raw/bulk_xml/bach-chorales-371/kern/chor229.krn,chor229.krn,.krn,3663,2a9a0484c88b48ca18d016327852b6f5b2b3d6e1acc6b24af7e190c3beb17523,"Bach, Johann Sebastian","Ich danke dir, o Gott, in deinem Throne, Chorale @{PC#}. @{OTL@@DE} (@{SCT})",,,,,B- major,4/4,100,4,Voice | Voice | Voice | Voice,19,369,Score,False,False,WARNING,no_bwv,
data/raw/bulk_xml/bach-chorales-371/kern/chor201.krn,chor201.krn,.krn,3729,e8ebed69ab562bea7727973c7580e040aa2aec19a7f230ef662f94c958d194ef,"Bach, Johann Sebastian","O Mensch, bewein dein' S&uuml;nde gro&szlig;, Chorale @{PC#}. @{OTL@@DE} (@{SCT})",,,,,E- major,4/4,100,4,Voice | Voice | Voice | Voice,20,359,Score,False,False,WARNING,no_bwv,
data/raw/bulk_xml/bach-chorales-371/kern/chor211.krn,chor211.krn,.krn,2981,ef31278dfdc20de87205bd02535c6a008919b8dba025d7cbba3b5f3d8f2e7256,"Bach, Johann Sebastian","Weltlich Ehr und zeitlich Gut, Chorale @{PC#}. @{OTL@@DE} (@{SCT})",,,,,C major,4/4,100,4,Voice | Voice | Voice | Voice,16,292,Score,False,False,WARNING,no_bwv,
data/raw/bulk_xml/bach-chorales-371/kern/chor013.krn,chor013.krn,.krn,3187,ec570d70ab9d1d30ce2b3ca0dabacaecc1909ff1d1d979010adf697ec932586a,"Bach, Johann Sebastian","Allein zu dir, Herr Jesu Christ, Chorale @{PC#}. @{OTL@@DE} (@{SCT})",,,,,C major,4/4,100,4,Voice | Voice | Voice | Voice,18,308,Score,False,False,WARNING,no_bwv,
data/raw/bulk_xml/bach-chorales-371/kern/chor215.krn,chor215.krn,.krn,4234,56914176fb2a1acaac4d0c3f67b486c20b2ca509d0e2f684886bbf2188d67a22,"Bach, Johann Sebastian","Verleih uns Frieden gn&auml;diglich, Chorale @{PC#}. @{OTL@@DE} (@{SCT})",,,,,B- major,4/4,100,4,Voice | Voice | Voice | Voice,28,484,Score,False,False,WARNING,no_bwv,
data/raw/bulk_xml/bach-chorales-371/kern/chor173.krn,chor173.krn,.krn,2479,dc5dd8206e31b836701405456f7ed95248d7c1bb433911b8d30fe4914124fccd,"Bach, Johann Sebastian","O Herzensangst, o Bangigkeit, Chorale @{PC#}. @{OTL@@DE} (@{SCT})",,,,,E- major,3/4,100,4,Voice | Voice | Voice | Voice,18,181,Score,False,False,WARNING,no_bwv,
data/raw/bulk_xml/bach-chorales-371/kern/chor167.krn,chor167.krn,.krn,2766,12cb8270db83cd6b249d59ca5720e21dbd268b66f470bca2c7f0abcc282c92c1,"Bach, Johann Sebastian","Du gro&szlig;er Schmerzensmann, Chorale @{PC#}. @{OTL@@DE} (@{SCT})",,,,,G major,4/4,100,4,Voice | Voice | Voice | Voice,17,255,Score,False,False,WARNING,no_bwv,
data/raw/bulk_xml/bach-chorales-371/kern/chor007.krn,chor007.krn,.krn,3578,face2f5010b08c2052cec639885727b0bb6d59b3a9dc684f77f26cb1d08b7df7,"Bach, Johann Sebastian","Nun lob, mein Seel, den Herren, Chorale @{PC#}. @{OTL@@DE} (@{SCT})",,,,,A major,3/4,100,4,Voice | Voice | Voice | Voice,39,346,Score,False,False,WARNING,no_bwv,
data/raw/bulk_xml/bach-chorales-371/kern/chor365.krn,chor365.krn,.krn,2685,77ddc2e0d24d6a7a13ebddc1165ef7804e9ff1ed1b43e496f5a0d6e21d90934a,"Bach, Johann Sebastian","Jesu meiner Seelen Wonne, Chorale @{PC#}. @{OTL@@DE} (@{SCT})",,,,,A major,4/4,100,4,Voice | Voice | Voice | Voice,12,206,Score,False,False,WARNING,no_bwv,
data/raw/bulk_xml/bach-chorales-371/kern/chor198.krn,chor198.krn,.krn,3251,4c033e68c2efe197023e5fcac1c7ea548e3b257dc46aa88bdbb117c088ad50ac,"Bach, Johann Sebastian","Christus, der uns selig macht, Chorale @{PC#}. @{OTL@@DE} (@{SCT})",,,,,C major,4/4,100,4,Voice | Voice | Voice | Voice,17,322,Score,False,False,WARNING,no_bwv,
data/raw/bulk_xml/bach-chorales-371/kern/chor359.krn,chor359.krn,.krn,3272,b1897366a6c556e0d3dd44fe81c799aa8aef7c0f9b3f0472ac4cc97c5a884e4e,"Bach, Johann Sebastian","Allein zu dir, Herr Jesu Christ, Chorale @{PC#}. @{OTL@@DE} (@{SCT})",,,,,D major,4/4,100,4,Voice | Voice | Voice | Voice,21,323,Score,False,False,WARNING,no_bwv,
data/raw/bulk_xml/bach-chorales-371/kern/chor371.krn,chor371.krn,.krn,2961,a7832275ccc298515ed7cb85a9011db5cab044b694df13c53805823485c5415b,"Bach, Johann Sebastian","Christ lag in Todesbanden, Chorale @{PC#}. @{OTL@@DE} (@{SCT})",,,,,G major,4/4,100,4,Voice | Voice | Voice | Voice,14,253,Score,False,False,WARNING,no_bwv,
data/raw/bulk_xml/bach-chorales-371/kern/chor370.krn,chor370.krn,.krn,2720,160531f50754aef554e542e13181d432cc953602a4dc68312a2f24e4871c438f,"Bach, Johann Sebastian","Kommt her zu mir, spricht Gottes Sohn, Chorale @{PC#}. @{OTL@@DE} (@{SCT})",,,,,C major,4/4,100,4,Voice | Voice | Voice | Voice,14,256,Score,False,False,WARNING,no_bwv,
data/raw/bulk_xml/bach-chorales-371/kern/chor364.krn,chor364.krn,.krn,3019,b14da939201c99e7685f3e5c18038a2308805bcb92af74ac9e3690c929419d0e,"Bach, Johann Sebastian","Von Gott will ich nicht lassen, Chorale @{PC#}. @{OTL@@DE} (@{SCT})",,,,,D major,4/4,100,4,Voice | Voice | Voice | Voice,14,238,Score,False,False,WARNING,no_bwv,
data/raw/bulk_xml/bach-chorales-371/kern/chor358.krn,chor358.krn,.krn,2599,62dc3a31025da54295c5bc421f2e4926522f6c16d893840260922830b4f4521e,"Bach, Johann Sebastian","Meine Seele erhebet den Herrn, Chorale @{PC#}. @{OTL@@DE} (@{SCT})",,,,,B- major,4/4,100,4,Voice | Voice | Voice | Voice,22,214,Score,False,False,WARNING,no_bwv,
data/raw/bulk_xml/bach-chorales-371/kern/chor199.krn,chor199.krn,.krn,3146,a06a2b7056115f26cacae0efc1d1ac8c57b4bf1b1af91f3165bd117437752b80,"Bach, Johann Sebastian","Hilf, Gott, la&szlig; mir's gelingen, Chorale @{PC#}. @{OTL@@DE} (@{SCT})",,,,,F major,3/4,100,4,Voice | Voice | Voice | Voice,23,241,Score,False,False,WARNING,no_bwv,
data/raw/bulk_xml/bach-chorales-371/kern/chor172.krn,chor172.krn,.krn,2675,cf80b91ca713707f15260551d494ff1cb960851d8ef0c348e3c5795c7daa26e6,"Bach, Johann Sebastian","Sei gegr&uuml;&szlig;et, Jesu g&uuml;tig, Chorale @{PC#}. @{OTL@@DE} (@{SCT})",,,,,B- major,4/4,100,4,Voice | Voice | Voice | Voice,14,233,Score,False,False,WARNING,no_bwv,
data/raw/bulk_xml/bach-chorales-371/kern/chor205.krn,chor205.krn,.krn,8162,4e1d51a764eb54c7e6edafb8f605008ee3005fbfdb679df7c3555045cfc7b40e,"Bach, Johann Sebastian","Herr Gott, dich loben wir, Chorale @{PC#}. @{OTL@@DE} (@{SCT})",,,,,C major,4/4,100,4,Voice | Voice | Voice | Voice,57,1024,Score,False,False,WARNING,no_bwv,
data/raw/bulk_xml/bach-chorales-371/kern/chor166.krn,chor166.krn,.krn,2873,d8f9d915eee439e468a5dff639b6723d40d024432fe272c71458e7f90f19523b,"Bach, Johann Sebastian","Es stehn vor Gottes Throne, Chorale @{PC#}. @{OTL@@DE} (@{SCT})",,,,,F major,4/4,100,4,Voice | Voice | Voice | Voice,15,241,Score,False,False,WARNING,no_bwv,
data/raw/bulk_xml/bach-chorales-371/kern/chor006.krn,chor006.krn,.krn,2013,26db6f71a7c000a84afbce4566fe794b8346ca195110ae0b73999414a2855a39,"Bach, Johann Sebastian","Christus, der ist mein Leben, Chorale @{PC#}. @{OTL@@DE} (@{SCT})",,,,,F major,4/4,100,4,Voice | Voice | Voice | Voice,9,129,Score,False,False,WARNING,no_bwv,
data/raw/bulk_xml/bach-chorales-371/kern/chor012.krn,chor012.krn,.krn,2112,19d11b539894a2b3bd07f4ca939e61b44b9b3d87d88cb5f4ee5d265fdfd8e2c9,"Bach, Johann Sebastian","Puer natus in Bethlehem, Chorale @{PC#}. @{OTL@@DE} (@{SCT})",,,,,C major,3/4,100,4,Voice | Voice | Voice | Voice,17,148,Score,False,False,WARNING,no_bwv,
data/raw/bulk_xml/bach-chorales-371/kern/chor204.krn,chor204.krn,.krn,2134,71ddf34c861e26c4353f598ad217cf4d32c3706ea91f7a7dff5af926c41511b8,"Bach, Johann Sebastian","Wer wei&szlig;, wie nahe mir mein Ende, Chorale @{PC#}. @{OTL@@DE} (@{SCT})",,,,,B- major,4/4,100,4,Voice | Voice | Voice | Voice,11,143,Score,False,False,WARNING,no_bwv,
data/raw/bulk_xml/bach-chorales-371/kern/chor238.krn,chor238.krn,.krn,2368,f51d19b2c8e5e7a672e719f7aba513aea2851e46c5c6250823c4414285970f77,"Bach, Johann Sebastian","Es wind schier der letzte Tag, Chorale @{PC#}. @{OTL@@DE} (@{SCT})",,,,,G major,4/4,100,4,Voice | Voice | Voice | Voice,10,173,Score,False,False,WARNING,no_bwv,
data/raw/bulk_xml/bach-chorales-371/kern/chor210.krn,chor210.krn,.krn,2733,f1ee0ea7bea4313d807ac0b4eed2cda5f1dee5a0903e9b6f84d402d85bbe9164,"Bach, Johann Sebastian","Christe, du Beistand deiner Kreuzgemeinde, Chorale @{PC#}. @{OTL@@DE} (@{SCT})",,,,,C major,4/4,100,4,Voice | Voice | Voice | Voice,16,245,Score,False,False,WARNING,no_bwv,
data/raw/bulk_xml/bach-chorales-371/kern/chor038.krn,chor038.krn,.krn,2548,9ca41ff81d66a72f514e113f9696d6b2398816ac7dfcf940020498c73781ff82,"Bach, Johann Sebastian","Straf mich nicht in deinem Zorn, Chorale @{PC#}. @{OTL@@DE} (@{SCT})",,,,,E- major,4/4,100,4,Voice | Voice | Voice | Voice,10,176,Score,False,False,WARNING,no_bwv,
data/raw/bulk_xml/bach-chorales-371/kern/chor206.krn,chor206.krn,.krn,2889,7119b3e5979d44071321c13e3c7f42a9cbbe1dffed0881d9c523d26685a09914,"Bach, Johann Sebastian","So gibst du nun, mein Jesu, gute Nacht, Chorale @{PC#}. @{OTL@@DE} (@{SCT})",,,,,F major,4/4,100,4,Voice | Voice | Voice | Voice,16,269,Score,False,False,WARNING,no_bwv,
data/raw/bulk_xml/bach-chorales-371/kern/chor212.krn,chor212.krn,.krn,2820,9ddac0abc2735758fc2671bdbaa9a096b34971432be7131077c627463f329a7b,"Bach, Johann Sebastian","Herr, ich dank an jene Zeit, Chorale @{PC#}. @{OTL@@DE} (@{SCT})",,,,,E- major,4/4,100,4,Voice | Voice | Voice | Voice,14,235,Score,False,False,WARNING,no_bwv,
data/raw/bulk_xml/bach-chorales-371/kern/chor004.krn,chor004.krn,.krn,2544,2be2b82c17f6c83c42e4bf90a8a243e59052ce63c7a7182122368e67a6074d60,"Bach, Johann Sebastian","Es ist das Heil uns kommen her, Chorale @{PC#}. @{OTL@@DE} (@{SCT})",,,,,E major,4/4,100,4,Voice | Voice | Voice | Voice,12,186,Score,False,False,WARNING,no_bwv,
data/raw/bulk_xml/bach-chorales-371/kern/chor010.krn,chor010.krn,.krn,2417,897872f03572fb0b3508a6c870f6c378f657e413d787b638b9235d502d14e8a9,"Bach, Johann Sebastian","Aus tiefer Not schrei ich zu dir, Chorale @{PC#}. @{OTL@@DE} (@{SCT})",,,,,C major,4/4,100,4,Voice | Voice | Voice | Voice,13,182,Score,False,False,WARNING,no_bwv,
data/raw/bulk_xml/bach-chorales-371/kern/chor170.krn,chor170.krn,.krn,2162,ded0f500db318a17ab98b0ae7ced0f4a0d1e897aaae2cd2050ae7c7f668a53ad,"Bach, Johann Sebastian","Nun komm, der Heiden Heiland, Chorale @{PC#}. @{OTL@@DE} (@{SCT})",,,,,C major,4/4,100,4,Voice | Voice | Voice | Voice,8,149,Score,False,False,WARNING,no_bwv,
data/raw/bulk_xml/bach-chorales-371/kern/chor158.krn,chor158.krn,.krn,3212,8b2972e8389cf131997491a90ce0e9d2e625830b82281cdf3f6f76ef5e69aaf7,"Bach, Johann Sebastian","Der Tag, der ist so freudenreich, Chorale @{PC#}. @{OTL@@DE} (@{SCT})",,,,,G major,4/4,100,4,Voice | Voice | Voice | Voice,18,297,Score,False,False,WARNING,no_bwv,
data/raw/bulk_xml/bach-chorales-371/kern/chor164.krn,chor164.krn,.krn,2569,9ff7c4373f03b805755500647ea40ef37986dafa5f86df2fb2b8d626f464f7d4,"Bach, Johann Sebastian","Herr Gott, dich loben alle wir, Chorale @{PC#}. @{OTL@@DE} (@{SCT})",,,,,B- major,3/4,100,4,Voice | Voice | Voice | Voice,17,189,Score,False,False,WARNING,no_bwv,
data/raw/bulk_xml/bach-chorales-371/kern/chor171.krn,chor171.krn,.krn,2464,1f0730f36d5b94bb7d825f98f3f3633c95485f3ff12a57b2f334536a1635da3e,"Bach, Johann Sebastian","Schaut, ihr S&uuml;nder, Chorale @{PC#}. @{OTL@@DE} (@{SCT})",,,,,F major,4/4,100,4,Voice | Voice | Voice | Voice,12,194,Score,False,False,WARNING,no_bwv,
data/raw/bulk_xml/bach-chorales-371/kern/chor366.krn,chor366.krn,.krn,2767,ea3a27a11f59ebfcb8e1127af0d54d3a0a0f33c2949428ca9a04f59d956a18c8,"Bach, Johann Sebastian","O Welt, sieh hier dein Leben, Chorale @{PC#}. @{OTL@@DE} (@{SCT})",,,,,A major,4/4,100,4,Voice | Voice | Voice | Voice,13,247,Score,False,False,WARNING,no_bwv,
data/raw/bulk_xml/bach-chorales-371/kern/chor367.krn,chor367.krn,.krn,2643,b10be9c31f6ab64e3ab8a86a7b52cce5e9151341a62765e7d659400639f9a666,"Bach, Johann Sebastian","Befiehl du deine Wege, Chorale @{PC#}. @{OTL@@DE} (@{SCT})",,,,,D major,4/4,100,4,Voice | Voice | Voice | Voice,14,204,Score,False,False,WARNING,no_bwv,
data/raw/bulk_xml/bach-chorales-371/kern/chor165.krn,chor165.krn,.krn,2777,de9452339b0f5d7bfb4057730676707be8136834f61b0fbe7b3380d6eee323eb,"Bach, Johann Sebastian","O Lamm Gottes, unschuldig, Chorale @{PC#}. @{OTL@@DE} (@{SCT})",,,,,F major,4/4,100,4,Voice | Voice | Voice | Voice,13,220,Score,False,False,WARNING,no_bwv,
data/raw/bulk_xml/bach-chorales-371/kern/chor159.krn,chor159.krn,.krn,2267,78a610689c561ddcfe9f89f02f4262579a0da08b1f06288ad927e8f81187632e,"Bach, Johann Sebastian","Als der g&uuml;tige Gott, Chorale @{PC#}. @{OTL@@DE} (@{SCT})",,,,,G major,4/4,100,4,Voice | Voice | Voice | Voice,11,161,Score,False,False,WARNING,no_bwv,
data/raw/bulk_xml/bach-chorales-371/kern/chor213.krn,chor213.krn,.krn,2375,5722d47d0de8f6f0421b345ce6f93ffc7637b89ad926a4615789cfada5828aaa,"Bach, Johann Sebastian","O wie selig ihr doch, ihr Frommen, Chorale @{PC#}. @{OTL@@DE} (@{SCT})",,,,,F major,4/4,100,4,Voice | Voice | Voice | Voice,11,187,Score,False,False,WARNING,no_bwv,
data/raw/bulk_xml/bach-chorales-371/kern/chor039.krn,chor039.krn,.krn,2752,5fc42752fb9e933b6b2d26bac0c3558e84a219855f0d9061585062db2f1c5f80,"Bach, Johann Sebastian","Ach, was soll ich S&uuml;nder machen?, Chorale @{PC#}. @{OTL@@DE} (@{SCT})",,,,,G major,4/4,100,4,Voice | Voice | Voice | Voice,12,233,Score,False,False,WARNING,no_bwv,
data/raw/bulk_xml/bach-chorales-371/kern/chor260.krn,chor260.krn,.krn,2598,c3d33553d0ad4443d6912eff5a7859d2c326f83e2a5e77be9ce90951950d9b77,"Bach, Johann Sebastian","Es ist gewi&szlig;lich an der Zeit, Chorale @{PC#}. @{OTL@@DE} (@{SCT})",,,,,B- major,4/4,100,4,Voice | Voice | Voice | Voice,12,194,Score,False,False,WARNING,no_bwv,
data/raw/bulk_xml/bach-chorales-371/kern/chor207.krn,chor207.krn,.krn,2516,161f0dbdcfc31a2be4495696673569d1500cee172a6089b75184ddea66d93647,"Bach, Johann Sebastian","Des heil'gen Geistes reiche Gnad, Chorale @{PC#}. @{OTL@@DE} (@{SCT})",,,,,F major,3/4,100,4,Voice | Voice | Voice | Voice,16,189,Score,False,False,WARNING,no_bwv,
data/raw/bulk_xml/bach-chorales-371/kern/chor274.krn,chor274.krn,.krn,2692,8e942a1750d065b4c34d9052fa9ba83ad70bab4f967baf8025231d9814b47c32,"Bach, Johann Sebastian","O Ewigkeit, du Donnerwort, Chorale @{PC#}. @{OTL@@DE} (@{SCT})",,,,,F major,4/4,100,4,Voice | Voice | Voice | Voice,13,209,Score,False,False,WARNING,no_bwv,
data/raw/bulk_xml/bach-chorales-371/kern/chor248.krn,chor248.krn,.krn,2626,fe1af740514908ced5c09fd51bbfb1bc2e2a8a9d5ad6ad217cc0fcad8fc637b6,"Bach, Johann Sebastian","Sei Lob und Ehr dem h&ouml;chsten Gut, Chorale @{PC#}. @{OTL@@DE} (@{SCT})",,,,,G major,4/4,100,4,Voice | Voice | Voice | Voice,12,204,Score,False,False,WARNING,no_bwv,
data/raw/bulk_xml/bach-chorales-371/kern/chor005.krn,chor005.krn,.krn,3368,ffca6b33d2b493043fd86d8ae59a043d7a07dd2d46b8cf25a6ec99bdb6d63db7,"Bach, Johann Sebastian","An Wasserfl&uuml;ssen Babylon, Chorale @{PC#}. @{OTL@@DE} (@{SCT})",,,,,G major,4/4,100,4,Voice | Voice | Voice | Voice,19,333,Score,False,False,WARNING,no_bwv,
data/raw/bulk_xml/bach-chorales-371/kern/chor011.krn,chor011.krn,.krn,3843,d863329cc5810a0919c893643442476014859d52c5e66e83e3f77289cb24adb7,"Bach, Johann Sebastian","Jesu, nun sei gepreiset, Chorale @{PC#}. @{OTL@@DE} (@{SCT})",,,,,C major,4/4,100,4,Voice | Voice | Voice | Voice,36,422,Score,False,False,WARNING,no_bwv,
data/raw/bulk_xml/bach-chorales-371/kern/chor062.krn,chor062.krn,.krn,2338,637efb1a3e57e1bf0a335ec337271ef19d922dae965746fcb5d0b08f3889aaef,"Bach, Johann Sebastian","Wer nur den lieben Gott l&auml;&szlig;t walten, Chorale @{PC#}. @{OTL@@DE} (@{SCT})",,,,,D major,4/4,100,4,Voice | Voice | Voice | Voice,11,155,Score,False,False,WARNING,no_bwv,
data/raw/bulk_xml/bach-chorales-371/kern/chor076.krn,chor076.krn,.krn,2855,cdcbfc293650e0dd02a0147a38c3a8152aaabb4c28c1e486e5812a675ff3f681,"Bach, Johann Sebastian","Freu dich sehr, o meine Seele, Chorale @{PC#}. @{OTL@@DE} (@{SCT})",,,,,G major,4/4,100,4,Voice | Voice | Voice | Voice,14,238,Score,False,False,WARNING,no_bwv,
data/raw/bulk_xml/bach-chorales-371/kern/chor089.krn,chor089.krn,.krn,2634,c83fed12e8693642144262e6521c72cfc6c60769d6908e1d0b650e62e72d1d86,"Bach, Johann Sebastian","O Haupt voll Blut und Wunden, Chorale @{PC#}. @{OTL@@DE} (@{SCT})",,,,,D major,4/4,100,4,Voice | Voice | Voice | Voice,14,201,Score,False,False,WARNING,no_bwv,
data/raw/bulk_xml/bach-chorales-371/kern/chor300.krn,chor300.krn,.krn,2324,f6fd94677b64e6282c32e57ffd8ca8b82cbdb46cf50ba9216f5e2b4e6da8fa74,"Bach, Johann Sebastian","Warum betr&uuml;bst du dich, mein Herz, Chorale @{PC#}. @{OTL@@DE} (@{SCT})",,,,,C major,4/4,100,4,Voice | Voice | Voice | Voice,11,180,Score,False,False,WARNING,no_bwv,
data/raw/bulk_xml/bach-chorales-371/kern/chor314.krn,chor314.krn,.krn,2577,478f95e808e719d51e5a8b0f3d955441c75ea00f6eef19ef3f65ef09d46dae07,"Bach, Johann Sebastian","Das alte Jahr vergangen ist, Chorale @{PC#}. @{OTL@@DE} (@{SCT})",,,,,G major,4/4,100,4,Voice | Voice | Voice | Voice,13,223,Score,False,False,WARNING,no_bwv,
data/raw/bulk_xml/bach-chorales-371/kern/chor102.krn,chor102.krn,.krn,2530,7a387c33b12eac8d943f7849a1b048541a838b640a0374fd36d0b7fef67c643f,"Bach, Johann Sebastian","Du lebensf&uuml;rst, Herr Jesu Christ, Chorale @{PC#}. @{OTL@@DE} (@{SCT})",,,,,G major,3/4,100,4,Voice | Voice | Voice | Voice,22,195,Score,False,False,WARNING,no_bwv,
data/raw/bulk_xml/bach-chorales-371/kern/chor328.krn,chor328.krn,.krn,2419,83495fd6874caab65f2d84eb1fda28c44a8192dceda26c1e69e14ceb422b8d8c,"Bach, Johann Sebastian","Liebester Jesu, wir sind hier, Chorale @{PC#}. @{OTL@@DE} (@{SCT})",,,,,G major,4/4,100,4,Voice | Voice | Voice | Voice,10,159,Score,False,False,WARNING,no_bwv,
data/raw/bulk_xml/bach-chorales-371/kern/chor329.krn,chor329.krn,.krn,2728,9c5744c8e517f67c05c47299c3b456984b6c81a30fdc215a5ef3730bb80308d9,"Bach, Johann Sebastian","Sei Lob und Ehr dem h&ouml;chsten Gut, Chorale @{PC#}. @{OTL@@DE} (@{SCT})",,,,,G major,4/4,100,4,Voice | Voice | Voice | Voice,12,227,Score,False,False,WARNING,no_bwv,
data/raw/bulk_xml/bach-chorales-371/kern/chor301.krn,chor301.krn,.krn,2683,4d43581ef78b5842339737d5b2496fac37cc7821921a08ed9d31636770862407,"Bach, Johann Sebastian","Ach lieben Christen, seid getrost, Chorale @{PC#}. @{OTL@@DE} (@{SCT})",,,,,B- major,4/4,100,4,Voice | Voice | Voice | Voice,12,209,Score,False,False,WARNING,no_bwv,
data/raw/bulk_xml/bach-chorales-371/kern/chor315.krn,chor315.krn,.krn,2679,7d06d69fb698c8116d8cdfbc728912ee54c03f27a2fb0cbe6caea67f10c5a6ff,"Bach, Johann Sebastian","O Gott, du frommer Gott, Chorale @{PC#}. @{OTL@@DE} (@{SCT})",,,,,G major,4/4,100,4,Voice | Voice | Voice | Voice,14,200,Score,False,False,WARNING,no_bwv,
data/raw/bulk_xml/bach-chorales-371/kern/chor103.krn,chor103.krn,.krn,2458,7e295b975e4d954d2956cae3b52bb2dd3f528fe2d370a04d03deb9090263b05c,"Bach, Johann Sebastian","Nun ruhen alle W&auml;lder, Chorale @{PC#}. @{OTL@@DE} (@{SCT})",,,,,B- major,4/4,100,4,Voice | Voice | Voice | Voice,13,206,Score,False,False,WARNING,no_bwv,
data/raw/bulk_xml/bach-chorales-371/kern/chor116.krn,chor116.krn,.krn,4627,8616dad3602d0ee4bad55ae8c715aabb43208d3045383f9e78e68524d9aba7d6,"Bach, Johann Sebastian","Nun lob, mein Seel, den Herren, Chorale @{PC#}. @{OTL@@DE} (@{SCT})",,,,,D major,3/4,100,4,Voice | Voice | Voice | Voice,38,434,Score,False,False,WARNING,no_bwv,
data/raw/bulk_xml/bach-chorales-371/kern/chor117.krn,chor117.krn,.krn,2668,73ab87b07776bd770b8ed68839f1e6647e9764739f9fffe23d23a2ee9c5f1747,"Bach, Johann Sebastian","Nun ruhen alle W&auml;lder, Chorale @{PC#}. @{OTL@@DE} (@{SCT})",,,,,A- major,4/4,100,4,Voice | Voice | Voice | Voice,13,221,Score,False,False,WARNING,no_bwv,
data/raw/bulk_xml/bach-chorales-371/kern/chor077.krn,chor077.krn,.krn,2805,6082dce3b52b3d290fdc2412f5a48e62aff0e7312e9dc35f0cb9e8b83c88e7c7,"Bach, Johann Sebastian","In dich hab ich gehoffet, Herr, Chorale @{PC#}. @{OTL@@DE} (@{SCT})",,,,,A major,4/4,100,4,Voice | Voice | Voice | Voice,13,241,Score,False,False,WARNING,no_bwv,
data/raw/bulk_xml/bach-chorales-371/kern/chor063.krn,chor063.krn,.krn,2519,1c9e3e03ab322759288078d75e1a0f617159c4e9f5fc9f30838599671af316f5,"Bach, Johann Sebastian","Nun ruhen alle W&auml;lder, Chorale @{PC#}. @{OTL@@DE} (@{SCT})",,,,,A major,4/4,100,4,Voice | Voice | Voice | Voice,13,206,Score,False,False,WARNING,no_bwv,
data/raw/bulk_xml/bach-chorales-371/kern/chor261.krn,chor261.krn,.krn,2595,6bdac4b11d134e1dcfa2cc79d261034b0c2ffd15b6afaba9122835dff2b15073,"Bach, Johann Sebastian","Christ lag in Todesbanden, Chorale @{PC#}. @{OTL@@DE} (@{SCT})",,,,,G major,4/4,100,4,Voice | Voice | Voice | Voice,14,204,Score,False,False,WARNING,no_bwv,
data/raw/bulk_xml/bach-chorales-371/kern/chor088.krn,chor088.krn,.krn,2536,5962fd8dc500c3168ca6f3612ff460312e1edf8f3ba4039efe99c68c47a4fdf3,"Bach, Johann Sebastian","Helft mir Gotts G&uuml;te preisen, Chorale @{PC#}. @{OTL@@DE} (@{SCT})",,,,,C major,4/4,100,4,Voice | Voice | Voice | Voice,14,200,Score,False,False,WARNING,no_bwv,
data/raw/bulk_xml/bach-chorales-371/kern/chor275.krn,chor275.krn,.krn,2522,a32ad194eb286220a64ab8fbf259aa335dee9335f2592ff2c2cab0ca3a38d3a8,"Bach, Johann Sebastian","O Welt, sieh hier dein Leben, Chorale @{PC#}. @{OTL@@DE} (@{SCT})",,,,,A major,4/4,100,4,Voice | Voice | Voice | Voice,13,201,Score,False,False,WARNING,no_bwv,
data/raw/bulk_xml/bach-chorales-371/kern/chor249.krn,chor249.krn,.krn,2699,2950ab4591c24419e197a1e5d2e6b9abe36de68164ef633e8cb342a1fbf20fc7,"Bach, Johann Sebastian","Allein Gott in der H&ouml;h sei Ehr, Chorale @{PC#}. @{OTL@@DE} (@{SCT})",,,,,G major,4/4,100,4,Voice | Voice | Voice | Voice,12,216,Score,False,False,WARNING,no_bwv,
data/raw/bulk_xml/bach-chorales-371/kern/chor049.krn,chor049.krn,.krn,2664,c3c3f06510b823e55af079f7916a14eeb780f952d2ce1c7a4c2d3086aee7a2b5,"Bach, Johann Sebastian","Mit Fried' und Freud' fahr' ich dahin, Chorale @{PC#}. @{OTL@@DE} (@{SCT})",,,,,C major,4/4,100,4,Voice | Voice | Voice | Voice,13,236,Score,False,False,WARNING,no_bwv,
data/raw/bulk_xml/bach-chorales-371/kern/chor263.krn,chor263.krn,.krn,2522,abf05ad1076e135e5116c51fc11a1f157810033e3fcf3e9a77ed819428e3437b,"Bach, Johann Sebastian","Jesu, meine Freude, Chorale @{PC#}. @{OTL@@DE} (@{SCT})",,,,,G major,4/4,100,4,Voice | Voice | Voice | Voice,13,190,Score,False,False,WARNING,no_bwv,
data/raw/bulk_xml/bach-chorales-371/kern/chor288.krn,chor288.krn,.krn,2469,7e1c9b62a6d4c0a308c36f062882ae757a1b56fc1e2639202984e5f5923b9f7d,"Bach, Johann Sebastian","Gelobet seist du, Jesu Christ, Chorale @{PC#}. @{OTL@@DE} (@{SCT})",,,,,D major,4/4,100,4,Voice | Voice | Voice | Voice,11,189,Score,False,False,WARNING,no_bwv,
data/raw/bulk_xml/bach-chorales-371/kern/chor277.krn,chor277.krn,.krn,3750,9862db3a23db33dd0936048dffb1715d26f7468d7729338996c0bb6a3ca2de18,"Bach, Johann Sebastian","Herzlich lieb hab ich dich, o Herr, Chorale @{PC#}. @{OTL@@DE} (@{SCT})",,,,,C major,4/4,100,4,Voice | Voice | Voice | Voice,21,405,Score,False,False,WARNING,no_bwv,
data/raw/bulk_xml/bach-chorales-371/kern/chor075.krn,chor075.krn,.krn,2407,52b778d84d9a48de0cd13526fceddb25d3db0fec6f30f97e0300dddb05c889ed,"Bach, Johann Sebastian","Das walt mein Gott, Chorale @{PC#}. @{OTL@@DE} (@{SCT})",,,,,F major,4/4,100,4,Voice | Voice | Voice | Voice,12,192,Score,False,False,WARNING,no_bwv,
data/raw/bulk_xml/bach-chorales-371/kern/chor101.krn,chor101.krn,.krn,2488,8ae5938580c471b7aa098f465e4af42d50c1710082f58bc3afc24bb5d7f76d37,"Bach, Johann Sebastian","Herr Christ, der ein'ge Gottes Sohn, Chorale @{PC#}. @{OTL@@DE} (@{SCT})",,,,,B- major,4/4,100,4,Voice | Voice | Voice | Voice,12,174,Score,False,False,WARNING,no_bwv,
data/raw/bulk_xml/bach-chorales-371/kern/chor303.krn,chor303.krn,.krn,2326,3a6a50d7751d7dd7ca57198e1e549242d0e1e3f1c823268ca3fff39dce4105cd,"Bach, Johann Sebastian","Herr Christ, der ein'ge Gotts Sohn, Chorale @{PC#}. @{OTL@@DE} (@{SCT})",,,,,F major,4/4,100,4,Voice | Voice | Voice | Voice,12,156,Score,False,False,WARNING,no_bwv,
data/raw/bulk_xml/bach-chorales-371/kern/chor115.krn,chor115.krn,.krn,2819,bc8679636b4c9bc63c3a6b48ade882ac599486e433fa56f79dcf1a9fd83f6fc3,"Bach, Johann Sebastian","Was mein Gott will, das g'scheh allzeit, Chorale @{PC#}. @{OTL@@DE} (@{SCT})",,,,,D major,4/4,100,4,Voice | Voice | Voice | Voice,14,233,Score,False,False,WARNING,no_bwv,
data/raw/bulk_xml/bach-chorales-371/kern/chor129.krn,chor129.krn,.krn,2576,716d86bb76d1f9681a8929318084e55bb30fecfed158d8ccd394fd589c381ed4,"Bach, Johann Sebastian","Keinen hat Gott verlassen, Chorale @{PC#}. @{OTL@@DE} (@{SCT})",,,,,G major,4/4,100,4,Voice | Voice | Voice | Voice,14,192,Score,False,False,WARNING,no_bwv,
data/raw/bulk_xml/bach-chorales-371/kern/chor061.krn,chor061.krn,.krn,3036,e1c397aada93453953ff894be408d2fd6885921724253ec69baa78d9392dcdeb,"Bach, Johann Sebastian","Jesu Leiden, Pein und Tod, Chorale @{PC#}. @{OTL@@DE} (@{SCT})",,,,,E- major,4/4,100,4,Voice | Voice | Voice | Voice,16,281,Score,False,False,WARNING,no_bwv,
data/raw/bulk_xml/bach-chorales-371/kern/chor317.krn,chor317.krn,.krn,2573,61127d9048f9c8c147019e12f2bcab04932113587e537434d0945670774cb79e,"Bach, Johann Sebastian","Herr, wie du willt, so schick's mit mir, Chorale @{PC#}. @{OTL@@DE} (@{SCT})",,,,,C major,4/4,100,4,Voice | Voice | Voice | Voice,14,201,Score,False,False,WARNING,no_bwv,
data/raw/bulk_xml/bach-chorales-371/kern/chor316.krn,chor316.krn,.krn,2560,6235afe847ef614291429b93339c8e7d220db3175efa7d990c9b856d494bb5b4,"Bach, Johann Sebastian","Christus, der ist mein Leben, Chorale @{PC#}. @{OTL@@DE} (@{SCT})",,,,,G major,3/4,100,4,Voice | Voice | Voice | Voice,20,172,Score,False,False,WARNING,no_bwv,
data/raw/bulk_xml/bach-chorales-371/kern/chor302.krn,chor302.krn,.krn,3151,e55015de429e49fbc3abae8b065bccf9c33475b231021c847d143dd152df1e12,"Bach, Johann Sebastian","Hilf, Gott, la&szlig; mir's gelingen, Chorale @{PC#}. @{OTL@@DE} (@{SCT})",,,,,F major,3/4,100,4,Voice | Voice | Voice | Voice,23,241,Score,False,False,WARNING,no_bwv,
data/raw/bulk_xml/bach-chorales-371/kern/chor128.krn,chor128.krn,.krn,2647,590d80c2f99f4dfc78831cd0ebe6b4a63426c57f138db61db13e7379e2bdd96d,"Bach, Johann Sebastian","Alles ist an Gottes Segen, Chorale @{PC#}. @{OTL@@DE} (@{SCT})",,,,,G major,4/4,100,4,Voice | Voice | Voice | Voice,12,237,Score,False,False,WARNING,no_bwv,
data/raw/bulk_xml/bach-chorales-371/kern/chor048.krn,chor048.krn,.krn,2532,bf292d4047f5e7156a2b72dafb2597723afa09cdb3e9efd1b4a6d13a65bbe35e,"Bach, Johann Sebastian","Ach wie fl&uuml;chtig, ach wie nichtig, Oh how fleeting, oh how fading, Chorale @{PC#}. @{OTL@@DE} (@{SCT})",,,,,C major,4/4,100,4,Voice | Voice | Voice | Voice,10,188,Score,False,False,WARNING,no_bwv,
data/raw/bulk_xml/bach-chorales-371/kern/chor114.krn,chor114.krn,.krn,2635,004e167671d0f87528f915a899f3bc94b9d8f65d36c85f0e3c979423399768e4,"Bach, Johann Sebastian","Von Gott will ich nicht lassen, Chorale @{PC#}. @{OTL@@DE} (@{SCT})",,,,,C major,4/4,100,4,Voice | Voice | Voice | Voice,14,207,Score,False,False,WARNING,no_bwv,
data/raw/bulk_xml/bach-chorales-371/kern/chor100.krn,chor100.krn,.krn,2845,285b0e3d71af76b4c924ebd4c46f99c35a02067689bd9f5496e5bd036b59cbde,"Bach, Johann Sebastian","Durch Adams Fall ist ganz verderbt, Chorale @{PC#}. @{OTL@@DE} (@{SCT})",,,,,B- major,4/4,100,4,Voice | Voice | Voice | Voice,15,239,Score,False,False,WARNING,no_bwv,
data/raw/bulk_xml/bach-chorales-371/kern/chor060.krn,chor060.krn,.krn,2525,3ba16069ee1badf8ad60191192057f45f4b61eaa7f5179a5190a60a4f2c3eae6,"Bach, Johann Sebastian","Ich freue mich in dir, Chorale @{PC#}. @{OTL@@DE} (@{SCT})",,,,,D major,4/4,100,4,Voice | Voice | Voice | Voice,14,183,Score,False,False,WARNING,no_bwv,
data/raw/bulk_xml/bach-chorales-371/kern/chor074.krn,chor074.krn,.krn,2556,47f498980dce5948b985dc6dbd1b87c0e9a0925ef8f03b774889ab2b434fcddf,"Bach, Johann Sebastian","O Haupt voll Blut und Wunden, Chorale @{PC#}. @{OTL@@DE} (@{SCT})",,,,,F major,4/4,100,4,Voice | Voice | Voice | Voice,14,192,Score,False,False,WARNING,no_bwv,
data/raw/bulk_xml/bach-chorales-371/kern/chor289.krn,chor289.krn,.krn,2609,b996b7f7466ccd3a092bd324ecc606e6ded2db5be60b753f5817aa435555f654,"Bach, Johann Sebastian","Nun ruhen alle W&auml;lder, Chorale @{PC#}. @{OTL@@DE} (@{SCT})",,,,,B- major,4/4,100,4,Voice | Voice | Voice | Voice,13,220,Score,False,False,WARNING,no_bwv,
data/raw/bulk_xml/bach-chorales-371/kern/chor262.krn,chor262.krn,.krn,2651,75851fbecfc94509f6f1b7b22b62220bc901bb090a845ef2e4cc80eacbc46541,"Bach, Johann Sebastian","Ach Gott, vom Himmel sieh darein, Oh God, look down from Heaven, Chorale @{PC#}. @{OTL@@DE} (@{SCT})",,,,,F major,4/4,100,4,Voice | Voice | Voice | Voice,13,190,Score,False,False,WARNING,no_bwv,
data/raw/bulk_xml/bach-chorales-371/kern/chor276.krn,chor276.krn,.krn,2387,63293f0a626b40f171fe40e4db340ddf93a8f169e75b116af5b2fd912fd8f1da,"Bach, Johann Sebastian","Lobt Gott, ihr Christen allzugleich, Chorale @{PC#}. @{OTL@@DE} (@{SCT})",,,,,G major,4/4,100,4,Voice | Voice | Voice | Voice,11,188,Score,False,False,WARNING,no_bwv,
data/raw/bulk_xml/bach-chorales-371/kern/chor266.krn,chor266.krn,.krn,2602,7031e5228b94d161286faf8cea00d01a98b001a028ffabfde621061d74db7465,"Bach, Johann Sebastian","Herr Jesu Christ, du h&ouml;chstes Gut, Chorale @{PC#}. @{OTL@@DE} (@{SCT})",,,,,B- major,4/4,100,4,Voice | Voice | Voice | Voice,13,202,Score,False,False,WARNING,no_bwv,
data/raw/bulk_xml/bach-chorales-371/kern/chor299.krn,chor299.krn,.krn,2955,9dc29ef754489c8e6c6ec3d51168853a28c903503335a10410fe18c31a56f40b,"Bach, Johann Sebastian","Meinen Jesum la&szlig; ich nicht, weil, Chorale @{PC#}. @{OTL@@DE} (@{SCT})",,,,,E- major,4/4,100,4,Voice | Voice | Voice | Voice,13,259,Score,False,False,WARNING,no_bwv,
data/raw/bulk_xml/bach-chorales-371/kern/chor272.krn,chor272.krn,.krn,3198,7b79a5da99c67e0494e5bfb358f5af0933e5bc4c264555605126f3c4e9e315fc,"Bach, Johann Sebastian","Ich dank' dir, lieber Herre, Chorale @{PC#}. @{OTL@@DE} (@{SCT})",,,,,B- major,4/4,100,4,Voice | Voice | Voice | Voice,19,282,Score,False,False,WARNING,no_bwv,
data/raw/bulk_xml/bach-chorales-371/kern/chor064.krn,chor064.krn,.krn,2784,692176628640e604e53d651852026c73abaa2b81032240726304d9362e51a96d,"Bach, Johann Sebastian","Freu dich sehr, o meine Seele, Chorale @{PC#}. @{OTL@@DE} (@{SCT})",,,,,G major,4/4,100,4,Voice | Voice | Voice | Voice,13,227,Score,False,False,WARNING,no_bwv,
data/raw/bulk_xml/bach-chorales-371/kern/chor104.krn,chor104.krn,.krn,2459,28d5bea0da182e30582b40ad5c3b7041708e4725905a9cad7a60ca24b4847df8,"Bach, Johann Sebastian","Wer nur den lieben Gott l&auml;&szlig;t walten, Chorale @{PC#}. @{OTL@@DE} (@{SCT})",,,,,D major,4/4,100,4,Voice | Voice | Voice | Voice,11,165,Score,False,False,WARNING,no_bwv,
data/raw/bulk_xml/bach-chorales-371/kern/chor070.krn,chor070.krn,.krn,3591,a61449b9a1389683de1ec279b3771941b3479ab037aa2a9660322fd48569333b,"Bach, Johann Sebastian","Gott sei gelobet und gebenedeiet, Chorale @{PC#}. @{OTL@@DE} (@{SCT})",,,,,C major,4/4,100,4,Voice | Voice | Voice | Voice,22,355,Score,False,False,WARNING,no_bwv,
data/raw/bulk_xml/bach-chorales-371/kern/chor138.krn,chor138.krn,.krn,2526,8b0316ed726c3967e7ae89a141c98aa7efe8c333c865575b87f0f8f686b3a9a1,"Bach, Johann Sebastian","Jesu, meine Freude, Chorale @{PC#}. @{OTL@@DE} (@{SCT})",,,,,G major,4/4,100,4,Voice | Voice | Voice | Voice,13,188,Score,False,False,WARNING,no_bwv,
data/raw/bulk_xml/bach-chorales-371/kern/chor058.krn,chor058.krn,.krn,3598,0db6fe7807a524a297e253a4aed7f0a199efa4cb2cc7a91ecffa06fef7013d91,"Bach, Johann Sebastian","Herzlich lieb hab ich dich, o Herr, Chorale @{PC#}. @{OTL@@DE} (@{SCT})",,,,,D major,4/4,100,4,Voice | Voice | Voice | Voice,21,371,Score,False,False,WARNING,no_bwv,
data/raw/bulk_xml/bach-chorales-371/kern/chor110.krn,chor110.krn,.krn,2557,734b721b137269a99d38bd95c60bc9318975887d07f208939dc848a859a16f11,"Bach, Johann Sebastian","Vater unser im Himmelreich, Chorale @{PC#}. @{OTL@@DE} (@{SCT})",,,,,B- major,4/4,100,4,Voice | Voice | Voice | Voice,13,228,Score,False,False,WARNING,no_bwv,
data/raw/bulk_xml/bach-chorales-371/kern/chor312.krn,chor312.krn,.krn,2860,c4efa9295e7f08fcfd6ef698a3b208a3a88ebc18402d91e06294af31db84ccc4,"Bach, Johann Sebastian","O Gott, du frommer Gott, Chorale @{PC#}. @{OTL@@DE} (@{SCT})",,,,,D major,4/4,100,4,Voice | Voice | Voice | Voice,17,279,Score,False,False,WARNING,no_bwv,
data/raw/bulk_xml/bach-chorales-371/kern/chor313.krn,chor313.krn,.krn,2769,8fc070727e062cbbf57dcd21ad7d4cae1facf094179b9a784e90fb6d55b7e656,"Bach, Johann Sebastian","Allein Gott in der H&ouml;h sei Ehr, Chorale @{PC#}. @{OTL@@DE} (@{SCT})",,,,,G major,4/4,100,4,Voice | Voice | Voice | Voice,12,210,Score,False,False,WARNING,no_bwv,
data/raw/bulk_xml/bach-chorales-371/kern/chor111.krn,chor111.krn,.krn,2589,4db5b7d631fd1f7315e7417a0f28461794746b6fd45f6878f5236c10e6107d94,"Bach, Johann Sebastian","Herzliebester Jesu, was hast du verbrochen, Chorale @{PC#}. @{OTL@@DE} (@{SCT})",,,,,C major,4/4,100,4,Voice | Voice | Voice | Voice,12,218,Score,False,False,WARNING,no_bwv,
data/raw/bulk_xml/bach-chorales-371/kern/chor105.krn,chor105.krn,.krn,2410,bdad2fe9463e6a819acbbb0446fdb7c9fca1f74acf8979b75c0b9ac2f43f627b,"Bach, Johann Sebastian","Herzliebester Jesu, was hast du verbrochen, Chorale @{PC#}. @{OTL@@DE} (@{SCT})",,,,,D major,4/4,100,4,Voice | Voice | Voice | Voice,12,187,Score,False,False,WARNING,no_bwv,
data/raw/bulk_xml/bach-chorales-371/kern/chor139.krn,chor139.krn,.krn,2471,5316c13b5b279ca84b8df68f98123c0fd0ff12847ac09ddb5cc9db0adc4263e9,"Bach, Johann Sebastian","Warum sollt ich mich denn gr&auml;men, Chorale @{PC#}. @{OTL@@DE} (@{SCT})",,,,,G major,4/4,100,4,Voice | Voice | Voice | Voice,13,210,Score,False,False,WARNING,no_bwv,
data/raw/bulk_xml/bach-chorales-371/kern/chor306.krn,chor306.krn,.krn,3729,51185b626b3df4c43dae9b6cb3e8a1b5676ced1e16b8185e89b3d8a3525b7d8d,"Bach, Johann Sebastian","O Mensch, bewein dein' S&uuml;nde gro&szlig;, Chorale @{PC#}. @{OTL@@DE} (@{SCT})",,,,,E- major,4/4,100,4,Voice | Voice | Voice | Voice,20,359,Score,False,False,WARNING,no_bwv,
data/raw/bulk_xml/bach-chorales-371/kern/chor307.krn,chor307.krn,.krn,3253,95fee5a39504edc57290eaa147b87d47d0b92af08b0139960ee86d2321291cfa,"Bach, Johann Sebastian","Christus, der uns selig macht, Chorale @{PC#}. @{OTL@@DE} (@{SCT})",,,,,C major,4/4,100,4,Voice | Voice | Voice | Voice,17,322,Score,False,False,WARNING,no_bwv,
data/raw/bulk_xml/bach-chorales-371/kern/chor065.krn,chor065.krn,.krn,2528,6069bfa9657b6a9d443769e15eeca56650880cf7f85c256521a13c97bda09f61,"Bach, Johann Sebastian","Was Gott tut, das ist wohlgetan, Chorale @{PC#}. @{OTL@@DE} (@{SCT})",,,,,G major,4/4,100,4,Voice | Voice | Voice | Voice,12,193,Score,False,False,WARNING,no_bwv,
data/raw/bulk_xml/bach-chorales-371/kern/chor059.krn,chor059.krn,.krn,2413,9cb0bf1d34c54d0bbcb79a9294074f54a2d1aff1e2e2c87b6d3176cd30c2f08b,"Bach, Johann Sebastian","Herzliebster Jesu, was hast du verbrochen, Chorale @{PC#}. @{OTL@@DE} (@{SCT})",,,,,B- major,4/4,100,4,Voice | Voice | Voice | Voice,12,190,Score,False,False,WARNING,no_bwv,
data/raw/bulk_xml/bach-chorales-371/kern/chor267.krn,chor267.krn,.krn,2600,902b337569683e61bfd8e148c088ac5c48fbfbc6ac953c1f87ae97afdf55246b,"Bach, Johann Sebastian","Vater unser im Himmelreich, Chorale @{PC#}. @{OTL@@DE} (@{SCT})",,,,,F major,4/4,100,4,Voice | Voice | Voice | Voice,13,234,Score,False,False,WARNING,no_bwv,
data/raw/bulk_xml/bach-chorales-371/kern/chor071.krn,chor071.krn,.krn,3033,98a625682f6afcd795946346a1a4025cacbaaf2a007c8be96743f334f303b981,"Bach, Johann Sebastian","Ich ruf zu dir, Herr Jesu Christ, Chorale @{PC#}. @{OTL@@DE} (@{SCT})",,,,,G major,4/4,100,4,Voice | Voice | Voice | Voice,15,267,Score,False,False,WARNING,no_bwv,
data/raw/bulk_xml/bach-chorales-371/kern/chor273.krn,chor273.krn,.krn,2865,f20bc108398b91b0b248b3a6d219547be1ab7ce26538b8931836791f5f926977,"Bach, Johann Sebastian","Ein feste Burg ist unser Gott, Chorale @{PC#}. @{OTL@@DE} (@{SCT})",,,,,D major,4/4,100,4,Voice | Voice | Voice | Voice,14,247,Score,False,False,WARNING,no_bwv,
data/raw/bulk_xml/bach-chorales-371/kern/chor298.krn,chor298.krn,.krn,2752,c3d785a4d91593859c6a846e306a14e05ec11de37ec67ec75478dad3f6034b24,"Bach, Johann Sebastian","Weg, mein Herz, mit den Gedanken, Chorale @{PC#}. @{OTL@@DE} (@{SCT})",,,,,C major,3/4,100,4,Voice | Voice | Voice | Voice,27,210,Score,False,False,WARNING,no_bwv,
data/raw/bulk_xml/bach-chorales-371/kern/chor271.krn,chor271.krn,.krn,2916,5145f827ecbcdba2c2a8cea028d4fbf9802972a8520ce9e020cb5309e9475379,"Bach, Johann Sebastian","Gib dich zufrieden und sei stille, Chorale @{PC#}. @{OTL@@DE} (@{SCT})",,,,,G major,4/4,100,4,Voice | Voice | Voice | Voice,14,262,Score,False,False,WARNING,no_bwv,
data/raw/bulk_xml/bach-chorales-371/kern/chor265.krn,chor265.krn,.krn,3003,d7ab3654c1ebe20ddb5b325ec32afa648c93324d6d9f18b2d451f6e981dc2d72,"Bach, Johann Sebastian","Was mein Gott will, das g'schen allzeit, Chorale @{PC#}. @{OTL@@DE} (@{SCT})",,,,,D major,4/4,100,4,Voice | Voice | Voice | Voice,17,257,Score,False,False,WARNING,no_bwv,
data/raw/bulk_xml/bach-chorales-371/kern/chor259.krn,chor259.krn,.krn,4235,98edeca3091beb9e54808649a8f59e37af53340be407b7af8f09e609e96a6e63,"Bach, Johann Sebastian","Verleih uns Frieden gn&auml;diglich, Chorale @{PC#}. @{OTL@@DE} (@{SCT})",,,,,A major,4/4,100,4,Voice | Voice | Voice | Voice,28,473,Score,False,False,WARNING,no_bwv,
data/raw/bulk_xml/bach-chorales-371/kern/chor067.krn,chor067.krn,.krn,2656,80f5368ca7af2e68a29c7aa5c2be1fa7f94dc446eef62f04ef9610a876314dc5,"Bach, Johann Sebastian","Freu dich sehr, o meine Seele, Chorale @{PC#}. @{OTL@@DE} (@{SCT})",,,,,G major,4/4,100,4,Voice | Voice | Voice | Voice,13,218,Score,False,False,WARNING,no_bwv,
data/raw/bulk_xml/bach-chorales-371/kern/chor073.krn,chor073.krn,.krn,2641,91c2fd253035db33c00ba3cfae9f8db9e6bea265311c4cfa79d1b889dab8f074,"Bach, Johann Sebastian","Herr Jesu Christ, ich schrei zu dir, Chorale @{PC#}. @{OTL@@DE} (@{SCT})",,,,,B- major,4/4,100,4,Voice | Voice | Voice | Voice,13,209,Score,False,False,WARNING,no_bwv,
data/raw/bulk_xml/bach-chorales-371/kern/chor098.krn,chor098.krn,.krn,2588,a2a376653ac5c516abc0be70a4dc9b92f601d1af64e0ba37ec19efb40233e9e3,"Bach, Johann Sebastian","O Haupt voll Blut und Wunden, Chorale @{PC#}. @{OTL@@DE} (@{SCT})",,,,,D major,4/4,100,4,Voice | Voice | Voice | Voice,14,194,Score,False,False,WARNING,no_bwv,
data/raw/bulk_xml/bach-chorales-371/kern/chor113.krn,chor113.krn,.krn,2820,84abac079dd0defac583e1ee1b62134a69aeb862e2ed46e6dfeffb4b24a90285,"Bach, Johann Sebastian","Christus, der uns selig macht, Chorale @{PC#}. @{OTL@@DE} (@{SCT})",,,,,E- major,4/4,100,4,Voice | Voice | Voice | Voice,17,250,Score,False,False,WARNING,no_bwv,
data/raw/bulk_xml/bach-chorales-371/kern/chor339.krn,chor339.krn,.krn,2582,a8487717252ead99f4871a6a76c6ea60a1b513d36f5f45d1911d133d68842c1a,"Bach, Johann Sebastian","Wer nur den lieben Gott la&szlig;t walten, Chorale @{PC#}. @{OTL@@DE} (@{SCT})",,,,,C major,4/4,100,4,Voice | Voice | Voice | Voice,11,179,Score,False,False,WARNING,no_bwv,
data/raw/bulk_xml/bach-chorales-371/kern/chor311.krn,chor311.krn,.krn,2652,5cab1d179efc6d6618459d55f08ac2f2fade12dac3d50b3df775cfd7ba8d2b8d,"Bach, Johann Sebastian","Dank sei Gott in der H&ouml;he, Chorale @{PC#}. @{OTL@@DE} (@{SCT})",,,,,F major,4/4,100,4,Voice | Voice | Voice | Voice,14,202,Score,False,False,WARNING,no_bwv,
data/raw/bulk_xml/bach-chorales-371/kern/chor338.krn,chor338.krn,.krn,2300,785803e873c2a44d6490603d8442145c1b7e8f0cc64be6b3de3794e57e3009a7,"Bach, Johann Sebastian","Jesus, meine Zuversicht, Chorale @{PC#}. @{OTL@@DE} (@{SCT})",,,,,D major,4/4,100,4,Voice | Voice | Voice | Voice,8,139,Score,False,False,WARNING,no_bwv,
data/raw/bulk_xml/bach-chorales-371/kern/chor107.krn,chor107.krn,.krn,3645,8fe288a02519dd22f86ccc183c8c0ccb4a6660e39be66f9d4ac4c23a97641cd0,"Bach, Johann Sebastian","Herzlich lieb hab ich dich, o Herr, Chorale @{PC#}. @{OTL@@DE} (@{SCT})",,,,,E- major,4/4,100,4,Voice | Voice | Voice | Voice,23,372,Score,False,False,WARNING,no_bwv,
data/raw/bulk_xml/bach-chorales-371/kern/chor310.krn,chor310.krn,.krn,2425,dedc28e193baeaad650bf5c35a55f1e63e140701e4d6120cfca240fe4a815dc3,"Bach, Johann Sebastian","Mach's mit mir, Gott, nach deiner G&uuml;t, Chorale @{PC#}. @{OTL@@DE} (@{SCT})",,,,,E major,4/4,100,4,Voice | Voice | Voice | Voice,10,156,Score,False,False,WARNING,no_bwv,
data/raw/bulk_xml/bach-chorales-371/kern/chor304.krn,chor304.krn,.krn,2448,93335820da23f8a8aae1cd9accfc319bb98348e2cd81d7d4127872b4acce6632,"Bach, Johann Sebastian","Auf meinen lieben Gott, Chorale @{PC#}. @{OTL@@DE} (@{SCT})",,,,,B- major,4/4,100,4,Voice | Voice | Voice | Voice,13,198,Score,False,False,WARNING,no_bwv,
data/raw/bulk_xml/bach-chorales-371/kern/chor305.krn,chor305.krn,.krn,2882,e38719074cbbcb589f01a134701b7de06cba8307ce189e3cca102df82ee9266d,"Bach, Johann Sebastian","Wie sch&ouml;n leuchtet der Morgenstern, Chorale @{PC#}. @{OTL@@DE} (@{SCT})",,,,,D major,4/4,100,4,Voice | Voice | Voice | Voice,15,237,Score,False,False,WARNING,no_bwv,
data/raw/bulk_xml/bach-chorales-371/kern/chor112.krn,chor112.krn,.krn,2275,d8f124e2b216ec831337984ce95eab3c2484f5b14dfecb644c8c1646ab59af58,"Bach, Johann Sebastian","Wer nur den lieben Gott l&auml;&szlig;t walten, Chorale @{PC#}. @{OTL@@DE} (@{SCT})",,,,,D major,4/4,100,4,Voice | Voice | Voice | Voice,11,149,Score,False,False,WARNING,no_bwv,
data/raw/bulk_xml/bach-chorales-371/kern/chor106.krn,chor106.krn,.krn,2621,6db57a1c2524b61e634428e20d79e77c25a890770c4fe7dd11955c183b5c8be1,"Bach, Johann Sebastian","Jesu Leiden, Pein und Tod, Chorale @{PC#}. @{OTL@@DE} (@{SCT})",,,,,A major,4/4,100,4,Voice | Voice | Voice | Voice,16,235,Score,False,False,WARNING,no_bwv,
data/raw/bulk_xml/bach-chorales-371/kern/chor099.krn,chor099.krn,.krn,2564,4b6c2222854f6cbca08a181d879194219c3caa3aae0fc990cbf3081aafd52884,"Bach, Johann Sebastian","Helft mir Gotts G&uuml;te preisen, Chorale @{PC#}. @{OTL@@DE} (@{SCT})",,,,,C major,4/4,100,4,Voice | Voice | Voice | Voice,14,195,Score,False,False,WARNING,no_bwv,
data/raw/bulk_xml/bach-chorales-371/kern/chor072.krn,chor072.krn,.krn,2245,d0c7336bb85d5c363553cb0bb90954d169b2f6b1001f22b89215c4316e3b9750,"Bach, Johann Sebastian","Erhalt uns, Herr, bei deinem Wort, Chorale @{PC#}. @{OTL@@DE} (@{SCT})",,,,,B- major,4/4,100,4,Voice | Voice | Voice | Voice,9,164,Score,False,False,WARNING,no_bwv,
data/raw/bulk_xml/bach-chorales-371/kern/chor270.krn,chor270.krn,.krn,2739,673ca828b473c04a2fa3b851398088fa035ccc971129bd72281a280dcd65727b,"Bach, Johann Sebastian","Befiehl du deine Wege, Chorale @{PC#}. @{OTL@@DE} (@{SCT})",,,,,C major,4/4,100,4,Voice | Voice | Voice | Voice,14,219,Score,False,False,WARNING,no_bwv,
data/raw/bulk_xml/bach-chorales-371/kern/chor264.krn,chor264.krn,.krn,2633,07df852f1107b6120f62c661cd51c63024e805b123158658b65eebc3c9e6a524,"Bach, Johann Sebastian","Jesu meines Herzens Freud, Chorale @{PC#}. @{OTL@@DE} (@{SCT})",,,,,B- major,4/4,100,4,Voice | Voice | Voice | Voice,13,221,Score,False,False,WARNING,no_bwv,
data/raw/bulk_xml/bach-chorales-371/kern/chor066.krn,chor066.krn,.krn,3005,52a8838e67518563bfd08f074c2aba4c954b475e3b26d944b270e28e30f0f44e,"Bach, Johann Sebastian","Christ, unser Herr zum Jordan kam, Chorale @{PC#}. @{OTL@@DE} (@{SCT})",,,,,C major,4/4,100,4,Voice | Voice | Voice | Voice,16,279,Score,False,False,WARNING,no_bwv,
data/raw/bulk_xml/bach-chorales-371/kern/chor255.krn,chor255.krn,.krn,2782,4691a90190802b1f48f56b720add4393e1d220523514d881ab3c10a75d1d420f,"Bach, Johann Sebastian","Was frag ich nach der Welt, Chorale @{PC#}. @{OTL@@DE} (@{SCT})",,,,,D major,4/4,100,4,Voice | Voice | Voice | Voice,17,252,Score,False,False,WARNING,no_bwv,
data/raw/bulk_xml/bach-chorales-371/kern/chor258.krn,chor258.krn,.krn,2983,2d84f2a95fd4edbef46234e66098f156a7de662c83c40adcbe1022aa0933babb,"Bach, Johann Sebastian","Mein' Augen schlie&szlig; ich jetzt, Chorale @{PC#}. @{OTL@@DE} (@{SCT})",,,,,G major,4/4,100,4,Voice | Voice | Voice | Voice,17,280,Score,False,False,WARNING,no_bwv,
data/raw/bulk_xml/bach-chorales-371/kern/chor269.krn,chor269.krn,.krn,2803,9f3cc0d62b346488308c3f5e0881d215c7b39727e33cadef66457024c172b170,"Bach, Johann Sebastian","Jesu, der du meine Seele, Chorale @{PC#}. @{OTL@@DE} (@{SCT})",,,,,B- major,4/4,100,4,Voice | Voice | Voice | Voice,14,235,Score,False,False,WARNING,no_bwv,
data/raw/bulk_xml/bach-chorales-371/kern/chor282.krn,chor282.krn,.krn,2709,d4615b6993e05357ad371e592fb554726e5a5fd1f62706d993b2ff4386462214,"Bach, Johann Sebastian","Freu dich sehr, o meine Seele, Chorale @{PC#}. @{OTL@@DE} (@{SCT})",,,,,C major,4/4,100,4,Voice | Voice | Voice | Voice,13,217,Score,False,False,WARNING,no_bwv,
data/raw/bulk_xml/bach-chorales-371/kern/chor057.krn,chor057.krn,.krn,2083,98e6283fc489ee063a96918e5a89df82151b9baf72720430a555e157f7922a47,"Bach, Johann Sebastian","O Traurigkeit, o Herzeleid, Chorale @{PC#}. @{OTL@@DE} (@{SCT})",,,,,C major,4/4,100,4,Voice | Voice | Voice | Voice,9,139,Score,False,False,WARNING,no_bwv,
data/raw/bulk_xml/bach-chorales-371/kern/chor094.krn,chor094.krn,.krn,2310,53147f1c50f5327e83814cfcd621e08e9a280e547e637aa00f8c551e7443be4d,"Bach, Johann Sebastian","Warum betr&uuml;bst du dich, mein Herz, Chorale @{PC#}. @{OTL@@DE} (@{SCT})",,,,,B- major,4/4,100,4,Voice | Voice | Voice | Voice,11,183,Score,False,False,WARNING,no_bwv,
data/raw/bulk_xml/bach-chorales-371/kern/chor241.krn,chor241.krn,.krn,4689,3d7aae5a6bcb20163930ec4b3d022e4520f47291d6836ef84f97e2157cb227a9,"Bach, Johann Sebastian","Was willst du dich, o meine Seele, Chorale @{PC#}. @{OTL@@DE} (@{SCT})",,,,,C major,4/4,100,4,Voice | Voice | Voice | Voice,26,563,Score,False,False,WARNING,no_bwv,
data/raw/bulk_xml/bach-chorales-371/kern/chor043.krn,chor043.krn,.krn,3093,7752767197b09301b683b382f75b8663bc9f76850cce444792b3721240b11a39,"Bach, Johann Sebastian","Liebester Gott, wann werd ich sterben, Chorale @{PC#}. @{OTL@@DE} (@{SCT})",,,,,E major,4/4,100,4,Voice | Voice | Voice | Voice,15,256,Score,False,False,WARNING,no_bwv,
data/raw/bulk_xml/bach-chorales-371/kern/chor080.krn,chor080.krn,.krn,2582,4a89cafa6c21c8868053ba9bc02deae5c7c7b97c3427713c8c7b56daf9dcaaf0,"Bach, Johann Sebastian","O Haupt voll Blut und Wunden, Chorale @{PC#}. @{OTL@@DE} (@{SCT})",,,,,D major,4/4,100,4,Voice | Voice | Voice | Voice,14,195,Score,False,False,WARNING,no_bwv,
data/raw/bulk_xml/bach-chorales-371/kern/chor296.krn,chor296.krn,.krn,3479,4707631793873e67c1d29c671c05d9921a6a9a772072efa10442d40ffbec02b4,"Bach, Johann Sebastian","Nun lob, mein Seel, den Herren, Chorale @{PC#}. @{OTL@@DE} (@{SCT})",,,,,C major,3/4,100,4,Voice | Voice | Voice | Voice,38,350,Score,False,False,WARNING,no_bwv,
data/raw/bulk_xml/bach-chorales-371/kern/chor123.krn,chor123.krn,.krn,2814,1c3d7eabe982ec4b201bbce84bd8b4853a76ad8f54102c649365a7f29e5d14bd,"Bach, Johann Sebastian","Helft mir Gotts G&uuml;te preisen, Chorale @{PC#}. @{OTL@@DE} (@{SCT})",,,,,C major,4/4,100,4,Voice | Voice | Voice | Voice,14,241,Score,False,False,WARNING,no_bwv,
data/raw/bulk_xml/bach-chorales-371/kern/chor335.krn,chor335.krn,.krn,2690,2d0d5383039ed040a1a0f2a34ca02f649a7e30bc3f2181ee58fe7b7ba2467dfd,"Bach, Johann Sebastian","Es ist das Heil uns kommen her, Chorale @{PC#}. @{OTL@@DE} (@{SCT})",,,,,F major,4/4,100,4,Voice | Voice | Voice | Voice,12,214,Score,False,False,WARNING,no_bwv,
data/raw/bulk_xml/bach-chorales-371/kern/chor308.krn,chor308.krn,.krn,2418,57de01b33096d4b55222954773edee72769caa1baeefdd2ad2fa49e9fb941f83,"Bach, Johann Sebastian","Ach Gott, wie manches Herzeleid, Oh God, how many heart pains, Chorale @{PC#}. @{OTL@@DE} (@{SCT})",,,,,A major,4/4,100,4,Voice | Voice | Voice | Voice,9,167,Score,False,False,WARNING,no_bwv,
data/raw/bulk_xml/bach-chorales-371/kern/chor321.krn,chor321.krn,.krn,2430,dd00b407e3763c410433188751bba4dfb14e1e04244f2a6fbbd0274e2aee8982,"Bach, Johann Sebastian","Wir Christenleut, Chorale @{PC#}. @{OTL@@DE} (@{SCT})",,,,,B- major,4/4,100,4,Voice | Voice | Voice | Voice,12,204,Score,False,False,WARNING,no_bwv,
data/raw/bulk_xml/bach-chorales-371/kern/chor137.krn,chor137.krn,.krn,3493,2568b1b35a894b0ad19113f34a380add7e9e31307aee90a96b9baabb8db806ec,"Bach, Johann Sebastian","Wer Gott vertraut, hat wohl gebaut, Chorale @{PC#}. @{OTL@@DE} (@{SCT})",,,,,G major,4/4,100,4,Voice | Voice | Voice | Voice,21,345,Score,False,False,WARNING,no_bwv,
data/raw/bulk_xml/bach-chorales-371/kern/chor320.krn,chor320.krn,.krn,1987,45b717a3e6ba571333a50912fc35c19a637786888039663c37a424064d1efcb6,"Bach, Johann Sebastian","Gott sei uns gn&auml;dig und barmherzig, Chorale @{PC#}. @{OTL@@DE} (@{SCT})",,,,,A major,4/4,100,4,Voice | Voice | Voice | Voice,11,102,Score,False,False,WARNING,no_bwv,
data/raw/bulk_xml/bach-chorales-371/kern/chor309.krn,chor309.krn,.krn,3610,24da64f12d0659971acca6c00600f90c76a3290986d752a43264f89a5bcc6349,"Bach, Johann Sebastian","Ein L&auml;mmelein geht und tr&auml;gt die Schuld, Chorale @{PC#}. @{OTL@@DE} (@{SCT})",,,,,A- major,4/4,100,4,Voice | Voice | Voice | Voice,19,333,Score,False,False,WARNING,no_bwv,
data/raw/bulk_xml/bach-chorales-371/kern/chor334.krn,chor334.krn,.krn,2147,1c4f8d3700b77212760c0e3b49b5947fd1797b5a0c4a56e221c8a00c8be3d9c1,"Bach, Johann Sebastian","F&uuml;r deinen Thron tret ich hiermit, Chorale @{PC#}. @{OTL@@DE} (@{SCT})",,,,,D major,3/4,100,4,Voice | Voice | Voice | Voice,17,149,Score,False,False,WARNING,no_bwv,
data/raw/bulk_xml/bach-chorales-371/kern/chor136.krn,chor136.krn,.krn,2195,ca2d34faff27459a6fb4e2d1f36149d7380188cd068722f8100e480d5625500d,"Bach, Johann Sebastian","Herr Jesu Christ, dich zu uns wend, Chorale @{PC#}. @{OTL@@DE} (@{SCT})",,,,,G major,4/4,100,4,Voice | Voice | Voice | Voice,9,156,Score,False,False,WARNING,no_bwv,
data/raw/bulk_xml/bach-chorales-371/kern/chor122.krn,chor122.krn,.krn,3033,b7c3664bd89efe438764a462cc56a2ffab1a3f2629487f42740a7d27a65a924f,"Bach, Johann Sebastian","Ist Gott mein Schild und Helfersmann, Chorale @{PC#}. @{OTL@@DE} (@{SCT})",,,,,B- major,4/4,100,4,Voice | Voice | Voice | Voice,15,291,Score,False,False,WARNING,no_bwv,
data/raw/bulk_xml/bach-chorales-371/kern/chor095.krn,chor095.krn,.krn,2661,2ae289e5bf1137691612e85b517bb6ca92f7472d0ee0f83cbde028f0dfed90a8,"Bach, Johann Sebastian","Werde munter, mein Gem&uuml;te, Chorale @{PC#}. @{OTL@@DE} (@{SCT})",,,,,B- major,4/4,100,4,Voice | Voice | Voice | Voice,12,209,Score,False,False,WARNING,no_bwv,
data/raw/bulk_xml/bach-chorales-371/kern/chor042.krn,chor042.krn,.krn,2168,0e881aa8ca0259d12dc49afdb869dded6e3b19f40cc9696cfff5d3198cdc26b5,"Bach, Johann Sebastian","Du Friedef&uuml;rst, Herr Jesu Christ, Chorale @{PC#}. @{OTL@@DE} (@{SCT})",,,,,A major,4/4,100,4,Voice | Voice | Voice | Voice,11,132,Score,False,False,WARNING,no_bwv,
data/raw/bulk_xml/bach-chorales-371/kern/chor081.krn,chor081.krn,.krn,2678,8e179479d1ca9b81160e29041acccf5036dccb5421d07d4be9685d757fac75ee,"Bach, Johann Sebastian","Christus, der uns delig macht, Chorale @{PC#}. @{OTL@@DE} (@{SCT})",,,,,C major,4/4,100,4,Voice | Voice | Voice | Voice,17,251,Score,False,False,WARNING,no_bwv,
data/raw/bulk_xml/bach-chorales-371/kern/chor056.krn,chor056.krn,.krn,3048,77adc063e37e8058198939b6effd45eb411f2daa01aebacc8aa667dea53d3459,"Bach, Johann Sebastian","Christum wir sollen loben schon, Chorale @{PC#}. @{OTL@@DE} (@{SCT})",,,,,D major,4/4,100,4,Voice | Voice | Voice | Voice,17,280,Score,False,False,WARNING,no_bwv,
data/raw/bulk_xml/bach-chorales-371/kern/chor240.krn,chor240.krn,.krn,2143,1f6af0de8e4aa360e46c5a8bb6bb63d782153f55001e045fb1725a6de0ed1a36,"Bach, Johann Sebastian","Nun sich der Tag geendet hat, Chorale @{PC#}. @{OTL@@DE} (@{SCT})",,,,,C major,4/4,100,4,Voice | Voice | Voice | Voice,9,139,Score,False,False,WARNING,no_bwv,
data/raw/bulk_xml/bach-chorales-371/kern/chor297.krn,chor297.krn,.krn,2906,4ca16428510fa4611fe283f5fab3cc34512597a0c2737cb02ef264e3bd1d24c2,"Bach, Johann Sebastian","Jesu, der du meine Seele, Chorale @{PC#}. @{OTL@@DE} (@{SCT})",,,,,B- major,4/4,100,4,Voice | Voice | Voice | Voice,16,282,Score,False,False,WARNING,no_bwv,
data/raw/bulk_xml/bach-chorales-371/kern/chor283.krn,chor283.krn,.krn,3314,44f1db481bb74c53e8a1e9c25dbb4f4a62c1cdc7b2d0625e30ddac3f9a82eadd,"Bach, Johann Sebastian","Jesu, meine Freude, Chorale @{PC#}. @{OTL@@DE} (@{SCT})",,,,,G major,4/4,100,4,Voice | Voice | Voice | Voice,13,308,Score,False,False,WARNING,no_bwv,
data/raw/bulk_xml/bach-chorales-371/kern/chor254.krn,chor254.krn,.krn,2714,bf5e23640ad2adaec9cce53c63e9e3d05316baf83586eedfc1f034685bfe2b2a,"Bach, Johann Sebastian","Weg, mein Herz, mit den Gedanken, Chorale @{PC#}. @{OTL@@DE} (@{SCT})",,,,,C major,4/4,100,4,Voice | Voice | Voice | Voice,13,217,Score,False,False,WARNING,no_bwv,
data/raw/bulk_xml/bach-chorales-371/kern/chor295.krn,chor295.krn,.krn,2210,ed13b25d117576d6611502fdeb0ffd55256b6a8487df2c1c961750ba96c4f009,"Bach, Johann Sebastian","Herr Jesu Christ, mein's Lebens Licht, Chorale @{PC#}. @{OTL@@DE} (@{SCT})",,,,,G major,4/4,100,4,Voice | Voice | Voice | Voice,9,156,Score,False,False,WARNING,no_bwv,
data/raw/bulk_xml/bach-chorales-371/kern/chor268.krn,chor268.krn,.krn,3530,85fa6f220edb44f30682af36455cbfca73dcadc994fc0344098b4c013064105a,"Bach, Johann Sebastian","Nun lob, mein Seel, den Herren, Chorale @{PC#}. @{OTL@@DE} (@{SCT})",,,,,C major,4/4,100,4,Voice | Voice | Voice | Voice,21,370,Score,False,False,WARNING,no_bwv,
data/raw/bulk_xml/bach-chorales-371/kern/chor242.krn,chor242.krn,.krn,2623,93f67a7e0d36089d608847ceb7cb839477dd392f7bc1e61655897044c079f06c,"Bach, Johann Sebastian","Wie bist du, Seele, in mir so gar betr&uuml;bt, Chorale @{PC#}. @{OTL@@DE} (@{SCT})",,,,,G major,4/4,100,4,Voice | Voice | Voice | Voice,12,222,Score,False,False,WARNING,no_bwv,
data/raw/bulk_xml/bach-chorales-371/kern/chor256.krn,chor256.krn,.krn,2843,77836af8f93f5ef9e8e38e32a464f7f7c6a2a72df34080689b0242ec796f06cb,"Bach, Johann Sebastian","Jesu, deine tiefen Wunden, Chorale @{PC#}. @{OTL@@DE} (@{SCT})",,,,,B- major,4/4,100,4,Voice | Voice | Voice | Voice,13,225,Score,False,False,WARNING,no_bwv,
data/raw/bulk_xml/bach-chorales-371/kern/chor040.krn,chor040.krn,.krn,1841,81d4d0b11b918cd65449817794f8f4357d3c2ebbe8659edc09cff7f45eac69a8,"Bach, Johann Sebastian","Ach Gott und Herr, Chorale @{PC#}. @{OTL@@DE} (@{SCT})",,,,,C major,4/4,100,4,Voice | Voice | Voice | Voice,9,142,Score,False,False,WARNING,no_bwv,
data/raw/bulk_xml/bach-chorales-371/kern/chor054.krn,chor054.krn,.krn,2215,ee7c30eab0899cf3b90986ba59fd67968667a349fe597135cdc58e415a70b5a1,"Bach, Johann Sebastian","Lobt Gott, ihr Christen allzugleich, Chorale @{PC#}. @{OTL@@DE} (@{SCT})",,,,,G major,4/4,100,4,Voice | Voice | Voice | Voice,11,173,Score,False,False,WARNING,no_bwv,
data/raw/bulk_xml/bach-chorales-371/kern/chor281.krn,chor281.krn,.krn,2391,d011b5ff1da4800e3b50c1f9b32b4357305d716aceaadb65d8ababf244b6ec49,"Bach, Johann Sebastian","Wo soll ich fliehen hin, Chorale @{PC#}. @{OTL@@DE} (@{SCT})",,,,,B- major,4/4,100,4,Voice | Voice | Voice | Voice,13,193,Score,False,False,WARNING,no_bwv,
data/raw/bulk_xml/bach-chorales-371/kern/chor068.krn,chor068.krn,.krn,2446,149665a3ec4c945ea528c0c7eb4b18697cf7f864d6014dd4c4013e8b10901ae4,"Bach, Johann Sebastian","Wenn wir in h&ouml;chsten N&ouml;ten sein, Chorale @{PC#}. @{OTL@@DE} (@{SCT})",,,,,F major,4/4,100,4,Voice | Voice | Voice | Voice,10,186,Score,False,False,WARNING,no_bwv,
data/raw/bulk_xml/bach-chorales-371/kern/chor097.krn,chor097.krn,.krn,2874,c079f99918bc2d3c99b855814ffc2ed0b2cd8ed34b41f2ddd2eb522d457e62e2,"Bach, Johann Sebastian","Nun bitten wir den heiligen Geist, Chorale @{PC#}. @{OTL@@DE} (@{SCT})",,,,,A major,4/4,100,4,Voice | Voice | Voice | Voice,16,252,Score,False,False,WARNING,no_bwv,
data/raw/bulk_xml/bach-chorales-371/kern/chor083.krn,chor083.krn,.krn,2809,f075a3449f3911420fe001ebe6bc5faf356fc5ac0b667475ab0bc8e80c251217,"Bach, Johann Sebastian","Jesu Leiden, Pein und Tod, Chorale @{PC#}. @{OTL@@DE} (@{SCT})",,,,,A major,4/4,100,4,Voice | Voice | Voice | Voice,16,256,Score,False,False,WARNING,no_bwv,
data/raw/bulk_xml/bach-chorales-371/kern/chor120.krn,chor120.krn,.krn,2905,ea71696e2a7f2aba86e361941a29ef597462ad573046d50c3610f8d234b0b72e,"Bach, Johann Sebastian","Was mein Gott will, das g'scheh allzeit, Chorale @{PC#}. @{OTL@@DE} (@{SCT})",,,,,D major,4/4,100,4,Voice | Voice | Voice | Voice,14,247,Score,False,False,WARNING,no_bwv,
data/raw/bulk_xml/bach-chorales-371/kern/chor134.krn,chor134.krn,.krn,2840,dd924240c6fc106b0cdf645d65ce0b5e072f2d87c053ab1a4b08ad0e50bd9b1f,"Bach, Johann Sebastian","Du, o sch&ouml;nes Weltgeb&auml;ude, Chorale @{PC#}. @{OTL@@DE} (@{SCT})",,,,,F major,4/4,100,4,Voice | Voice | Voice | Voice,14,232,Score,False,False,WARNING,no_bwv,
data/raw/bulk_xml/bach-chorales-371/kern/chor108.krn,chor108.krn,.krn,2445,74311a51c1bff9375b41edb0021114e86b42592c795c49a377cc1318402e116e,"Bach, Johann Sebastian","Valet will ich dir geben, Chorale @{PC#}. @{OTL@@DE} (@{SCT})",,,,,E- major,4/4,100,4,Voice | Voice | Voice | Voice,14,173,Score,False,False,WARNING,no_bwv,
data/raw/bulk_xml/bach-chorales-371/kern/chor336.krn,chor336.krn,.krn,2572,fdb9c1790dbba2e5388541fe8f956a88d12f7186bc1765d42e43b58a0f01f46c,"Bach, Johann Sebastian","Wo Gott, der Herr, mich bei uns h&auml;lt, Chorale @{PC#}. @{OTL@@DE} (@{SCT})",,,,,D major,4/4,100,4,Voice | Voice | Voice | Voice,12,191,Score,False,False,WARNING,no_bwv,
data/raw/bulk_xml/bach-chorales-371/kern/chor322.krn,chor322.krn,.krn,2882,cb6a3bebd077b4e2c05d5982b1ba85d43807fad32b123cde3f4791aa5e480bdc,"Bach, Johann Sebastian","Wenn mein St&uuml;ndlein vorhanden ist, Chorale @{PC#}. @{OTL@@DE} (@{SCT})",,,,,G major,4/4,100,4,Voice | Voice | Voice | Voice,16,281,Score,False,False,WARNING,no_bwv,
data/raw/bulk_xml/bach-chorales-371/kern/chor337.krn,chor337.krn,.krn,2990,349b8e6f2a11b2fda251a4fc6b3a90983813b3a9027df3abd5c57c3bc647eb40,"Bach, Johann Sebastian","O Gott, du frommer Gott, Chorale @{PC#}. @{OTL@@DE} (@{SCT})",,,,,F major,4/4,100,4,Voice | Voice | Voice | Voice,14,278,Score,False,False,WARNING,no_bwv,
data/raw/bulk_xml/bach-chorales-371/kern/chor323.krn,chor323.krn,.krn,2888,6c4c922716909c19aa18229489bcaf49f60e6b8777b9af59938985b5387d3cfc,"Bach, Johann Sebastian","Wie sch&ouml;n leuchtet der Morgenstern, Chorale @{PC#}. @{OTL@@DE} (@{SCT})",,,,,F major,4/4,100,4,Voice | Voice | Voice | Voice,16,254,Score,False,False,WARNING,no_bwv,
data/raw/bulk_xml/bach-chorales-371/kern/chor135.krn,chor135.krn,.krn,3240,173ec31891670380f7713424f6b9449dc6b259b2213830aee1d99a569004510d,"Bach, Johann Sebastian","Gott der Vater wohn uns bei, Chorale @{PC#}. @{OTL@@DE} (@{SCT})",,,,,D major,4/4,100,4,Voice | Voice | Voice | Voice,16,296,Score,False,False,WARNING,no_bwv,
data/raw/bulk_xml/bach-chorales-371/kern/chor121.krn,chor121.krn,.krn,3206,a38e9dbe34a8c3539a3f3b9d7938b991a593f26fed5e00756194c647ae761250,"Bach, Johann Sebastian","Werde munter, mein Gem&uuml;te, Chorale @{PC#}. @{OTL@@DE} (@{SCT})",,,,,A major,4/4,100,4,Voice | Voice | Voice | Voice,16,310,Score,False,False,WARNING,no_bwv,
data/raw/bulk_xml/bach-chorales-371/kern/chor096.krn,chor096.krn,.krn,2749,12d5ab3ec00558f357b0e2a3ee5b7e47be8922bf0ba9bb62c999b397a7d2f0a9,"Bach, Johann Sebastian","Jesu, meine Freude, Chorale @{PC#}. @{OTL@@DE} (@{SCT})",,,,,F major,4/4,100,4,Voice | Voice | Voice | Voice,13,218,Score,False,False,WARNING,no_bwv,
data/raw/bulk_xml/bach-chorales-371/kern/chor082.krn,chor082.krn,.krn,2703,81a2421bf931fe254c88abd99ada3e69a25ce40c559d003280dfdae43fc043fd,"Bach, Johann Sebastian","O gro&szlig;er Gott von Macht, Chorale @{PC#}. @{OTL@@DE} (@{SCT})",,,,,F major,4/4,100,4,Voice | Voice | Voice | Voice,19,266,Score,False,False,WARNING,no_bwv,
data/raw/bulk_xml/bach-chorales-371/kern/chor109.krn,chor109.krn,.krn,3100,9da70bb9ca26e75420a012799e351951f9205e9e156763cf5c43d06f67577bb9,"Bach, Johann Sebastian","Singen wir aus Herzensgrund, Chorale @{PC#}. @{OTL@@DE} (@{SCT})",,,,,B- major,3/4,100,4,Voice | Voice | Voice | Voice,28,282,Score,False,False,WARNING,no_bwv,
data/raw/bulk_xml/bach-chorales-371/kern/chor041.krn,chor041.krn,.krn,2853,7e1afd33fff478cd59146e03a70be33a02d8f6915c13d080bf8a856f199f3129,"Bach, Johann Sebastian","Was mein Gott will, das g'scheh allzeit, Chorale @{PC#}. @{OTL@@DE} (@{SCT})",,,,,C major,4/4,100,4,Voice | Voice | Voice | Voice,16,253,Score,False,False,WARNING,no_bwv,
data/raw/bulk_xml/bach-chorales-371/kern/chor055.krn,chor055.krn,.krn,2543,2456431e75cc08757c6978e95675d6bd60003fcf8c41cda8c9d1134716fe84b1,"Bach, Johann Sebastian","Wir Christenleut, Chorale @{PC#}. @{OTL@@DE} (@{SCT})",,,,,D major,4/4,100,4,Voice | Voice | Voice | Voice,12,187,Score,False,False,WARNING,no_bwv,
data/raw/bulk_xml/bach-chorales-371/kern/chor069.krn,chor069.krn,.krn,3923,d99806f5cde51f4b413565c66236291233fe15d2989831e769efaea4d579e3f9,"Bach, Johann Sebastian","Komm, heiliger Geist, Herre Gott, Chorale @{PC#}. @{OTL@@DE} (@{SCT})",,,,,G major,4/4,100,4,Voice | Voice | Voice | Voice,25,454,Score,False,False,WARNING,no_bwv,
data/raw/bulk_xml/bach-chorales-371/kern/chor257.krn,chor257.krn,.krn,2207,b6af78cb8d3fd27eecdd600f873f35b35733a2631349dcaceb7d6130868c1e26,"Bach, Johann Sebastian","Nun la&szlig;t uns Gott, dem Herren, Chorale @{PC#}. @{OTL@@DE} (@{SCT})",,,,,B- major,3/4,100,4,Voice | Voice | Voice | Voice,17,151,Score,False,False,WARNING,no_bwv,
data/raw/bulk_xml/bach-chorales-371/kern/chor294.krn,chor294.krn,.krn,2763,98949c312492b0649002c70205edf7cca7f70a4986c5bcf15f15075e1806a717,"Bach, Johann Sebastian","Herr Jesu Christ, du h&ouml;chstes Gut, Chorale @{PC#}. @{OTL@@DE} (@{SCT})",,,,,D major,4/4,100,4,Voice | Voice | Voice | Voice,13,209,Score,False,False,WARNING,no_bwv,
data/raw/bulk_xml/bach-chorales-371/kern/chor243.krn,chor243.krn,.krn,2855,133d2d88b4f8eca2012acbe7f4dd4c5574928f71cd67b8e210a6559f6882f1f7,"Bach, Johann Sebastian","Jesu, du mein liebstes Leben, Chorale @{PC#}. @{OTL@@DE} (@{SCT})",,,,,B- major,3/4,100,4,Voice | Voice | Voice | Voice,20,227,Score,False,False,WARNING,no_bwv,
data/raw/bulk_xml/bach-chorales-371/kern/chor253.krn,chor253.krn,.krn,3320,aa12abbb306f621b0620f083d50d0245ba42c6a26b5255682cfdfb8d72d33982,"Bach, Johann Sebastian","Ach Gott, vom Himmel seih darein, Oh God, look down from Heaven, Chorale @{PC#}. @{OTL@@DE} (@{SCT})",,,,,B- major,4/4,100,4,Voice | Voice | Voice | Voice,19,268,Score,False,False,WARNING,no_bwv,
data/raw/bulk_xml/bach-chorales-371/kern/chor247.krn,chor247.krn,.krn,2413,7aa4397136cb81e24bc0d420d64da2f673a04d044c902b8beb7099592fac2017,"Bach, Johann Sebastian","Wenn wir in h&ouml;chsten N&ouml;ten sein, Chorale @{PC#}. @{OTL@@DE} (@{SCT})",,,,,G major,4/4,100,4,Voice | Voice | Voice | Voice,9,179,Score,False,False,WARNING,no_bwv,
data/raw/bulk_xml/bach-chorales-371/kern/chor280.krn,chor280.krn,.krn,3619,778c0c74d17b6bf07c0633ec6983d1bec51a93a349c96e84ae7055acfb41197d,"Bach, Johann Sebastian","Eins ist not, ach Herr, dies eine, Chorale @{PC#}. @{OTL@@DE} (@{SCT})",,,,,D major,4/4,100,4,Voice | Voice | Voice | Voice,25,383,Score,False,False,WARNING,no_bwv,
data/raw/bulk_xml/bach-chorales-371/kern/chor290.krn,chor290.krn,.krn,2746,511c7afe0fc35fdeaa885f4f82ddd962e80aff365ee15eedba577da68badafb0,"Bach, Johann Sebastian","Es ist das Heil uns kommen her, Chorale @{PC#}. @{OTL@@DE} (@{SCT})",,,,,E major,4/4,100,4,Voice | Voice | Voice | Voice,12,214,Score,False,False,WARNING,no_bwv,
data/raw/bulk_xml/bach-chorales-371/kern/chor284.krn,chor284.krn,.krn,2652,e88113a5a3447c62a96759ef74a63f7fd385b007958ddcb27560cbe2503a6a47,"Bach, Johann Sebastian","Herr Jesu Christ, wahr Mensch und Gott, Chorale @{PC#}. @{OTL@@DE} (@{SCT})",,,,,F major,4/4,100,4,Voice | Voice | Voice | Voice,13,242,Score,False,False,WARNING,no_bwv,
data/raw/bulk_xml/bach-chorales-371/kern/chor051.krn,chor051.krn,.krn,2427,cf1f2581bd551f9106248b8bbf07ede638088e9e85125575270d8913a1dd8d60,"Bach, Johann Sebastian","Gelobet seist du, Jesu Christ, Chorale @{PC#}. @{OTL@@DE} (@{SCT})",,,,,G major,4/4,100,4,Voice | Voice | Voice | Voice,11,201,Score,False,False,WARNING,no_bwv,
data/raw/bulk_xml/bach-chorales-371/kern/chor079.krn,chor079.krn,.krn,2638,4e55a8119edd53a54ad6cfd8821f2f727068051992d7eedd3233244c7c88802e,"Bach, Johann Sebastian","Heut triumphieret Gottes Sohn, Chorale @{PC#}. @{OTL@@DE} (@{SCT})",,,,,C major,3/4,100,4,Voice | Voice | Voice | Voice,24,230,Score,False,False,WARNING,no_bwv,
data/raw/bulk_xml/bach-chorales-371/kern/chor045.krn,chor045.krn,.krn,3023,91fec636d2dda900879c35ed09d576dabf4d5d5533fd779302212b2020b800a8,"Bach, Johann Sebastian","Kommt her zu mir, spricht, Chorale @{PC#}. @{OTL@@DE} (@{SCT})",,,,,D major,4/4,100,4,Voice | Voice | Voice | Voice,14,290,Score,False,False,WARNING,no_bwv,
data/raw/bulk_xml/bach-chorales-371/kern/chor092.krn,chor092.krn,.krn,2718,de66e1946902f83bcdd56223665982b706784fd351fc11c682e0b7b2d9c6a895,"Bach, Johann Sebastian","Herr Jesu Christ, du h&ouml;chstes Gut, Chorale @{PC#}. @{OTL@@DE} (@{SCT})",,,,,D major,4/4,100,4,Voice | Voice | Voice | Voice,13,207,Score,False,False,WARNING,no_bwv,
data/raw/bulk_xml/bach-chorales-371/kern/chor086.krn,chor086.krn,.krn,2923,cb9a69374294cd6101c75d093022a1f8da92ae29e41330ef7fb6f4f4a177922a,"Bach, Johann Sebastian","Wie sch&ouml;n leuchtet der Morgenstern, Chorale @{PC#}. @{OTL@@DE} (@{SCT})",,,,,D major,4/4,100,4,Voice | Voice | Voice | Voice,16,242,Score,False,False,WARNING,no_bwv,
data/raw/bulk_xml/bach-chorales-371/kern/chor125.krn,chor125.krn,.krn,2567,97ad1fe6883b4b4fc87577fdf99c0630164efdf9e5cc489e2f558dbc170c8903,"Bach, Johann Sebastian","Allein Gott in der H&ouml;h sei Ehr, Chorale @{PC#}. @{OTL@@DE} (@{SCT})",,,,,G major,4/4,100,4,Voice | Voice | Voice | Voice,12,199,Score,False,False,WARNING,no_bwv,
data/raw/bulk_xml/bach-chorales-371/kern/chor131.krn,chor131.krn,.krn,2415,d69a497fe6f9326b07bfa09e64711c8b100e18fefa25e309c6852cda32a5aad3,"Bach, Johann Sebastian","Liebester Jesu, wir sind hier, Chorale @{PC#}. @{OTL@@DE} (@{SCT})",,,,,G major,4/4,100,4,Voice | Voice | Voice | Voice,10,159,Score,False,False,WARNING,no_bwv,
data/raw/bulk_xml/bach-chorales-371/kern/chor327.krn,chor327.krn,.krn,2943,9541e718611925b04577e798a7d82a1f29ce4b6ae7f2a6601a17c1fd521d73d7,"Bach, Johann Sebastian","Jesu, nun sei gepreiset, Chorale @{PC#}. @{OTL@@DE} (@{SCT})",,,,,D major,4/4,100,4,Voice | Voice | Voice | Voice,22,249,Score,False,False,WARNING,no_bwv,
data/raw/bulk_xml/bach-chorales-371/kern/chor326.krn,chor326.krn,.krn,2784,4b0d525921112675014300548c55d3588d1a375828df0ff3bf56436fc60e5a3f,"Bach, Johann Sebastian","Allein Gott in der H&ouml;h sei Ehr, Chorale @{PC#}. @{OTL@@DE} (@{SCT})",,,,,A major,4/4,100,4,Voice | Voice | Voice | Voice,12,201,Score,False,False,WARNING,no_bwv,
data/raw/bulk_xml/bach-chorales-371/kern/chor333.krn,chor333.krn,.krn,3402,1d9fb377d977d5dbf3381282528cd3a2c99e537d2a2c58bd8d7eed104dc9b586,"Bach, Johann Sebastian","Es woll' uns Gott gen&auml;dig sein, Chorale @{PC#}. @{OTL@@DE} (@{SCT})",,,,,D major,4/4,100,4,Voice | Voice | Voice | Voice,19,305,Score,False,False,WARNING,no_bwv,
data/raw/bulk_xml/bach-chorales-371/kern/chor119.krn,chor119.krn,.krn,3423,e9954a94b091fca3b81b6698b816ba91031a2b2e5aaf9a53fc64cf97efbbb904,"Bach, Johann Sebastian","Christ, unser Herr zum Jordan kam, Chorale @{PC#}. @{OTL@@DE} (@{SCT})",,,,,B- major,4/4,100,4,Voice | Voice | Voice | Voice,19,361,Score,False,False,WARNING,no_bwv,
data/raw/bulk_xml/bach-chorales-371/kern/chor130.krn,chor130.krn,.krn,1840,16f03f3581e3b610f9634178e137fa9c792ff1d0f64b7ef4c26c299842e1cd7b,"Bach, Johann Sebastian","Mein Seele erhebet den Herrn, Chorale @{PC#}. @{OTL@@DE} (@{SCT})",,,,,G major,4/4,100,4,Voice | Voice | Voice | Voice,10,80,Score,False,False,WARNING,no_bwv,
data/raw/bulk_xml/bach-chorales-371/kern/chor332.krn,chor332.krn,.krn,2868,825366bb0941ff85d94ea1a0bf9111f366a1509c8d21ce291a626a49bec05f10,"Bach, Johann Sebastian","Von Gott will ich nicht lassen, Chorale @{PC#}. @{OTL@@DE} (@{SCT})",,,,,C major,4/4,100,4,Voice | Voice | Voice | Voice,17,276,Score,False,False,WARNING,no_bwv,
data/raw/bulk_xml/bach-chorales-371/kern/chor124.krn,chor124.krn,.krn,2759,9f514eee0953a59870f0908045b6b948ec73852b612ccb1c93a0d7b2ff1ef383,"Bach, Johann Sebastian","Auf, auf, mein Herz, und du mein ganzer Sinn, Chorale @{PC#}. @{OTL@@DE} (@{SCT})",,,,,G major,4/4,100,4,Voice | Voice | Voice | Voice,12,251,Score,False,False,WARNING,no_bwv,
data/raw/bulk_xml/bach-chorales-371/kern/chor050.krn,chor050.krn,.krn,2504,99d9babe78aa079a24144429abb198e749a6374c830069676cd17169ab03c1f7,"Bach, Johann Sebastian","In allen meinen Taten, Chorale @{PC#}. @{OTL@@DE} (@{SCT})",,,,,F major,4/4,100,4,Voice | Voice | Voice | Voice,13,218,Score,False,False,WARNING,no_bwv,
data/raw/bulk_xml/bach-chorales-371/kern/chor118.krn,chor118.krn,.krn,2524,582287398c637b9877d31df0cc16cbbad753655e33c402335b61ebffd4c2dd83,"Bach, Johann Sebastian","In dich hab ich gehoffet, Herr, Chorale @{PC#}. @{OTL@@DE} (@{SCT})",,,,,B- major,4/4,100,4,Voice | Voice | Voice | Voice,12,208,Score,False,False,WARNING,no_bwv,
data/raw/bulk_xml/bach-chorales-371/kern/chor078.krn,chor078.krn,.krn,2460,c1b433338b039110dbbdfff6f0b486af7dae7a91d54d880d8f29d5a1259915a2,"Bach, Johann Sebastian","Herzliebester Jesu, was hast du verbrochen, Chorale @{PC#}. @{OTL@@DE} (@{SCT})",,,,,D major,4/4,100,4,Voice | Voice | Voice | Voice,12,193,Score,False,False,WARNING,no_bwv,
data/raw/bulk_xml/bach-chorales-371/kern/chor087.krn,chor087.krn,.krn,2638,6d81f07d354a4e7aa00779352effb3fe278863ae1c0b3a206fac38c29a05b5c7,"Bach, Johann Sebastian","Du, o sch&ouml;nes Weltgeb&auml;ude, Chorale @{PC#}. @{OTL@@DE} (@{SCT})",,,,,B- major,4/4,100,4,Voice | Voice | Voice | Voice,13,183,Score,False,False,WARNING,no_bwv,
data/raw/bulk_xml/bach-chorales-371/kern/chor093.krn,chor093.krn,.krn,2217,023cced3abb22e7a5ea3f6ef2d374abae5e29dc1df19dd6b586c3817e6e617f7,"Bach, Johann Sebastian","Wach auf, mein Herz, Chorale @{PC#}. @{OTL@@DE} (@{SCT})",,,,,B- major,3/4,100,4,Voice | Voice | Voice | Voice,17,151,Score,False,False,WARNING,no_bwv,
data/raw/bulk_xml/bach-chorales-371/kern/chor044.krn,chor044.krn,.krn,2321,9191846c7fd4712e99b5daba0cb4d831e4edab549c68b48824eeb1898b54c7e4,"Bach, Johann Sebastian","Mach's mit mir, Gott, nach deiner G&uuml;t, Chorale @{PC#}. @{OTL@@DE} (@{SCT})",,,,,D major,4/4,100,4,Voice | Voice | Voice | Voice,10,155,Score,False,False,WARNING,no_bwv,
data/raw/bulk_xml/bach-chorales-371/kern/chor285.krn,chor285.krn,.krn,2567,37e23e9d1ad29ef128a95adf0752f59fddc009d394bb6692d7051e851382ab89,"Bach, Johann Sebastian","W&auml;r Gott nicht mit uns diese Zeit, Chorale @{PC#}. @{OTL@@DE} (@{SCT})",,,,,C major,4/4,100,4,Voice | Voice | Voice | Voice,12,203,Score,False,False,WARNING,no_bwv,
data/raw/bulk_xml/bach-chorales-371/kern/chor291.krn,chor291.krn,.krn,2681,009b3c357d96f98755f222968df419e1aaa30a3a9ccc2f2f42054e882fbe5963,"Bach, Johann Sebastian","Was frag ich nach der Welt, Chorale @{PC#}. @{OTL@@DE} (@{SCT})",,,,,D major,4/4,100,4,Voice | Voice | Voice | Voice,17,239,Score,False,False,WARNING,no_bwv,
data/raw/bulk_xml/bach-chorales-371/kern/chor246.krn,chor246.krn,.krn,3075,25660f771b3b2359dcfa8ea969d72630c96f29d840a4d976875b185813d6deb2,"Bach, Johann Sebastian","Singt dem Herrn ein neues Lied, Chorale @{PC#}. @{OTL@@DE} (@{SCT})",,,,,G major,4/4,100,4,Voice | Voice | Voice | Voice,13,260,Score,False,False,WARNING,no_bwv,
data/raw/bulk_xml/bach-chorales-371/kern/chor278.krn,chor278.krn,.krn,2773,8df3307fe3bc0b00615a5fa9aee7ffdb4842c61a55c335c678aca9a9a603b279,"Bach, Johann Sebastian","Wie sch&ouml;n leuchtet der Morgenstern, Chorale @{PC#}. @{OTL@@DE} (@{SCT})",,,,,E major,4/4,100,4,Voice | Voice | Voice | Voice,15,220,Score,False,False,WARNING,no_bwv,
data/raw/bulk_xml/bach-chorales-371/kern/chor250.krn,chor250.krn,.krn,2807,a8e9211350ba94aed49fe4941f9256b41faf1064d31585ab2fa5bb439610af8b,"Bach, Johann Sebastian","Ein feste Burg ist unser Gott, Chorale @{PC#}. @{OTL@@DE} (@{SCT})",,,,,D major,4/4,100,4,Voice | Voice | Voice | Voice,13,240,Score,False,False,WARNING,no_bwv,
data/raw/bulk_xml/bach-chorales-371/kern/chor287.krn,chor287.krn,.krn,2304,e0f3f0b9183da76d51025210440b513854c2d2fc03ea54f181f64285bc097b9e,"Bach, Johann Sebastian","Herr, ich habe mi&szlig;gehandelt, Chorale @{PC#}. @{OTL@@DE} (@{SCT})",,,,,C major,4/4,100,4,Voice | Voice | Voice | Voice,10,149,Score,False,False,WARNING,no_bwv,
data/raw/bulk_xml/bach-chorales-371/kern/chor244.krn,chor244.krn,.krn,3056,f92c5f8c1d26dd03a95dc15225dfa1d71c61f7f77a4f1f68ce77d2172fe0b42e,"Bach, Johann Sebastian","Jesu, Jesu, du bist mein, Chorale @{PC#}. @{OTL@@DE} (@{SCT})",,,,,B- major,4/4,100,4,Voice | Voice | Voice | Voice,16,290,Score,False,False,WARNING,no_bwv,
data/raw/bulk_xml/bach-chorales-371/kern/chor293.krn,chor293.krn,.krn,2405,badb8e9a9fd35142430098cdb29e9ea501cae1ac16a612cfb4078f1d03b753d6,"Bach, Johann Sebastian","Was Gott tut, das ist wohlgetan, Chorale @{PC#}. @{OTL@@DE} (@{SCT})",,,,,G major,4/4,100,4,Voice | Voice | Voice | Voice,12,170,Score,False,False,WARNING,no_bwv,
data/raw/bulk_xml/bach-chorales-371/kern/chor046.krn,chor046.krn,.krn,2320,d1d9b05267db43a764613292dbc0a485963437c51aee31a8e2ca6abf0f7ef35c,"Bach, Johann Sebastian","Vom Himmel hoch, da komm ich her, Chorale @{PC#}. @{OTL@@DE} (@{SCT})",,,,,D major,4/4,100,4,Voice | Voice | Voice | Voice,9,178,Score,False,False,WARNING,no_bwv,
data/raw/bulk_xml/bach-chorales-371/kern/chor252.krn,chor252.krn,.krn,4172,005702a83364c9310a9186743d9d87363c141d1bb1783e770b24a4fda8a5cda1,"Bach, Johann Sebastian","Jesu, nun sei gepreiset, Chorale @{PC#}. @{OTL@@DE} (@{SCT})",,,,,B- major,4/4,100,4,Voice | Voice | Voice | Voice,32,460,Score,False,False,WARNING,no_bwv,
data/raw/bulk_xml/bach-chorales-371/kern/chor052.krn,chor052.krn,.krn,3136,e9f73d08f7f19a0297a238165990a4c54bda85a5cafd9de8c6e252870f371c88,"Bach, Johann Sebastian","Wenn mein St&uuml;ndlein vorhanden ist, Chorale @{PC#}. @{OTL@@DE} (@{SCT})",,,,,A major,4/4,100,4,Voice | Voice | Voice | Voice,16,290,Score,False,False,WARNING,no_bwv,
data/raw/bulk_xml/bach-chorales-371/kern/chor085.krn,chor085.krn,.krn,2801,4794049114450da4ca1addba1e1cd5fc0a061d2e365646ac3fb79f67461d91ad,"Bach, Johann Sebastian","O Gott, du frommer Gott, Chorale @{PC#}. @{OTL@@DE} (@{SCT})",,,,,E major,4/4,100,4,Voice | Voice | Voice | Voice,17,259,Score,False,False,WARNING,no_bwv,
data/raw/bulk_xml/bach-chorales-371/kern/chor318.krn,chor318.krn,.krn,2851,2c9d57f7325d08b554f52b2ac2845564707593643acf91c16ef749a6240ed60a,"Bach, Johann Sebastian","Herr wie du willst, so schick's mit mir, Chorale @{PC#}. @{OTL@@DE} (@{SCT})",,,,,A major,4/4,100,4,Voice | Voice | Voice | Voice,13,229,Score,False,False,WARNING,no_bwv,
data/raw/bulk_xml/bach-chorales-371/kern/chor126.krn,chor126.krn,.krn,2789,95f5900d50a5b039c3bfb6d0de8a518336516a57f069665d5d7738ec8c975817,"Bach, Johann Sebastian","Durch Adams Fall ist ganz verderbt, Chorale @{PC#}. @{OTL@@DE} (@{SCT})",,,,,C major,4/4,100,4,Voice | Voice | Voice | Voice,15,238,Score,False,False,WARNING,no_bwv,
data/raw/bulk_xml/bach-chorales-371/kern/chor330.krn,chor330.krn,.krn,2659,79b348a6c317aa271f95682b27f491df32fc6ce7974a102cf6815919c74e9a35,"Bach, Johann Sebastian","Nun danket alle Gott, Chorale @{PC#}. @{OTL@@DE} (@{SCT})",,,,,G major,4/4,100,4,Voice | Voice | Voice | Voice,14,206,Score,False,False,WARNING,no_bwv,
data/raw/bulk_xml/bach-chorales-371/kern/chor324.krn,chor324.krn,.krn,2563,69265958606d493494ee2f7612c0e79e08aa6491fe5dccc5b4d7a2cd3ad12b19,"Bach, Johann Sebastian","Jesu, meine Freude, Chorale @{PC#}. @{OTL@@DE} (@{SCT})",,,,,G major,4/4,100,4,Voice | Voice | Voice | Voice,13,195,Score,False,False,WARNING,no_bwv,
data/raw/bulk_xml/bach-chorales-371/kern/chor325.krn,chor325.krn,.krn,2396,32f18c5adc8819c6f3670b9f209da22df660bfb151ca6ec6b824614e4beea834,"Bach, Johann Sebastian","Mit Fried und Freud ich fahr dahin, Chorale @{PC#}. @{OTL@@DE} (@{SCT})",,,,,C major,4/4,100,4,Voice | Voice | Voice | Voice,13,203,Score,False,False,WARNING,no_bwv,
data/raw/bulk_xml/bach-chorales-371/kern/chor091.krn,chor091.krn,.krn,4262,0faaf930f8dd2adeb5e5b2ecfc31d5210dcc9ef14c323bc3a907b35de28231ef,"Bach, Johann Sebastian","Verleih uns Frieden gn&auml;diglich, Chorale @{PC#}. @{OTL@@DE} (@{SCT})",,,,,A major,4/4,100,4,Voice | Voice | Voice | Voice,28,471,Score,False,False,WARNING,no_bwv,
data/raw/bulk_xml/bach-chorales-371/kern/chor331.krn,chor331.krn,.krn,2514,19b8f189776b2136f8e3fe3d9f9bcc8eb9fb4b0de81e6354f076f4c9dd6915b9,"Bach, Johann Sebastian","Wo soll ich fliehen hin, Chorale @{PC#}. @{OTL@@DE} (@{SCT})",,,,,D major,4/4,100,4,Voice | Voice | Voice | Voice,13,195,Score,False,False,WARNING,no_bwv,
data/raw/bulk_xml/bach-chorales-371/kern/chor127.krn,chor127.krn,.krn,2365,59fe91353c33f3c2d32221aac8f71bfcd9625342271f585cfd25636bb85c88b9,"Bach, Johann Sebastian","Dies sind die heil'gen zehn Gebot, Chorale @{PC#}. @{OTL@@DE} (@{SCT})",,,,,C major,4/4,100,4,Voice | Voice | Voice | Voice,10,184,Score,False,False,WARNING,no_bwv,
data/raw/bulk_xml/bach-chorales-371/kern/chor319.krn,chor319.krn,.krn,3144,7323fa4f937e9ed7bc8d5016e980d590ca9681aa477c68475b64d8418212b5c7,"Bach, Johann Sebastian","Sanctus, sanctus Dominus Deus Sabaoth, Chorale @{PC#}. @{OTL@@DE} (@{SCT})",,,,,F major,4/4,100,4,Voice | Voice | Voice | Voice,17,301,Score,False,False,WARNING,no_bwv,
data/raw/bulk_xml/bach-chorales-371/kern/chor090.krn,chor090.krn,.krn,2364,9de484a8cd70bb3bd84da617aa7bcfa3fa6330b9ee2267614b73a9388e4ef92f,"Bach, Johann Sebastian","Hast du denn, Jesu, dein Angesicht, Chorale @{PC#}. @{OTL@@DE} (@{SCT})",,,,,B- major,3/4,100,4,Voice | Voice | Voice | Voice,13,158,Score,False,False,WARNING,no_bwv,
data/raw/bulk_xml/bach-chorales-371/kern/chor053.krn,chor053.krn,.krn,2244,a596aaca674f15d8ac901d7484b17f28b0a005f86aba283009894e3bf23ecd4b,"Bach, Johann Sebastian","Das neugeborne Kindelein, Chorale @{PC#}. @{OTL@@DE} (@{SCT})",,,,,B- major,3/4,100,4,Voice | Voice | Voice | Voice,16,157,Score,False,False,WARNING,no_bwv,
data/raw/bulk_xml/bach-chorales-371/kern/chor047.krn,chor047.krn,.krn,2484,06a012b9e75e28166d28341e6d06bf23a2484b2f028f9099d6e5d80d0d6f27d5,"Bach, Johann Sebastian","Vater unser im Himmelreich, Chorale @{PC#}. @{OTL@@DE} (@{SCT})",,,,,F major,4/4,100,4,Voice | Voice | Voice | Voice,13,218,Score,False,False,WARNING,no_bwv,
data/raw/bulk_xml/bach-chorales-371/kern/chor084.krn,chor084.krn,.krn,2975,be275952f9e586c3398cf335987a51378aebd1f7fa49213317b030ff41376442,"Bach, Johann Sebastian","Nun bitten wir den heiligen Geist, Chorale @{PC#}. @{OTL@@DE} (@{SCT})",,,,,A major,4/4,100,4,Voice | Voice | Voice | Voice,15,282,Score,False,False,WARNING,no_bwv,
data/raw/bulk_xml/bach-chorales-371/kern/chor292.krn,chor292.krn,.krn,2380,6602f8dac63d4cbdb433709efaa419716de28fbe03a7f9104c260b65056eee20,"Bach, Johann Sebastian","Nimm von uns, Herr, du treuer Gott, Chorale @{PC#}. @{OTL@@DE} (@{SCT})",,,,,F major,4/4,100,4,Voice | Voice | Voice | Voice,13,208,Score,False,False,WARNING,no_bwv,
data/raw/bulk_xml/bach-chorales-371/kern/chor132.krn,chor132.krn,.krn,6722,8b7724df3bd39f102dac2e63ebbff39c0f40ee12f0b9250c9570f19976006c09,"Bach, Johann Sebastian","Kyrie! Gott Vater in Ewigkeit, Chorale @{PC#}. @{OTL@@DE} (@{SCT})",,,,,C major,4/4,100,4,Voice | Voice | Voice | Voice,40,830,Score,False,False,WARNING,no_bwv,
data/raw/bulk_xml/bach-chorales-371/kern/chor286.krn,chor286.krn,.krn,2701,35169b6709a7446e9567d8a5b48baaf0b3a9e954e3b42a0526ddf22b0059c430,"Bach, Johann Sebastian","Befiehl du deine Wege, Chorale @{PC#}. @{OTL@@DE} (@{SCT})",,,,,D major,4/4,100,4,Voice | Voice | Voice | Voice,14,207,Score,False,False,WARNING,no_bwv,
data/raw/bulk_xml/bach-chorales-371/kern/chor251.krn,chor251.krn,.krn,2698,21aba765c4929e7e7c402d25c6932a4de4745e79fe1743a3d71e1443c5bc604c,"Bach, Johann Sebastian","Ich bin ja, Herr, in deiner Macht, Chorale @{PC#}. @{OTL@@DE} (@{SCT})",,,,,B- major,4/4,100,4,Voice | Voice | Voice | Voice,12,206,Score,False,False,WARNING,no_bwv,
data/raw/bulk_xml/bach-chorales-371/kern/chor245.krn,chor245.krn,.krn,2403,c7eda530c8494e2fb0b6bc8f014bfc9b31c854ad09061c1a2576420d16965dd9,"Bach, Johann Sebastian","Christe, der du bist Tag und Licht, Chorale @{PC#}. @{OTL@@DE} (@{SCT})",,,,,B- major,4/4,100,4,Voice | Voice | Voice | Voice,9,183,Score,False,False,WARNING,no_bwv,
data/raw/bulk_xml/bach-chorales-371/kern/chor133.krn,chor133.krn,.krn,5353,ef79ae8c84148eb0f484d9056a03dcedcb7a8b9dfd4fa72138c93b3ec660c7ec,"Bach, Johann Sebastian","Wir glauben all an einen Gott, Chorale @{PC#}. @{OTL@@DE} (@{SCT})",,,,,C major,4/4,100,4,Voice | Voice | Voice | Voice,32,640,Score,False,False,WARNING,no_bwv,
data/raw/bulk_xml/bach-chorales-371/kern/chor236.krn,chor236.krn,.krn,2207,148658ff8964001cc4354cc7bac38518f3dc09c700ec0f4cf25db28f22fcca53,"Bach, Johann Sebastian","O Jesu, du mein Br&auml;utigam, Chorale @{PC#}. @{OTL@@DE} (@{SCT})",,,,,G major,4/4,100,4,Voice | Voice | Voice | Voice,9,154,Score,False,False,WARNING,no_bwv,
data/raw/bulk_xml/bach-chorales-371/kern/chor279.krn,chor279.krn,.krn,2383,ef99634da0865eadab4f54777b3584312604a6641b32d4b22f96420b76bc7d95,"Bach, Johann Sebastian","Ach Gott und Herr, Chorale @{PC#}. @{OTL@@DE} (@{SCT})",,,,,B- major,4/4,100,4,Voice | Voice | Voice | Voice,11,161,Score,False,False,WARNING,no_bwv,
data/raw/bulk_xml/bach-chorales-371/kern/chor222.krn,chor222.krn,.krn,2652,708bef208cd88d5e5da4bcdc2ad1f65d989408ec81ab3ca3cc3d7c7df7a8b39d,"Bach, Johann Sebastian","Nun preiset alle Gottes Barmherzigkeit, Chorale @{PC#}. @{OTL@@DE} (@{SCT})",,,,,G major,3/4,100,4,Voice | Voice | Voice | Voice,18,201,Score,False,False,WARNING,no_bwv,
data/raw/bulk_xml/bach-chorales-371/kern/chor020.krn,chor020.krn,.krn,2799,ab712d6e57b5aa5e1bf87f5e506a9b24a79402571e15cef105e0be3666e8d0b8,"Bach, Johann Sebastian","Ein feste Burg ist unser Gott, Chorale @{PC#}. @{OTL@@DE} (@{SCT})",,,,,D major,4/4,100,4,Voice | Voice | Voice | Voice,14,236,Score,False,False,WARNING,no_bwv,
data/raw/bulk_xml/bach-chorales-371/kern/chor154.krn,chor154.krn,.krn,2173,f77365fb8905854cad731e56291a3b7ced2d68f744783e7d28a02b1096abc756,"Bach, Johann Sebastian","Der du bist drei in Einigkeit, Chorale @{PC#}. @{OTL@@DE} (@{SCT})",,,,,C major,4/4,100,4,Voice | Voice | Voice | Voice,9,152,Score,False,False,WARNING,no_bwv,
data/raw/bulk_xml/bach-chorales-371/kern/chor168.krn,chor168.krn,.krn,2313,55a4231e245e3de70290aabf3b4f54eed404794daa2ca9788b81e972fa5e6113,"Bach, Johann Sebastian","Heut ist, o Mensch, ein gro&szlig;er Trauertag, Chorale @{PC#}. @{OTL@@DE} (@{SCT})",,,,,F major,4/4,100,4,Voice | Voice | Voice | Voice,10,161,Score,False,False,WARNING,no_bwv,
data/raw/bulk_xml/bach-chorales-371/kern/chor034.krn,chor034.krn,.krn,3130,8905853550e287341a6b5634a5a43888b433dda59f6218cfe6fb9d307e652227,"Bach, Johann Sebastian","Erbarm dich mein, o Herre Gott, Chorale @{PC#}. @{OTL@@DE} (@{SCT})",,,,,C major,4/4,100,4,Voice | Voice | Voice | Voice,15,289,Score,False,False,WARNING,no_bwv,
data/raw/bulk_xml/bach-chorales-371/kern/chor140.krn,chor140.krn,.krn,2427,95e58504dd1e071742ad4964a2ff758f05a15c93a74fac174490c62adccc4420,"Bach, Johann Sebastian","In allen meinen Taten, Chorale @{PC#}. @{OTL@@DE} (@{SCT})",,,,,C major,4/4,100,4,Voice | Voice | Voice | Voice,13,208,Score,False,False,WARNING,no_bwv,
data/raw/bulk_xml/bach-chorales-371/kern/chor008.krn,chor008.krn,.krn,3430,7d72f10ba30635b9e747fef80c8efb7197158bcf315e3e4b6e7788db82414e06,"Bach, Johann Sebastian","Freuet euch, ihr Christen alle, Chorale @{PC#}. @{OTL@@DE} (@{SCT})",,,,,E- major,4/4,100,4,Voice | Voice | Voice | Voice,20,358,Score,False,False,WARNING,no_bwv,
data/raw/bulk_xml/bach-chorales-371/kern/chor183.krn,chor183.krn,.krn,2728,47d8f61c01e44a132073e20f92e9987d88020466717fb41ee0f720090b3c5752,"Bach, Johann Sebastian","Nun freut euch, lieben Christen g'mein, Chorale @{PC#}. @{OTL@@DE} (@{SCT})",,,,,G major,4/4,100,4,Voice | Voice | Voice | Voice,12,212,Score,False,False,WARNING,no_bwv,
data/raw/bulk_xml/bach-chorales-371/kern/chor356.krn,chor356.krn,.krn,2614,2654f0f7e41f1e30e3a6ab66e303297ce6afedd66d091c0574f4ced5c45eca2c,"Bach, Johann Sebastian","Jesu, meine Freude, Chorale @{PC#}. @{OTL@@DE} (@{SCT})",,,,,F major,4/4,100,4,Voice | Voice | Voice | Voice,13,202,Score,False,False,WARNING,no_bwv,
data/raw/bulk_xml/bach-chorales-371/kern/chor342.krn,chor342.krn,.krn,2451,c36d6e1a8fb0c5d4bd7d6ed90521f4abf03d54f75ed415575ffd462d40d408f0,"Bach, Johann Sebastian","Lobt Gott, ihr Christen allzugleich, Chorale @{PC#}. @{OTL@@DE} (@{SCT})",,,,,A major,4/4,100,4,Voice | Voice | Voice | Voice,11,183,Score,False,False,WARNING,no_bwv,
data/raw/bulk_xml/bach-chorales-371/kern/chor357.krn,chor357.krn,.krn,2666,1283d3edf9987332be27e2ffa7f0b96f31950e16680975076f5ca254e76bf418,"Bach, Johann Sebastian","Warum sollt ich mich denn gr&auml;men, Chorale @{PC#}. @{OTL@@DE} (@{SCT})",,,,,C major,4/4,100,4,Voice | Voice | Voice | Voice,13,221,Score,False,False,WARNING,no_bwv,
data/raw/bulk_xml/bach-chorales-371/kern/chor182.krn,chor182.krn,.krn,2743,f1bc96ad1d6c37aa9d383be3497ac4bbdf8ce1414d90e105150dba6fbf1c1395,"Bach, Johann Sebastian","W&auml;r Gott nicht mit uns diese Zeit, Chorale @{PC#}. @{OTL@@DE} (@{SCT})",,,,,B- major,4/4,100,4,Voice | Voice | Voice | Voice,12,221,Score,False,False,WARNING,no_bwv,
data/raw/bulk_xml/bach-chorales-371/kern/chor343.krn,chor343.krn,.krn,3208,4b6dbff8ea3585464e635a05fce4694b258c610d310095fb70d1e0c904c76165,"Bach, Johann Sebastian","Nun lieget alles unter dir, Chorale @{PC#}. @{OTL@@DE} (@{SCT})",,,,,D major,3/4,100,4,Voice | Voice | Voice | Voice,22,266,Score,False,False,WARNING,no_bwv,
data/raw/bulk_xml/bach-chorales-371/kern/chor196.krn,chor196.krn,.krn,2806,b669777f3ffd53c0733456c5df47e2d4d4b0e923a50ae84b5f2bee8c68b1ab0a,"Bach, Johann Sebastian","Da der Herr Christ zu Tische sa&szlig;, Chorale @{PC#}. @{OTL@@DE} (@{SCT})",,,,,E- major,4/4,100,4,Voice | Voice | Voice | Voice,13,247,Score,False,False,WARNING,no_bwv,
data/raw/bulk_xml/bach-chorales-371/kern/chor197.krn,chor197.krn,.krn,5081,234eb674c65b19f38b97427d9a459eddbbdeea3c6abe8023c7b61bfd566c2159,"Bach, Johann Sebastian","Christ ist erstanden, Chorale @{PC#}. @{OTL@@DE} (@{SCT})",,,,,C major,4/4,100,4,Voice | Voice | Voice | Voice,31,590,Score,False,False,WARNING,no_bwv,
data/raw/bulk_xml/bach-chorales-371/kern/chor141.krn,chor141.krn,.krn,2430,cc2c420c7f0995914ad8c4f38c60baf21132d4b34b50ac762e1d90a4cba53fb6,"Bach, Johann Sebastian","Seelenbr&auml;utigam, Chorale @{PC#}. @{OTL@@DE} (@{SCT})",,,,,A major,4/4,100,4,Voice | Voice | Voice | Voice,11,180,Score,False,False,WARNING,no_bwv,
data/raw/bulk_xml/bach-chorales-371/kern/chor155.krn,chor155.krn,.krn,2868,f1abc07c6337080963b7691faacde1db143dceced79e85f41b1d627d1e043d51,"Bach, Johann Sebastian","Hilf, Herr Jesu, la&szlig; gelingen, Chorale @{PC#}. @{OTL@@DE} (@{SCT})",,,,,F major,3/4,100,4,Voice | Voice | Voice | Voice,24,244,Score,False,False,WARNING,no_bwv,
data/raw/bulk_xml/bach-chorales-371/kern/chor035.krn,chor035.krn,.krn,2482,c48c8eb1dfe7c656c34b13d1888ddafd40e30164350abc52ba6e942679c29ba4,"Bach, Johann Sebastian","Gott des Himmels und der Erden, Chorale @{PC#}. @{OTL@@DE} (@{SCT})",,,,,A major,4/4,100,4,Voice | Voice | Voice | Voice,8,171,Score,False,False,WARNING,no_bwv,
data/raw/bulk_xml/bach-chorales-371/kern/chor009.krn,chor009.krn,.krn,2868,f9b19c507b2d9e949d613c2cac41c2081e6fd6d1193acddaf91ac1a6008b96dd,"Bach, Johann Sebastian","Ermuntre dich, mein schwacher Geist, Chorale @{PC#}. @{OTL@@DE} (@{SCT})",,,,,G major,4/4,100,4,Voice | Voice | Voice | Voice,14,243,Score,False,False,WARNING,no_bwv,
data/raw/bulk_xml/bach-chorales-371/kern/chor021.krn,chor021.krn,.krn,2405,ca7cecf729ed6e31b16529d4b00010feb41166ea462964cdea6ad613f9b34472,"Bach, Johann Sebastian","Herzlich tut mich verlangen, Chorale @{PC#}. @{OTL@@DE} (@{SCT})",,,,,C major,4/4,100,4,Voice | Voice | Voice | Voice,14,184,Score,False,False,WARNING,no_bwv,
data/raw/bulk_xml/bach-chorales-371/kern/chor237.krn,chor237.krn,.krn,3177,d6abf5f6e5389a65dad879cea4ce57fd71f07b9ce02e434ef968961b0e73207b,"Bach, Johann Sebastian","Was betr&uuml;bst du dich, mein Herze, Chorale @{PC#}. @{OTL@@DE} (@{SCT})",,,,,F major,4/4,100,4,Voice | Voice | Voice | Voice,16,304,Score,False,False,WARNING,no_bwv,
data/raw/bulk_xml/bach-chorales-371/kern/chor235.krn,chor235.krn,.krn,3157,762beb79fe90945733dd18bd5e1e9d3def0bebb07578095c9f24f65bcf04afbc,"Bach, Johann Sebastian","Heilig, heilig, Chorale @{PC#}. @{OTL@@DE} (@{SCT})",,,,,F major,4/4,100,4,Voice | Voice | Voice | Voice,17,303,Score,False,False,WARNING,no_bwv,
data/raw/bulk_xml/bach-chorales-371/kern/chor169.krn,chor169.krn,.krn,3029,985738518d2ca4fb7e7264babba67ac009f36fda9a262e05bfae580052b939ac,"Bach, Johann Sebastian","Jesu, der du selbsten wohl, Chorale @{PC#}. @{OTL@@DE} (@{SCT})",,,,,A major,4/4,100,4,Voice | Voice | Voice | Voice,16,285,Score,False,False,WARNING,no_bwv,
data/raw/bulk_xml/bach-chorales-371/kern/chor221.krn,chor221.krn,.krn,2745,be2199a6a5b47278066fdc2381c5aa3fbbbe1cea7bd1537eb3b2626bda670cc8,"Bach, Johann Sebastian","Herr, straf mich nicht in deinem Zorn, Chorale @{PC#}. @{OTL@@DE} (@{SCT})",,,,,C major,4/4,100,4,Voice | Voice | Voice | Voice,12,210,Score,False,False,WARNING,no_bwv,
data/raw/bulk_xml/bach-chorales-371/kern/chor023.krn,chor023.krn,.krn,2542,bbe4bc3a8f7258b62c1c0d4fb58caa88a3bcd872c6264b705ae198718f753fb4,"Bach, Johann Sebastian","Zeuch ein zu deinen Toren, Chorale @{PC#}. @{OTL@@DE} (@{SCT})",,,,,C major,4/4,100,4,Voice | Voice | Voice | Voice,14,200,Score,False,False,WARNING,no_bwv,
data/raw/bulk_xml/bach-chorales-371/kern/chor180.krn,chor180.krn,.krn,2164,c9af390de0f8cb8fe5444f265e516e4e321a2a88ac49ee8454ad79a5b86fba7a,"Bach, Johann Sebastian","Als Jesus Christus in der Nacht, Chorale @{PC#}. @{OTL@@DE} (@{SCT})",,,,,C major,4/4,100,4,Voice | Voice | Voice | Voice,9,147,Score,False,False,WARNING,no_bwv,
data/raw/bulk_xml/bach-chorales-371/kern/chor223.krn,chor223.krn,.krn,2858,ab96f8d1664a57ca3cdb232ea8e1c4c6439b96361081d44b8e7b397b7d417aae,"Bach, Johann Sebastian","Ich dank dir, Gott, f&uuml;r all Wohlat, Chorale @{PC#}. @{OTL@@DE} (@{SCT})",,,,,C major,4/4,100,4,Voice | Voice | Voice | Voice,16,267,Score,False,False,WARNING,no_bwv,
data/raw/bulk_xml/bach-chorales-371/kern/chor037.krn,chor037.krn,.krn,2781,72de6e78af8ae46ee423c7e08646296dfd7b761305381267aa550b0f89a2e447,"Bach, Johann Sebastian","Jesu, der du meine Seele, Chorale @{PC#}. @{OTL@@DE} (@{SCT})",,,,,C major,4/4,100,4,Voice | Voice | Voice | Voice,12,241,Score,False,False,WARNING,no_bwv,
data/raw/bulk_xml/bach-chorales-371/kern/chor209.krn,chor209.krn,.krn,2788,df391631b12028ea202087bd125278985dbd1cac3d0008203c1573cadeefeb61,"Bach, Johann Sebastian","Dir, dir, Jehova will ich singen, Chorale @{PC#}. @{OTL@@DE} (@{SCT})",,,,,B- major,3/4,100,4,Voice | Voice | Voice | Voice,18,215,Score,False,False,WARNING,no_bwv,
data/raw/bulk_xml/bach-chorales-371/kern/chor355.krn,chor355.krn,.krn,2456,0dcc26072a47e2b3b4d14e8453d3af562cc0a923e3dc7c0c77e4d731f23821f4,"Bach, Johann Sebastian","Nun ruhen alle W&auml;lder, Chorale @{PC#}. @{OTL@@DE} (@{SCT})",,,,,B- major,4/4,100,4,Voice | Voice | Voice | Voice,13,208,Score,False,False,WARNING,no_bwv,
data/raw/bulk_xml/bach-chorales-371/kern/chor157.krn,chor157.krn,.krn,2282,aabbeb0a5502f6093a0c24d9288412506535f0aae04c7547c96d05473620bc30,"Bach, Johann Sebastian","Wo Gott zum Haus nicht gibt sein' Gunst, Chorale @{PC#}. @{OTL@@DE} (@{SCT})",,,,,F major,4/4,100,4,Voice | Voice | Voice | Voice,9,167,Score,False,False,WARNING,no_bwv,
data/raw/bulk_xml/bach-chorales-371/kern/chor369.krn,chor369.krn,.krn,2944,aa4844cc4bd511d2d7740a84415708a1a65cd679765f3cab18ba50ae740f13f5,"Bach, Johann Sebastian","Jesu, der du meine Seele, Chorale @{PC#}. @{OTL@@DE} (@{SCT})",,,,,A- major,4/4,100,4,Voice | Voice | Voice | Voice,12,235,Score,False,False,WARNING,no_bwv,
data/raw/bulk_xml/bach-chorales-371/kern/chor194.krn,chor194.krn,.krn,2362,b25f998aef315b0a7da88384c1a8562af25a1a1c2a578bfa6d7c048119cb8a3a,"Bach, Johann Sebastian","Liebster Immanuel, Herzog der Frommen, Chorale @{PC#}. @{OTL@@DE} (@{SCT})",,,,,D major,3/2,100,4,Voice | Voice | Voice | Voice,16,179,Score,False,False,WARNING,no_bwv,
data/raw/bulk_xml/bach-chorales-371/kern/chor143.krn,chor143.krn,.krn,3295,25f1aa552e04308fb4c70f256a6aff7be66df135ccacf179ae4fb2279b52d456,"Bach, Johann Sebastian","In dulci jubilo, Chorale @{PC#}. @{OTL@@DE} (@{SCT})",,,,,F major,3/4,100,4,Voice | Voice | Voice | Voice,33,321,Score,False,False,WARNING,no_bwv,
data/raw/bulk_xml/bach-chorales-371/kern/chor354.krn,chor354.krn,.krn,2625,84c085393a8bc35111f774455a568c7e1b7189766b413b0466a9ec3b356f5f6b,"Bach, Johann Sebastian","Sei Lob und Ehr dem h&ouml;chsten Gut, Chorale @{PC#}. @{OTL@@DE} (@{SCT})",,,,,G major,4/4,100,4,Voice | Voice | Voice | Voice,12,205,Score,False,False,WARNING,no_bwv,
data/raw/bulk_xml/bach-chorales-371/kern/chor368.krn,chor368.krn,.krn,2705,0195468162b9935f447ce31c373f3c94eb8471877712df50784fbae07953e541,"Bach, Johann Sebastian","Hilf, Herr Jesu, la&szlig; gelingen, Chorale @{PC#}. @{OTL@@DE} (@{SCT})",,,,,F major,3/4,100,4,Voice | Voice | Voice | Voice,19,195,Score,False,False,WARNING,no_bwv,
data/raw/bulk_xml/bach-chorales-371/kern/chor340.krn,chor340.krn,.krn,2579,aeedb7b7f1aaffa5127702c043b7d2330143934c4fbc3050790f7dbde238bec6,"Bach, Johann Sebastian","Befiehl du deine Wege, Chorale @{PC#}. @{OTL@@DE} (@{SCT})",,,,,F major,4/4,100,4,Voice | Voice | Voice | Voice,14,195,Score,False,False,WARNING,no_bwv,
data/raw/bulk_xml/bach-chorales-371/kern/chor181.krn,chor181.krn,.krn,2507,682e8fedcf62d2342c29ead18efff2da0e001666b97f46891969c72e6f05d880,"Bach, Johann Sebastian","Gott hat das Evangelium, Chorale @{PC#}. @{OTL@@DE} (@{SCT})",,,,,G major,4/4,100,4,Voice | Voice | Voice | Voice,12,210,Score,False,False,WARNING,no_bwv,
data/raw/bulk_xml/bach-chorales-371/kern/chor195.krn,chor195.krn,.krn,2893,d612555fc312da7b6ce7245511f7c948c135487e93f5178d4bee9b906ab6a7dc,"Bach, Johann Sebastian","Wie sch&ouml;n leuchtet der Morgenstern, Chorale @{PC#}. @{OTL@@DE} (@{SCT})",,,,,D major,4/4,100,4,Voice | Voice | Voice | Voice,15,237,Score,False,False,WARNING,no_bwv,
data/raw/bulk_xml/bach-chorales-371/kern/chor156.krn,chor156.krn,.krn,2412,629d250cd52b27b8613b1690a99d713223261d727e28023a52a37a004f107c94,"Bach, Johann Sebastian","Ach Gott, wie manches Herzeleid, Oh God, how many heart pains, Chorale @{PC#}. @{OTL@@DE} (@{SCT})",,,,,A major,4/4,100,4,Voice | Voice | Voice | Voice,9,167,Score,False,False,WARNING,no_bwv,
data/raw/bulk_xml/bach-chorales-371/kern/chor341.krn,chor341.krn,.krn,3116,5e6b323f10d7b2224311d7de472240463dad4581f7b2a7e520439064b19b39e0,"Bach, Johann Sebastian","Ich dank dir, lieber Herre, Chorale @{PC#}. @{OTL@@DE} (@{SCT})",,,,,A major,4/4,100,4,Voice | Voice | Voice | Voice,18,308,Score,False,False,WARNING,no_bwv,
data/raw/bulk_xml/bach-chorales-371/kern/chor142.krn,chor142.krn,.krn,2714,9beab6226e0511349248f0d476bacb0362cf35dad132b3009bd41f449a26f4d3,"Bach, Johann Sebastian","Schwing dich auf zu deinem Gott, Chorale @{PC#}. @{OTL@@DE} (@{SCT})",,,,,F major,4/4,100,4,Voice | Voice | Voice | Voice,16,250,Score,False,False,WARNING,no_bwv,
data/raw/bulk_xml/bach-chorales-371/kern/chor036.krn,chor036.krn,.krn,2712,b97084453c74bb26bda6d81caf7c1cd29b039b0d3ff428ea2c5463fafa9a9c1e,"Bach, Johann Sebastian","Nun bitten wir den heiligen Geist, Chorale @{PC#}. @{OTL@@DE} (@{SCT})",,,,,A major,4/4,100,4,Voice | Voice | Voice | Voice,15,240,Score,False,False,WARNING,no_bwv,
data/raw/bulk_xml/bach-chorales-371/kern/chor022.krn,chor022.krn,.krn,3052,037bba25103adc7fb4646b7e25648b73516e9840b82fde63b683cb56dcc4659a,"Bach, Johann Sebastian","Schm&uuml;cke dich, o liebe Seele, Chorale @{PC#}. @{OTL@@DE} (@{SCT})",,,,,E- major,4/4,100,4,Voice | Voice | Voice | Voice,15,258,Score,False,False,WARNING,no_bwv,
data/raw/bulk_xml/bach-chorales-371/kern/chor208.krn,chor208.krn,.krn,2765,f4991a8e776e24ff1dc4f0b3e6249b0a2a71fec5abee03504aa140abbf398f42,"Bach, Johann Sebastian","Als vierzig Tag nach Ostern, Chorale @{PC#}. @{OTL@@DE} (@{SCT})",,,,,G major,3/4,100,4,Voice | Voice | Voice | Voice,22,242,Score,False,False,WARNING,no_bwv,
data/raw/bulk_xml/bach-chorales-371/kern/chor230.krn,chor230.krn,.krn,2576,cc737a5ba100f1a53f0678175c7afe322c3b7bea6d237cc326943100b3591425,"Bach, Johann Sebastian","Christ, der du bist der helle Tag, Chorale @{PC#}. @{OTL@@DE} (@{SCT})",,,,,B- major,4/4,100,4,Voice | Voice | Voice | Voice,11,210,Score,False,False,WARNING,no_bwv,
data/raw/bulk_xml/bach-chorales-371/kern/chor218.krn,chor218.krn,.krn,3152,425755328568357e9398d86c1370e3727ca94b347fa86646f2c97411a1c566f6,"Bach, Johann Sebastian","La&szlig;, o Herr, dein Ohr sich neigen, Chorale @{PC#}. @{OTL@@DE} (@{SCT})",,,,,F major,4/4,100,4,Voice | Voice | Voice | Voice,17,269,Score,False,False,WARNING,no_bwv,
data/raw/bulk_xml/bach-chorales-371/kern/chor224.krn,chor224.krn,.krn,2215,3f94996ec2e048bd062d8807e3f00d543025446858f137960abb52c41700031c,"Bach, Johann Sebastian","Das walt Gott Vater und Gott Sohn, Chorale @{PC#}. @{OTL@@DE} (@{SCT})",,,,,F major,4/4,100,4,Voice | Voice | Voice | Voice,9,153,Score,False,False,WARNING,no_bwv,
data/raw/bulk_xml/bach-chorales-371/kern/chor220.krn,chor220.krn,.krn,3908,1769b1b684ac464cbb347f3ef859dfd55dd572ccf510735ba427ce905dfc2e51,"Bach, Johann Sebastian","Sollt ich meinem Gott nicht singen, Chorale @{PC#}. @{OTL@@DE} (@{SCT})",,,,,F major,3/4,100,4,Voice | Voice | Voice | Voice,32,392,Score,False,False,WARNING,no_bwv,
data/raw/bulk_xml/bach-chorales-371/kern/chor026.krn,chor026.krn,.krn,2439,13ae116e890952155c66f9e461426afc9451843c78257c2a59af5f315630efca,"Bach, Johann Sebastian","O Ewigkeit, du Donnerwort, Chorale @{PC#}. @{OTL@@DE} (@{SCT})",,,,,F major,4/4,100,4,Voice | Voice | Voice | Voice,12,183,Score,False,False,WARNING,no_bwv,
data/raw/bulk_xml/bach-chorales-371/kern/chor032.krn,chor032.krn,.krn,2663,bd98c10b43f6592cddc56734d802a71e640fe1dc54dc3dd8e74771fbde790a59,"Bach, Johann Sebastian","Nun danket alle Gott, Chorale @{PC#}. @{OTL@@DE} (@{SCT})",,,,,A major,4/4,100,4,Voice | Voice | Voice | Voice,14,206,Score,False,False,WARNING,no_bwv,
data/raw/bulk_xml/bach-chorales-371/kern/chor146.krn,chor146.krn,.krn,2426,3a0e0b577f347d0cfff99c30240934b1ba218b07be880123730daaa5f99d4e95,"Bach, Johann Sebastian","Wer nur den lieben Gott la&szlig;t walten, Chorale @{PC#}. @{OTL@@DE} (@{SCT})",,,,,C major,4/4,100,4,Voice | Voice | Voice | Voice,11,173,Score,False,False,WARNING,no_bwv,
data/raw/bulk_xml/bach-chorales-371/kern/chor234.krn,chor234.krn,.krn,3552,18d6670cfaf44b1b1fead141156db540ee3e4ce850202c2cafaac289b86ee278,"Bach, Johann Sebastian","Gott lebet noch, Chorale @{PC#}. @{OTL@@DE} (@{SCT})",,,,,F major,3/4,100,4,Voice | Voice | Voice | Voice,38,379,Score,False,False,WARNING,no_bwv,
data/raw/bulk_xml/bach-chorales-371/kern/chor185.krn,chor185.krn,.krn,2286,0ba11fcd5912d369d7d26a93b5cda10360b963362b36ecda1cf6e43feae52fbf,"Bach, Johann Sebastian","Nun freut euch, Gottes Kinder all, Chorale @{PC#}. @{OTL@@DE} (@{SCT})",,,,,C major,4/4,100,4,Voice | Voice | Voice | Voice,9,164,Score,False,False,WARNING,no_bwv,
data/raw/bulk_xml/bach-chorales-371/kern/chor152.krn,chor152.krn,.krn,2811,1045d3f1c91255c8075456730142a5ac45b638119cf56c52d49ff51c2a596c6a,"Bach, Johann Sebastian","Meinen Jesum la&szlig; ich nicht, weil, Chorale @{PC#}. @{OTL@@DE} (@{SCT})",,,,,D major,4/4,100,4,Voice | Voice | Voice | Voice,13,245,Score,False,False,WARNING,no_bwv,
data/raw/bulk_xml/bach-chorales-371/kern/chor191.krn,chor191.krn,.krn,2418,7875e646b4dd2165d4f33936594c6ee0d2292320a204f826142490ef2c718ea7,"Bach, Johann Sebastian","Von Gott will ich nicht lassen, Chorale @{PC#}. @{OTL@@DE} (@{SCT})",,,,,C major,4/4,100,4,Voice | Voice | Voice | Voice,14,180,Score,False,False,WARNING,no_bwv,
data/raw/bulk_xml/bach-chorales-371/kern/chor344.krn,chor344.krn,.krn,2334,ac35c98dba549805f742509dbbdb0d73fa07ef1dc94fd6d384e76d728f30cc61,"Bach, Johann Sebastian","Vom Himmel hoch, da komm ich her, Chorale @{PC#}. @{OTL@@DE} (@{SCT})",,,,,G major,4/4,100,4,Voice | Voice | Voice | Voice,9,182,Score,False,False,WARNING,no_bwv,
data/raw/bulk_xml/bach-chorales-371/kern/chor350.krn,chor350.krn,.krn,2598,c7913b3018e3e8e7abdf687a4df77330aaec10d9ffe674d01e6b319d579beef4,"Bach, Johann Sebastian","Jesu, meiner Freuden Freude, Chorale @{PC#}. @{OTL@@DE} (@{SCT})",,,,,B- major,4/4,100,4,Voice | Voice | Voice | Voice,12,199,Score,False,False,WARNING,no_bwv,
data/raw/bulk_xml/bach-chorales-371/kern/chor190.krn,chor190.krn,.krn,2537,9ba82297fec8ba34989f3c100e2c5fffa1a08626df1192f988915c0dd0d0095d,"Bach, Johann Sebastian","Herr, nun la&szlig; in Friede, Chorale @{PC#}. @{OTL@@DE} (@{SCT})",,,,,C major,4/4,100,4,Voice | Voice | Voice | Voice,12,207,Score,False,False,WARNING,no_bwv,
data/raw/bulk_xml/bach-chorales-371/kern/chor345.krn,chor345.krn,.krn,2713,e26903bc9d06a0a73aff5a367da36e8780115701016c587f845e0856814227b6,"Bach, Johann Sebastian","O Haupt voll Blut und Wunden, Chorale @{PC#}. @{OTL@@DE} (@{SCT})",,,,,C major,4/4,100,4,Voice | Voice | Voice | Voice,14,221,Score,False,False,WARNING,no_bwv,
data/raw/bulk_xml/bach-chorales-371/kern/chor184.krn,chor184.krn,.krn,2662,9ac4b210c0ecdb7ef045dce7e6dddefeff5dadbfe00d76f321c06de26c0eb79d,"Bach, Johann Sebastian","Christ lag in Todesbanden, Chorale @{PC#}. @{OTL@@DE} (@{SCT})",,,,,C major,4/4,100,4,Voice | Voice | Voice | Voice,13,216,Score,False,False,WARNING,no_bwv,
data/raw/bulk_xml/bach-chorales-371/kern/chor351.krn,chor351.krn,.krn,3226,f4bd3bbe579391f919eba8eb3a12c3e8bf1aeaefdac893ad2dccae2e1fe8aab8,"Bach, Johann Sebastian","Wenn mein St&uuml;ndlein vorhanden ist, Chorale @{PC#}. @{OTL@@DE} (@{SCT})",,,,,A major,4/4,100,4,Voice | Voice | Voice | Voice,16,302,Score,False,False,WARNING,no_bwv,
data/raw/bulk_xml/bach-chorales-371/kern/chor153.krn,chor153.krn,.krn,2673,dce653aed3eca3dce45020d565455f386a7c543920d62af4744aaa34e281aa64,"Bach, Johann Sebastian","Alle Menschen m&uuml;ssen sterben, Chorale @{PC#}. @{OTL@@DE} (@{SCT})",,,,,D major,4/4,100,4,Voice | Voice | Voice | Voice,12,195,Score,False,False,WARNING,no_bwv,
data/raw/bulk_xml/bach-chorales-371/kern/chor027.krn,chor027.krn,.krn,2594,af498b6e0264643ad9a30069de1c319adb72804a60eceef18e1f895254a34e1d,"Bach, Johann Sebastian","Es spricht der Unweisen Mund, Chorale @{PC#}. @{OTL@@DE} (@{SCT})",,,,,B- major,4/4,100,4,Voice | Voice | Voice | Voice,12,189,Score,False,False,WARNING,no_bwv,
data/raw/bulk_xml/bach-chorales-371/kern/chor147.krn,chor147.krn,.krn,2698,bcc7fe8c3a5663675193d5cf1d4259bc4f1b4b0ec410b727528bf77249246809,"Bach, Johann Sebastian","Wenn ich in Angst und Not, Chorale @{PC#}. @{OTL@@DE} (@{SCT})",,,,,E- major,4/4,100,4,Voice | Voice | Voice | Voice,15,231,Score,False,False,WARNING,no_bwv,
data/raw/bulk_xml/bach-chorales-371/kern/chor033.krn,chor033.krn,.krn,2509,ef1a4e77555af052d80a1375c9b79e180edef1624db56f42beed79197cbc9e2e,"Bach, Johann Sebastian","Herr, ich habe mi&szlig;gehandelt, Chorale @{PC#}. @{OTL@@DE} (@{SCT})",,,,,C major,4/4,100,4,Voice | Voice | Voice | Voice,9,185,Score,False,False,WARNING,no_bwv,
data/raw/bulk_xml/bach-chorales-371/kern/chor231.krn,chor231.krn,.krn,2472,8c5751779a96877421217b238afc1d43f4e9d07cab39ace93096f21e9afe36ba,"Bach, Johann Sebastian","Die Nacht ist kommen, Chorale @{PC#}. @{OTL@@DE} (@{SCT})",,,,,C major,4/4,100,4,Voice | Voice | Voice | Voice,15,215,Score,False,False,WARNING,no_bwv,
data/raw/bulk_xml/bach-chorales-371/kern/chor225.krn,chor225.krn,.krn,2725,8970419c31eff55f555c02c184b8a64cc89296c1a7efbd0ac9d7344faa86b99a,"Bach, Johann Sebastian","Gott, der du selber bist das Licht, Chorale @{PC#}. @{OTL@@DE} (@{SCT})",,,,,B- major,4/4,100,4,Voice | Voice | Voice | Voice,12,210,Score,False,False,WARNING,no_bwv,
data/raw/bulk_xml/bach-chorales-371/kern/chor219.krn,chor219.krn,.krn,2561,4f5588123761f769cda92e15f328539fe3652bf930853c1739fd7cb334eb8cc9,"Bach, Johann Sebastian","O wie selig seid ihr doch, ihr Frommen, Chorale @{PC#}. @{OTL@@DE} (@{SCT})",,,,,F major,4/4,100,4,Voice | Voice | Voice | Voice,11,207,Score,False,False,WARNING,no_bwv,
data/raw/bulk_xml/bach-chorales-371/kern/chor233.krn,chor233.krn,.krn,2633,9add652b596040992257f99a2640687c56e1a0acce024520133e7f0405691c54,"Bach, Johann Sebastian","Werde munter, mein Gem&uuml;te, Chorale @{PC#}. @{OTL@@DE} (@{SCT})",,,,,A major,4/4,100,4,Voice | Voice | Voice | Voice,12,203,Score,False,False,WARNING,no_bwv,
data/raw/bulk_xml/bach-chorales-371/kern/chor019.krn,chor019.krn,.krn,2406,28f8778d7180a4a6d239ddde1fd1406c9dee1828fc3484a0b573a02e3bfbdff2,"Bach, Johann Sebastian","Ich hab mein Sach Gott heimgestellt, Chorale @{PC#}. @{OTL@@DE} (@{SCT})",,,,,F major,4/4,100,4,Voice | Voice | Voice | Voice,10,183,Score,False,False,WARNING,no_bwv,
data/raw/bulk_xml/bach-chorales-371/kern/chor227.krn,chor227.krn,.krn,3486,74481360c26fdd2f2f7861beaf876da9203125c338d41a270efd6c27682d82d7,"Bach, Johann Sebastian","Lobet den Herren, denn er ist freundlich, Chorale @{PC#}. @{OTL@@DE} (@{SCT})",,,,,F major,4/4,100,4,Voice | Voice | Voice | Voice,20,352,Score,False,False,WARNING,no_bwv,
data/raw/bulk_xml/bach-chorales-371/kern/chor025.krn,chor025.krn,.krn,2596,bf424e5fd580d83396fdce4169d0e2b4ba30e8077c1e37ec234d9a8cdc0d9231,"Bach, Johann Sebastian","Wo soll ich fliehen hin, Chorale @{PC#}. @{OTL@@DE} (@{SCT})",,,,,E- major,4/4,100,4,Voice | Voice | Voice | Voice,13,213,Score,False,False,WARNING,no_bwv,
data/raw/bulk_xml/bach-chorales-371/kern/chor031.krn,chor031.krn,.krn,2596,df7c97989866c8e1e95f42edd5fe2519b50693f37a634a6a779291676ab1c116,"Bach, Johann Sebastian","Ach lieben Christen, seid getrost, Chorale @{PC#}. @{OTL@@DE} (@{SCT})",,,,,C major,4/4,100,4,Voice | Voice | Voice | Voice,12,207,Score,False,False,WARNING,no_bwv,
data/raw/bulk_xml/bach-chorales-371/kern/chor151.krn,chor151.krn,.krn,2400,873f5693192cb9c7511d579010cd3c919ac9cc6bf7b4ebe14fb7d931f81b7b12,"Bach, Johann Sebastian","Meinen Jesum la&szlig; ich nicht, Jesus, Chorale @{PC#}. @{OTL@@DE} (@{SCT})",,,,,G major,4/4,100,4,Voice | Voice | Voice | Voice,9,156,Score,False,False,WARNING,no_bwv,
data/raw/bulk_xml/bach-chorales-371/kern/chor145.krn,chor145.krn,.krn,2430,c441de68cae14b90602599d7b6e29ed417565b73b845d8b7eafaa8e9d48dd73e,"Bach, Johann Sebastian","Warum betr&uuml;bst du dich, mein Herz, Chorale @{PC#}. @{OTL@@DE} (@{SCT})",,,,,C major,4/4,100,4,Voice | Voice | Voice | Voice,11,200,Score,False,False,WARNING,no_bwv,
data/raw/bulk_xml/bach-chorales-371/kern/chor192.krn,chor192.krn,.krn,2408,5203098c3fcb4591e338afa0481d619e706d791965dece946f8b2983267d26f7,"Bach, Johann Sebastian","Gottlob, es geht nunmehr zu Ende, Chorale @{PC#}. @{OTL@@DE} (@{SCT})",,,,,B- major,3/4,100,4,Voice | Voice | Voice | Voice,16,156,Score,False,False,WARNING,no_bwv,
data/raw/bulk_xml/bach-chorales-371/kern/chor186.krn,chor186.krn,.krn,2606,b419a9b13aa54d3e84bf693ee68cae0a5820163ffc3df86f2e942ca91f4c0e81,"Bach, Johann Sebastian","Ach Gott, erh&ouml;r mein Seufzen, Chorale @{PC#}. @{OTL@@DE} (@{SCT})",,,,,C major,4/4,100,4,Voice | Voice | Voice | Voice,12,215,Score,False,False,WARNING,no_bwv,
data/raw/bulk_xml/bach-chorales-371/kern/chor179.krn,chor179.krn,.krn,3275,11980a9e16a97faf0a4e8b3294c135ea5876cd0f7ddada67d61bec48f390d1f3,"Bach, Johann Sebastian","Wachet auf, ruft uns die Stimme, Chorale @{PC#}. @{OTL@@DE} (@{SCT})",,,,,E- major,4/4,100,4,Voice | Voice | Voice | Voice,18,299,Score,False,False,WARNING,no_bwv,
data/raw/bulk_xml/bach-chorales-371/kern/chor347.krn,chor347.krn,.krn,2576,1d2d6000d72f23edf547318891cbd1dff69f61db051b24b2136a3ba4613256d6,"Bach, Johann Sebastian","Was Gott tut, das ist wohlgetan, Chorale @{PC#}. @{OTL@@DE} (@{SCT})",,,,,G major,4/4,100,4,Voice | Voice | Voice | Voice,12,200,Score,False,False,WARNING,no_bwv,
data/raw/bulk_xml/bach-chorales-371/kern/chor353.krn,chor353.krn,.krn,2783,d08d900315bfbff6ee051a51436b13e1da51afea29df69806dac4d0e22f7825e,"Bach, Johann Sebastian","Der Herr ist mein getreuer Hirt, Chorale @{PC#}. @{OTL@@DE} (@{SCT})",,,,,G major,4/4,100,4,Voice | Voice | Voice | Voice,12,213,Score,False,False,WARNING,no_bwv,
data/raw/bulk_xml/bach-chorales-371/kern/chor187.krn,chor187.krn,.krn,2225,1ce259412ecb3784f90e2a8358ba741da0992191945dd45ceaca3d202c592fe7,"Bach, Johann Sebastian","Komm, Gott Sch&ouml;pfer, heiliger Geist, Chorale @{PC#}. @{OTL@@DE} (@{SCT})",,,,,C major,4/4,100,4,Voice | Voice | Voice | Voice,9,155,Score,False,False,WARNING,no_bwv,
data/raw/bulk_xml/bach-chorales-371/kern/chor346.krn,chor346.krn,.krn,2967,33d8dc65635daf19f36addea08276cfcd4af8e14e37658e0bebc33a8344baab6,"Bach, Johann Sebastian","Meines Lebens letzte Zeit, Chorale @{PC#}. @{OTL@@DE} (@{SCT})",,,,,G major,4/4,100,4,Voice | Voice | Voice | Voice,15,281,Score,False,False,WARNING,no_bwv,
data/raw/bulk_xml/bach-chorales-371/kern/chor193.krn,chor193.krn,.krn,2369,12820a9143b28ca36fdeae8682bb4dc8387c5287e48fd58181fbec287c8f7013,"Bach, Johann Sebastian","Was bist du doch, o Seele, so betr&uuml;bet, Chorale @{PC#}. @{OTL@@DE} (@{SCT})",,,,,C major,4/4,100,4,Voice | Voice | Voice | Voice,10,159,Score,False,False,WARNING,no_bwv,
data/raw/bulk_xml/bach-chorales-371/kern/chor352.krn,chor352.krn,.krn,3461,fb33bb4a2c15ad6abdb25ed678866fb786da0e1be79ade1df3b713c9a768e11c,"Bach, Johann Sebastian","Es woll' uns Gott gen&auml;dig sein, Chorale @{PC#}. @{OTL@@DE} (@{SCT})",,,,,C major,4/4,100,4,Voice | Voice | Voice | Voice,18,339,Score,False,False,WARNING,no_bwv,
data/raw/bulk_xml/bach-chorales-371/kern/chor178.krn,chor178.krn,.krn,2268,c5a250d7b17ddee257504f77b46238cce19d6376bb711bcd62dcd7aaaccae917,"Bach, Johann Sebastian","Das neugeborne Kindelein, Chorale @{PC#}. @{OTL@@DE} (@{SCT})",,,,,B- major,3/4,100,4,Voice | Voice | Voice | Voice,16,157,Score,False,False,WARNING,no_bwv,
data/raw/bulk_xml/bach-chorales-371/kern/chor144.krn,chor144.krn,.krn,2847,107a10a35346fcd52657bad74f87e9a4ec67d77b91d87f5f0563e3522219d3c3,"Bach, Johann Sebastian","Wer in dem Schutz des H&ouml;chsten ist, Chorale @{PC#}. @{OTL@@DE} (@{SCT})",,,,,A major,4/4,100,4,Voice | Voice | Voice | Voice,13,229,Score,False,False,WARNING,no_bwv,
data/raw/bulk_xml/bach-chorales-371/kern/chor030.krn,chor030.krn,.krn,2666,337179af05d1d1a87a43010717d74b8c15a0bdd6b0e5c4936e87c7d9a82d7237,"Bach, Johann Sebastian","Jesus Christus, unser Heiland, Chorale @{PC#}. @{OTL@@DE} (@{SCT})",,,,,G major,4/4,100,4,Voice | Voice | Voice | Voice,12,222,Score,False,False,WARNING,no_bwv,
data/raw/bulk_xml/bach-chorales-371/kern/chor024.krn,chor024.krn,.krn,2705,e172c3a81e81ae111552eb11899726ec18a58fbf9626b3ffe6301d6f42e28882,"Bach, Johann Sebastian","Valet will ich dir geben, Chorale @{PC#}. @{OTL@@DE} (@{SCT})",,,,,D major,4/4,100,4,Voice | Voice | Voice | Voice,14,215,Score,False,False,WARNING,no_bwv,
data/raw/bulk_xml/bach-chorales-371/kern/chor018.krn,chor018.krn,.krn,2446,8abbb8eed08e20007159391b3fe335bad9d20858d65d0bac62cfb54ab0384fc0,"Bach, Johann Sebastian","Gottes Sohn ist kommen, Chorale @{PC#}. @{OTL@@DE} (@{SCT})",,,,,G major,4/4,100,4,Voice | Voice | Voice | Voice,13,201,Score,False,False,WARNING,no_bwv,
data/raw/bulk_xml/bach-chorales-371/kern/chor232.krn,chor232.krn,.krn,2544,1a3d74489167b4f0d2c8a50ed529a2101f0715d2e1ce8efaef07626c17624d5c,"Bach, Johann Sebastian","Die Sonn hat sich mit ihrem Glanz, Chorale @{PC#}. @{OTL@@DE} (@{SCT})",,,,,C major,4/4,100,4,Voice | Voice | Voice | Voice,12,211,Score,False,False,WARNING,no_bwv,
data/raw/bulk_xml/bach-chorales-371/kern/chor226.krn,chor226.krn,.krn,2831,9c58fb0e34668cf7403057cbbd2801ee147d0e5558ccbf6309de4d8b0a659b6d,"Bach, Johann Sebastian","Herr Jesu Christ, du hast bereit't, Chorale @{PC#}. @{OTL@@DE} (@{SCT})",,,,,B- major,4/4,100,4,Voice | Voice | Voice | Voice,12,220,Score,False,False,WARNING,no_bwv,
data/raw/bach_js/bach/bwv810e_mid/bach_bwv810e_mid_bwv810e_full.mid,bach_bwv810e_mid_bwv810e_full.mid,.mid,5964,a770c26519ba02723f96141195a11c36a040cf438c853defafc10b901e264a32,,,BWV810E,,,,e minor (inferred),1/8,108,2,"English Suite 1, 5. Passepeid 1 | J.S. Bach, Edition Kalmus",81,876,Score,False,False,WARNING,key_inferred,
data/raw/bach_js/bach/bwv810d_mid/bach_bwv810d_mid_bwv810d_full.mid,bach_bwv810d_mid_bwv810d_full.mid,.mid,6911,0e0b429a0717b3afaaead583359cbb0911925bd91071987a68ccd3e85d1720cc,,,BWV810D,,,,e minor (inferred),3/4,72,2,"English Suite 5, 4. Saraband | J.S. Bach, Edition Kalmus",48,708,Score,False,False,WARNING,key_inferred,
data/raw/bach_js/bach/bwv806d_mid/bach_bwv806d_mid_bwv806d_full.mid,bach_bwv806d_mid_bwv806d_full.mid,.mid,6566,ee88be460623d9e3860bfc23905ede391daa610e4b539509edb2d1d525894dbf,,,BWV806D,,,,C major,1/8,144,2,"English Suite 1, 4. Courante 2 | J.S. Bach, Edition Wood",52,1160,Score,False,False,OK,,
data/raw/bach_js/bach/bwv806e_mid/bach_bwv806e_mid_bwv806e_full.mid,bach_bwv806e_mid_bwv806e_full.mid,.mid,6832,72e8dc513b04804e5dbaaed584f9861a5604eb1c3e07cc5e1e16d37d0d04c5b0,,,BWV806E,,,,C major,1/8,144,2,"English Suite 1, 5. Double 1 | J.S. Bach, Edition Wood",52,1216,Score,False,False,OK,,
data/raw/bach_js/bach/bwv0541p_mid/bach_bwv0541p_mid_bwv0541p_full.mid,bach_bwv0541p_mid_bwv0541p_full.mid,.mid,14920,f17acc0032d476b149584cfe8584886bb017e9b1484d3dfb4166ed0d42beecf1,,,BWV0541P,,,,G major (inferred),3/4,100,3,"Prelude in G-Major - BWV 541 | J.S.Bach/Arr. G. Bricault | Copyright 1998(c), G. Bricault",82,1588,Score,False,False,WARNING,key_inferred,
data/raw/bach_js/bach/cs6_2all_mid/bach_cs6_2all_mid_unknown_full.mid,bach_cs6_2all_mid_unknown_full.mid,.mid,8236,faff4fbff7b15babc17809b863a3a40586f2ffb3ccb9aece72967baca7245c72,,,,,,,D major,4/4,250,4,Solo Cello | -------------------------------------- | Johann Sebastian Bach  (1685-1750) | Six Suites for Solo Cello,41,605,Score,False,False,WARNING,no_bwv,
data/raw/bach_js/bach/bwv0541f_mid/bach_bwv0541f_mid_bwv0541f_full.mid,bach_bwv0541f_mid_bwv0541f_full.mid,.mid,19206,906a2aa9fff84c97613150e46b0b522a01e6897e6527a1651170cd1ba65a743f,,,BWV0541F,,,,e minor (inferred),4/4,80,3,"Fugue in G-Major - BWV 541 | J.S. Bach/Arr. G. Bricault | Copyright 1998(c), G. Bricault",83,2441,Score,False,False,WARNING,key_inferred,
data/raw/bach_js/bach/bwv806g_mid/bach_bwv806g_mid_bwv806g_full.mid,bach_bwv806g_mid_bwv806g_full.mid,.mid,6214,5fe1e69946a0c34b658b936c78af8d2354f6d1c09b2164378e8b947435d314fa,,,BWV806G,,,,C major,3/4,60,2,"English Suite 1, 7. Sarabande | J.S. Bach, Edition Wood",64,886,Score,False,False,OK,,
data/raw/bach_js/bach/bwv807a_mid/bach_bwv807a_mid_bwv807a_full.mid,bach_bwv807a_mid_bwv807a_full.mid,.mid,18784,8abcc4faf750c04296f0686b73ec7c21fa073dd5c15243bf8a93cb0763c7915b,,,BWV807A,,,,C major,3/4,108,2,"English Suite 2,  1. Prelude | J.S. Bach, Edition Wood",164,3061,Score,False,False,OK,,
data/raw/bach_js/bach/bwv1086_mid/bach_bwv1086_mid_bwv1086_full.mid,bach_bwv1086_mid_bwv1086_full.mid,.mid,2318,c3fe42a7bd9e25a2e871cc5d5519f9e61d5ac7f6b0a855a71c063b4cae2ea709,,,BWV1086,,,,C major,4/4,160,2,Pipe Organ | Pipe Organ,19,200,Score,False,False,OK,,
data/raw/bach_js/bach/bwv807c_mid/bach_bwv807c_mid_bwv807c_full.mid,bach_bwv807c_mid_bwv807c_full.mid,.mid,6708,55eb4d2c1c095efba0a38e429bf6f4b30765af0dfe09d85ce05edd8122c125c1,,,BWV807C,,,,C major,1/8,164,2,"English Suite 2, 3. Courante | J.S. Bach, Edition Wood",52,1050,Score,False,False,OK,,
data/raw/bach_js/bach/jsbwv549_mid/bach_jsbwv549_mid_unknown_full.mid,bach_jsbwv549_mid_unknown_full.mid,.mid,14139,c246ea204859cb5f61ec53dec80463013f6cb63b4de8284861b55b37f0d631f2,,,BWV549,,,,C major,4/4,60,3,Organ | -------------------------------------- | Johann Sebastian Bach   (1685-1750),88,1812,Score,False,False,OK,,
data/raw/bach_js/bach/bwv811a_mid/bach_bwv811a_mid_bwv811a_full.mid,bach_bwv811a_mid_bwv811a_full.mid,.mid,37924,80469883959bad5a9c22b35879efd7fa32dfaa01b6bbe6ffce7f1c63d6110bc2,,,BWV811A,,,,d minor (inferred),9/8,99,2,"English Suite 6, 1. Prelude | J.S. Bach, Edition Kalmus",195,4944,Score,False,False,WARNING,key_inferred,
data/raw/bach_js/bach/bwv811c_mid/bach_bwv811c_mid_bwv811c_full.mid,bach_bwv811c_mid_bwv811c_full.mid,.mid,11723,10b5dfe6840807677eb049f3a989526063ac32194ad3309c43eccfe9f6f7ab1d,,,BWV811C,,,,d minor (inferred),1/8,160,2,"English Suite 6, 3. Courante | J.S. Bach, Edition Kalmus",68,1518,Score,False,False,WARNING,key_inferred,
data/raw/bach_js/bach/pfa_2fug_mid/bach_pfa_2fug_mid_unknown_full.mid,bach_pfa_2fug_mid_unknown_full.mid,.mid,13074,b6b94c2e9e0a8be4f1457650255bf4aa3cad42a580cb5bf4353840265c0f012d,,,,,,,E- major,4/4,70,5,"Solo Lute | -------------------------------------- | Johann Sebastian Bach  (1685-1750) | Prelude, Fugue, and Allegro in Eb major | for Solo Lute - BWV 998",103,2248,Score,False,False,WARNING,no_bwv,
data/raw/bach_js/bach/bwv805th_mid/bach_bwv805th_mid_bwv805t_full.mid,bach_bwv805th_mid_bwv805t_full.mid,.mid,11501,3ba5fa263b72bbb5eb2a03a30929631fe50a906129fa4ca49f715c641cc4d295,,,BWV805T,,,,unknown,2/2,200,2,RH | LH,108,1356,Score,False,False,WARNING,key_probe_failed:DiscreteAnalysisException,
data/raw/bach_js/bach/vs2_1gra_mid/bach_vs2_1gra_mid_unknown_full.mid,bach_vs2_1gra_mid_unknown_full.mid,.mid,4915,d6af40d53a0c9c30842c3c130df335d6f7b27f6401edb9c31ccddb991db7ca36,,,,,,,C major,4/4,26,4,Solo Violin | -------------------------------------- | Johann Sebastian Bach  (1685-1750) | Six Sonatas and Partitas for Solo Violin,20,395,Score,False,False,WARNING,no_bwv,
data/raw/bach_js/bach/bwv810g_mid/bach_bwv810g_mid_bwv810g_full.mid,bach_bwv810g_mid_bwv810g_full.mid,.mid,14132,3751c235f67c907963a9de7deb34377ffe9d71d09815d0c3b7b270a94cd89e36,,,BWV810G,,,,b minor (inferred),3/8,114,2,"English Suite 5, 7. Gigue | J.S. Bach, Edition Kalmus",192,1859,Score,False,False,WARNING,key_inferred,
data/raw/bach_js/bach/vp3_1pre_mid/bach_vp3_1pre_mid_unknown_full.mid,bach_vp3_1pre_mid_unknown_full.mid,.mid,11041,23f553df80c2a43f793f8698639c3dc66aad148c311bb25ddfe6b81f385d5ccb,,,,,,,E major,3/4,110,4,Solo Violin | -------------------------------------- | Johann Sebastian Bach  (1685-1750) | Six Sonatas and Partitas for Solo Violin,138,2795,Score,False,False,WARNING,no_bwv,
data/raw/bach_js/bach/bwv29sin_mid/bach_bwv29sin_mid_bwv29s_full.mid,bach_bwv29sin_mid_bwv29s_full.mid,.mid,32077,7d14d64d4b11eb0170fa8c26e876cde99dfffd28a079650af0437f09f365b103,,,BWV29S,,,,C major,3/4,99,9,"Trumpets | Oboes | Strings 1 | Strings 2 | Cello | Cembalo | Sinfonia to Cantata 29, BWV 29 | J.S.Bach, Edition Breitkopf | Arr. Gary Bricault, (c) 1997",138,4563,Score,False,False,OK,,
data/raw/bach_js/bach/cs2_1pre_mid/bach_cs2_1pre_mid_unknown_full.mid,bach_cs2_1pre_mid_unknown_full.mid,.mid,4957,325fcaebcc4995a8ae83172c806415e07b5beb5af066a1138987f57854f7c056,,,,,,,F major,3/4,45,4,Solo Cello | -------------------------------------- | Johann Sebastian Bach  (1685-1750) | Six Suites for Solo Cello,63,829,Score,False,False,WARNING,no_bwv,
data/raw/bach_js/bach/cs3_1pre_mid/bach_cs3_1pre_mid_unknown_full.mid,bach_cs3_1pre_mid_unknown_full.mid,.mid,7331,09abf1490c2302a46b5943d6b2354104c48047eb0a7d29e06ba93ca3029ac104,,,,,,,C major,3/4,70,4,Solo Cello | -------------------------------------- | Johann Sebastian Bach  (1685-1750) | Six Suites for Solo Cello,88,1271,Score,False,False,WARNING,no_bwv,
data/raw/bach_js/bach/bwv810f_mid/bach_bwv810f_mid_bwv810f_full.mid,bach_bwv810f_mid_bwv810f_full.mid,.mid,3789,ce9cd0656665a14106fa3765107afab76b8d48336d8b6abe37ed05dcff840b7e,,,BWV810F,,,,E major (inferred),1/8,108,2,"English Suite 1, 6. Passepeid 2 | J.S. Bach, Edition Kalmus",52,342,Score,False,False,WARNING,key_inferred,
data/raw/bach_js/bach/vp1_4cod_mid/bach_vp1_4cod_mid_unknown_full.mid,bach_vp1_4cod_mid_unknown_full.mid,.mid,12549,75f15debba47c055fc3ae76cbc42b2c41fca6ca356d433fa3437885f44e6a05c,,,,,,,D major,3/4,250,1,Solo Violin,161,1912,Score,False,False,WARNING,no_bwv,
data/raw/bach_js/bach/bwv811b_mid/bach_bwv811b_mid_bwv811b_full.mid,bach_bwv811b_mid_bwv811b_full.mid,.mid,12344,a13d5cc4b8f819fb39832a1c564d52d27b24853afd1cdb42872f3b345d1c68ab,,,BWV811B,,,,d minor (inferred),1/16,70,2,"English Suite 6 2. Allemande | J.S. Bach, Edition Kalmus",52,1223,Score,False,False,WARNING,key_inferred,
data/raw/bach_js/bach/bwv772_mid/bach_bwv772_mid_bwv772_full.mid,bach_bwv772_mid_bwv772_full.mid,.mid,3976,2f8f9a79e09ad1b25e8dd369276fa2c079acf992cbf9b0df45ff25be38d6a661,,,BWV772,,,,C major,4/4,80,2,Solo Keyboard | --------------------------------------,22,467,Score,False,False,OK,,
data/raw/bach_js/bach/bwv807b_mid/bach_bwv807b_mid_bwv807b_full.mid,bach_bwv807b_mid_bwv807b_full.mid,.mid,8237,c0ecd34c6ee6855423cfa90a7230b9fcc6431d312a82c700a0612dc2c2ecf2e0,,,BWV807B,,,,C major,1/16,90,2,"English Suite 2, 2. Allemande | J.S. Bach, Edition Wood",52,1194,Score,False,False,OK,,
data/raw/bach_js/bach/vs1_2fug_mid/bach_vs1_2fug_mid_unknown_full.mid,bach_vs1_2fug_mid_unknown_full.mid,.mid,13104,ae786a7875b7d1003075b40c7faf1f46699585c293b20c8f57f2e56c3bef931d,,,,,,,F major,4/4,80,5,Solo Violin | -------------------------------------- | Johann Sebastian Bach  (1685-1750) | Six Sonatas and Partitas for Solo Violin | --------------------------------------,94,2231,Score,False,False,WARNING,no_bwv,
data/raw/bach_js/bach/bwv1087_mid/bach_bwv1087_mid_bwv1087_full.mid,bach_bwv1087_mid_bwv1087_full.mid,.mid,15604,bc73852290828e2c60e8e9cab35cfeba2a3e49e7d2e7031b594304121e79c6f0,,,BWV1087,,,,G major,2/4,100,6,Harpsichord | ( no instrument specified in score ) | -------------------------------------- | Johann Sebastian Bach  (1685-1750) | 14 Canons on the First Eight Notes of the Goldberg Ground | BWV 1087,164,2658,Score,False,False,OK,,
data/raw/bach_js/bach/bwv640sc_mid/bach_bwv640sc_mid_bwv640s_full.mid,bach_bwv640sc_mid_bwv640s_full.mid,.mid,5190,ea0f70d9f17decb4b284d3d88965f23e47f9978635f80a12844100974c06a518,,,BWV640S,,,,C major,4/4,75,3,Grand'Organo | Recitativo | Pedale,22,381,Score,False,False,OK,,
data/raw/bach_js/bach/bwv1078_mid/bach_bwv1078_mid_bwv1078_full.mid,bach_bwv1078_mid_bwv1078_full.mid,.mid,5465,1978a4385065168d918d7be72354fc841faf6baf7c67134c77582a95072d3cd0,,,BWV1078,,,,F major,4/2,180,8,Acoustic Guitar | Acoustic Guitar | -------------------------------------- | Johann Sebastian Bach  (1685-1750) | Canon super fa mi a 7 post tempus musicum | BWV 1078 | -------------------------------------- | Sequenced with Cakewalk Pro Audio by,21,809,Score,False,False,OK,,
data/raw/bach_js/bach/bwv572_mid/bach_bwv572_mid_bwv572_full.mid,bach_bwv572_mid_bwv572_full.mid,.mid,28319,fae44a723a53368b22a64d79f6c90370078f79eaed48b0cba68fb3560fd772d1,,,BWV572,,,,C major,12/8,132,5,Soprano | Alto (used to echo in T.Vitement | Tenor | Bass | Pedal,398,4895,Score,False,False,OK,,
data/raw/bach_js/bach/bwv806f_mid/bach_bwv806f_mid_bwv806f_full.mid,bach_bwv806f_mid_bwv806f_full.mid,.mid,7214,1499b19eb733955382dcbbc83a6c1493603066107690270acd68a13332858253,,,BWV806F,,,,C major,1/8,144,2,"English Suite 1, 6. Double 2 | J.S. Bach, Edition Wood",52,1168,Score,False,False,OK,,
data/raw/bach_js/bach/bjsbmm01_mid/bach_bjsbmm01_mid_bwv232_full.mid,bach_bjsbmm01_mid_bwv232_full.mid,.mid,73278,8b6b444e69fe981337cf6443dbb982153d1b29bac090f7bb75d30728a2cf9c92,,,BWV232,,,,D major,4/4,96,13,Flute | Bassoon | Oboe | Soprano I | Soprano II | Alto | Bass | Organ | Tenor | Violin II | Violin I | Viola | Cello,129,9908,Score,False,False,OK,,
data/raw/bach_js/bach/bwv811f_mid/bach_bwv811f_mid_bwv811f_full.mid,bach_bwv811f_mid_bwv811f_full.mid,.mid,9173,49fa792245ff751d1335a0a49a2264ce170470bf7859b71b1a0618cf131edb02,,,BWV811F,,,,d minor (inferred),1/2,160,2,"English Suite 6, 6a Gavotte 1 | J.S. Bach, Edition Kalmus",68,1032,Score,False,False,WARNING,key_inferred,
data/raw/bach_js/bach/bwv807f_mid/bach_bwv807f_mid_bwv807f_full.mid,bach_bwv807f_mid_bwv807f_full.mid,.mid,9326,348238887b25009a781345d0ad19e363abb3e0bbdecd7d683d804dfea17a8b76,,,BWV807F,,,,C major,1/4,200,2,"English Suite 2, 5. Bourree 1 | J.S. Bach, Edition Wood",116,1736,Score,False,False,OK,,
data/raw/bach_js/bach/bwv810b_mid/bach_bwv810b_mid_bwv810b_full.mid,bach_bwv810b_mid_bwv810b_full.mid,.mid,11754,4ff51edaaa7bc2d90cca2903f4fa79ca419ed10789cc4807094901ceaad29e16,,,BWV810B,,,,e minor (inferred),1/16,80,2,"English Suite 5 2. Allemande | J.S. Bach, Edition Kalmus",51,1264,Score,False,False,WARNING,key_inferred,
data/raw/bach_js/bach/cs5_3cou_mid/bach_cs5_3cou_mid_unknown_full.mid,bach_cs5_3cou_mid_unknown_full.mid,.mid,4673,153a6df46bedac68c10215b6b9bacfb8af4a5a9019125ee6229fa1425f2e56d1,,,,,,,E- major,3/2,250,2,Solo Cello | --------------------------------------,49,481,Score,False,False,WARNING,no_bwv,
data/raw/bach_js/bach/bwv806b_mid/bach_bwv806b_mid_bwv806b_full.mid,bach_bwv806b_mid_bwv806b_full.mid,.mid,10866,bed0e771c97afc099717428ab4b15a3daed8f64f63e79a17442fc6ab20c04606,,,BWV806B,,,,C major,1/16,72,2,"English Suite 1, 2. Allemande | J.S. Bach, Edition Wood",68,1888,Score,False,False,OK,,
data/raw/bach_js/bach/cs6_4sar_mid/bach_cs6_4sar_mid_unknown_full.mid,bach_cs6_4sar_mid_unknown_full.mid,.mid,5424,658ed1668ba824569f838f6c15473a0eb0322ea34a7ef1c1927284da2a05dc6d,,,,,,,D major,3/2,110,4,Solo Cello | -------------------------------------- | Johann Sebastian Bach  (1685-1750) | Six Suites for Solo Cello,64,800,Score,False,False,WARNING,no_bwv,
data/raw/bach_js/bach/bwv811g_mid/bach_bwv811g_mid_bwv811g_full.mid,bach_bwv811g_mid_bwv811g_full.mid,.mid,6371,975cfa7f1be1111059fec280455836d463839901df711f64eb366dcde1718cdc,,,BWV811G,,,,D major (inferred),1/2,160,2,"English Suite 6, 6b Gavotte 2 | J.S. Bach, Edition Kalmus",52,753,Score,False,False,WARNING,key_inferred,
data/raw/bach_js/bach/cs4_3cou_mid/bach_cs4_3cou_mid_unknown_full.mid,bach_cs4_3cou_mid_unknown_full.mid,.mid,7528,e34c454a8eac25230f457b88b9ba40130e55754b04ecd5e35f273b5b59f50271,,,,,,,E- major,3/4,250,3,Solo Cello | -------------------------------------- | Johann Sebastian Bach  (1685-1750),129,1195,Score,False,False,WARNING,no_bwv,
data/raw/bach_js/bach/cs4_5bou_mid/bach_cs4_5bou_mid_unknown_full.mid,bach_cs4_5bou_mid_unknown_full.mid,.mid,9968,2e9791147e54e18535200425de9424b0bf743cb444bbf4764293b5073b9c3af1,,,,,,,E- major,4/4,250,4,Solo Cello | -------------------------------------- | Johann Sebastian Bach  (1685-1750) | Six Suites for Solo Cello,169,1872,Score,False,False,WARNING,no_bwv,
data/raw/bach_js/bach/bwv810c_mid/bach_bwv810c_mid_bwv810c_full.mid,bach_bwv810c_mid_bwv810c_full.mid,.mid,11937,7223fc2425a71d8093703b4b6d3aaa48b3f3729f9850b7f8037c72b7d62ae2d2,,,BWV810C,,,,e minor (inferred),1/8,160,2,"English Suite 5, 3. Courante | J.S. Bach, Edition Kalmus",60,1218,Score,False,False,WARNING,key_inferred,
data/raw/bach_js/bach/bwv807g_mid/bach_bwv807g_mid_bwv807g_full.mid,bach_bwv807g_mid_bwv807g_full.mid,.mid,4152,d33faf8957ddd898de300edae67b8fe0caead36538d715eff561f44f0bdf9e45,,,BWV807G,,,,C major,1/4,200,2,"English Suite 2, 6. Bourree 2 | J.S. Bach, Edition Wood",52,632,Score,False,False,OK,,
data/raw/bach_js/bach/bwv806c_mid/bach_bwv806c_mid_bwv806c_full.mid,bach_bwv806c_mid_bwv806c_full.mid,.mid,5645,15df3a3b48eccfb04a8cd2c52a05a52f86f12086164635493e82cd1348a12376,,,BWV806C,,,,C major,1/8,144,2,"English Suite 1, 3. Courante 1 | J.S. Bach, Edition Wood",44,954,Score,False,False,OK,,
data/raw/bach_js/bach/bwv808h_mid/bach_bwv808h_mid_bwv808h_full.mid,bach_bwv808h_mid_bwv808h_full.mid,.mid,14170,411faf10b4163d55c89b1a9ab9f3d9b5c331437cb7a119840af42cf19caf15ee,,,BWV808H,,,,g minor (inferred),1/8,210,2,"English Suite 2, 7. Gigue | J.S. Bach, Edition Wood",92,1818,Score,False,False,WARNING,key_inferred,
data/raw/bach_js/bach/bwv1000h_mid/bach_bwv1000h_mid_bwv1000h_full.mid,bach_bwv1000h_mid_bwv1000h_full.mid,.mid,11212,5d6808bde9b34d51f6d6ff4845e588a281b98282e03ccbb219d5aebb57e4dd97,,,BWV1000H,,,,B- major,4/4,106,4,Solo Harpsichord | -------------------------------------- | Johann Sebastian Bach   (1685-1750) | Fugue in G minor - BWV 1000,96,1970,Score,False,False,OK,,
data/raw/bach_js/bach/bwv807e_mid/bach_bwv807e_mid_bwv807e_full.mid,bach_bwv807e_mid_bwv807e_full.mid,.mid,5569,2f28870ff875ddfab82952c6eef97ca21eb0cf4167693fd0cb0ddb75ddad7748,,,BWV807E,,,,C major,3/4,56,2,"English Suite 2, 4B Sarabande B | J.S. Bach, Edition Wood",56,842,Score,False,False,OK,,
data/raw/bach_js/bach/bwv806a_mid/bach_bwv806a_mid_bwv806a_full.mid,bach_bwv806a_mid_bwv806a_full.mid,.mid,5148,ab598a8490c351468dc64c82ab8c9aca9b4ee24db19da30aa44dd595c315c775,,,BWV806A,,,,C major,12/8,146,2,"English Suite 1, 1. Prelude | J.S. Bach, Edition Wood",37,866,Score,False,False,OK,,
data/raw/bach_js/bach/bwv996_mid/bach_bwv996_mid_bwv996_full.mid,bach_bwv996_mid_bwv996_full.mid,.mid,31030,d36a1f33f90ac75337fcbf4d59e0bf6fb7a0651602d62a676c0bb15164939d79,,,BWV996,,,,C major,4/4,80,6,Prelude | Allemande | Courante | Sarabande | Bourree | Gigue,263,4568,Score,False,False,OK,,
data/raw/bach_js/bach/vp2_3sar_mid/bach_vp2_3sar_mid_unknown_full.mid,bach_vp2_3sar_mid_unknown_full.mid,.mid,4752,87092b057211ffe32a09dadc9ef166128ba234cdfb089f6e9a16257afcac71b4,,,,,,,F major,3/4,45,4,Solo Violin | -------------------------------------- | Johann Sebastian Bach  (1685-1750) | Six Sonatas and Partitas for Solo Violin,52,645,Score,False,False,WARNING,no_bwv,
data/raw/bach_js/bach/bwv811e_mid/bach_bwv811e_mid_bwv811e_full.mid,bach_bwv811e_mid_bwv811e_full.mid,.mid,7628,a7af8377c42fa9e53519477f68928eecc06ae7bd3b85f35cee970c9d5c56d004,,,BWV811E,,,,A major (inferred),3/2,160,2,"English Suite 6, 5. Double | J.S. Bach, Edition Kalmus",48,1116,Score,False,False,WARNING,key_inferred,
data/raw/bach_js/bach/bwv588_mid/bach_bwv588_mid_bwv588_full.mid,bach_bwv588_mid_bwv588_full.mid,.mid,14486,43095b74d31cf456849880b44827db13729244b25a10e36d5e50295c46f8e989,,,BWV588,,,,unknown,4/4,160,4,"Canzona
J.S. Bach BWV 588 | Midi by 
Gary Bricault | gsbusat@worldnet.att.net | Copyright(c) 2000,
All Rights Reserved",169,3106,Score,False,False,WARNING,key_probe_failed:DiscreteAnalysisException,
data/raw/bach_js/bach/bwv811d_mid/bach_bwv811d_mid_bwv811d_full.mid,bach_bwv811d_mid_bwv811d_full.mid,.mid,6109,652e611c96a42d7d055b1355b50a598c569a1218c88a4c28245f502cc416d975,,,BWV811D,,,,d minor (inferred),3/2,126,2,"English Suite 6, 4. Saraband | J.S. Bach, Edition Kalmus",48,794,Score,False,False,WARNING,key_inferred,
data/raw/bach_js/bach/cs6_5gav_mid/bach_cs6_5gav_mid_unknown_full.mid,bach_cs6_5gav_mid_unknown_full.mid,.mid,9907,250510275ddd2dabf0f6faa8ae2fb78480d47668e20e7edf375107c38ae89baf,,,,,,,D major,4/4,250,4,Solo Cello | -------------------------------------- | Johann Sebastian Bach  (1685-1750) | Six Suites for Solo Cello,133,1745,Score,False,False,WARNING,no_bwv,
data/raw/bach_js/bach/bwv807d_mid/bach_bwv807d_mid_bwv807d_full.mid,bach_bwv807d_mid_bwv807d_full.mid,.mid,4605,e3f93de81d5b6bd8ce08a16520210fe97088b85703d65406bccada3c76b3a5ff,,,BWV807D,,,,C major,3/4,56,2,"English Suite 2, 4a. Saraband A | J.S. Bach, Edition Wood",56,642,Score,False,False,OK,,
data/raw/bach_js/bach/cs6_6gig_mid/bach_cs6_6gig_mid_unknown_full.mid,bach_cs6_6gig_mid_unknown_full.mid,.mid,9656,fcfef524fa2d64cde67528f1de4b245efc32c57be223071973ba94e5728baa44,,,,,,,D major,6/8,250,4,Solo Cello | -------------------------------------- | Johann Sebastian Bach  (1685-1750) | Six Suites for Solo Cello,137,1632,Score,False,False,WARNING,no_bwv,
data/raw/bach_js/bach/bwv810a_mid/bach_bwv810a_mid_bwv810a_full.mid,bach_bwv810a_mid_bwv810a_full.mid,.mid,26695,2b011fefa9afb09710a7c88121f6f2771eb738fd41e9c0006d6c82f65f14b32e,,,BWV810A,,,,e minor (inferred),6/8,120,2,"English Suite 5, 1. Prelude | J.S. Bach, Edition Kalmus",156,3240,Score,False,False,WARNING,key_inferred,
data/raw/bach_js/bach/vp1_1al_mid/bach_vp1_1al_mid_unknown_full.mid,bach_vp1_1al_mid_unknown_full.mid,.mid,8032,00ac43ccf2905f6997b76fd94037e3742328bab33f3a15cebec4e40d3551dcb8,,,,,,,D major,4/4,250,4,Solo Violin | -------------------------------------- | Johann Sebastian Bach  (1685-1750) | Six Sonatas and Partitas for Solo Violin,49,1018,Score,False,False,WARNING,no_bwv,
data/raw/bach_js/bach/1079_03_mid/bach_1079_03_mid_unknown_full.mid,bach_1079_03_mid_unknown_full.mid,.mid,4163,a2228a1ff1a9a005ce028e8c1680766efc34a3637d9c157688fd4fdbe2a06a27,,,,,,,E- major,4/4,165,2,Harpsichord | --------------------------------------,36,372,Score,False,False,WARNING,no_bwv,
data/raw/bach_js/bach/cs2_3cou_mid/bach_cs2_3cou_mid_unknown_full.mid,bach_cs2_3cou_mid_unknown_full.mid,.mid,5508,bf1636d308e16eca1ddb7e3e7f7b1208e64294a8793781b80fd3447612fdc35d,,,,,,,F major,3/4,250,3,Solo Cello | -------------------------------------- | Johann Sebastian Bach  (1685-1750),65,824,Score,False,False,WARNING,no_bwv,
data/raw/bach_js/bach/cs3_3cou_mid/bach_cs3_3cou_mid_unknown_full.mid,bach_cs3_3cou_mid_unknown_full.mid,.mid,8019,cbbd22741dbd76822f419fd0d73915df34e57da5e33cecb27c529449856705cf,,,,,,,C major,3/4,250,4,Solo Cello | -------------------------------------- | Johann Sebastian Bach  (1685-1750) | Six Suites for Solo Cello,169,1502,Score,False,False,WARNING,no_bwv,
data/raw/bach_js/bach/988_v02_mid/bach_988_v02_mid_bwv988_988_full.mid,bach_988_v02_mid_bwv988_988_full.mid,.mid,6280,13ec538793c2f472282b096c75c45fb94a0b1c55ce30283e8479d2347962a340,,,BWV988,,,,G major,2/4,100,3,Solo Harpsichord with 2 Manuals | -------------------------------------- | Johann Sebastian Bach  (1685-1750),96,977,Score,False,False,OK,,
data/raw/bach_js/bach/vp3_5bou_mid/bach_vp3_5bou_mid_unknown_full.mid,bach_vp3_5bou_mid_unknown_full.mid,.mid,4878,fbbdf4f6324273eb1bbea1e93f654b450889d95e03ae33408ec7bda5cc2f671a,,,,,,,E major,2/2,250,2,Solo Violin | --------------------------------------,73,630,Score,False,False,WARNING,no_bwv,
data/raw/bach_js/bach/bwv539_mid/bach_bwv539_mid_bwv539_full.mid,bach_bwv539_mid_bwv539_full.mid,.mid,25181,49b76bc43e1c4608e785c4624520ae7567c8558fbbde65ec28da6b0b46e10f5b,,,BWV539,,,,d minor (inferred),4/4,100,4,Praeludium and Fuga in D-minor | J.S. Bach BWV 539 | Midi by Gary Bricault | Copyright(c) 2000,139,3033,Score,False,False,WARNING,key_inferred,
data/raw/bach_js/bach/cs3_5bou_mid/bach_cs3_5bou_mid_unknown_full.mid,bach_cs3_5bou_mid_unknown_full.mid,.mid,7484,4d77f2563add0be27bbba91e9984b2174f2b093195c5d5caf345004a873f04b1,,,,,,,C major,4/4,250,3,Solo Cello | -------------------------------------- | Johann Sebastian Bach  (1685-1750),133,1160,Score,False,False,WARNING,no_bwv,
data/raw/bach_js/bach/988_v17_mid/bach_988_v17_mid_bwv988_988_full.mid,bach_988_v17_mid_bwv988_988_full.mid,.mid,9665,0989d0bedf508068decd47f77607269c83a8009f2798d88eec19a2488583ae84,,,BWV988,,,,G major,3/4,100,2,Solo Harpsichord with 2 Manuals | --------------------------------------,64,1394,Score,False,False,OK,,
data/raw/bach_js/bach/cs1_4sar_mid/bach_cs1_4sar_mid_unknown_full.mid,bach_cs1_4sar_mid_unknown_full.mid,.mid,3209,f98735cbc213dd9b6819a121b655b1301b352c3cf7c483f53a3fd93c8cbbf14c,,,,,,,G major,3/4,50,4,Solo Cello | -------------------------------------- | Johann Sebastian Bach  (1685-1750) | Six Suites for Solo Cello,32,417,Score,False,False,WARNING,no_bwv,
data/raw/bach_js/bach/988_v03_mid/bach_988_v03_mid_bwv988_988_full.mid,bach_988_v03_mid_bwv988_988_full.mid,.mid,8689,980a3cbf0066e632be3bee307d14e7f3d24a6c359ea4df51ffe01051589bb1d6,,,BWV988,,,,G major,12/8,100,3,Solo Harpsichord with 2 Manuals | -------------------------------------- | Johann Sebastian Bach  (1685-1750),32,1246,Score,False,False,OK,,
data/raw/bach_js/bach/1079_02_mid/bach_1079_02_mid_unknown_full.mid,bach_1079_02_mid_unknown_full.mid,.mid,3421,ccf485b4816fa4a07b0f3004f8ad8a1853711040bf0a99f5e537f2ec539cb37f,,,,,,,E- major,4/4,70,3,String Trio | -------------------------------------- | Johann Sebastian Bach  (1685-1750),16,328,Score,False,False,WARNING,no_bwv,
data/raw/bach_js/bach/bwv666_mid/bach_bwv666_mid_bwv666_full.mid,bach_bwv666_mid_bwv666_full.mid,.mid,7586,a17a94fa5b561ec9a270ea73abc46b8f5db75af669d3751ecf848cc70b9d1f20,,,BWV666,,,,e minor (inferred),12/8,80,2,Man | Ped,39,1033,Score,False,False,WARNING,key_inferred,
data/raw/bach_js/bach/bwv667_mid/bach_bwv667_mid_bwv667_full.mid,bach_bwv667_mid_bwv667_full.mid,.mid,29519,ab606d574d538476f72bc407e580e3eb4e8d98dfee5f8f569caa916f6c42cb63,,,BWV667,,,,C major (inferred),3/8,70,9,Man 8 | Man 4 | Man 2 2/3 | Man 2 | Man 1 1/3 | Ped 4 | Ped 8 | Ped 16 | Ped 32,27,4015,Score,False,False,WARNING,key_inferred,
data/raw/bach_js/bach/988_v16_mid/bach_988_v16_mid_bwv988_988_full.mid,bach_988_v16_mid_bwv988_988_full.mid,.mid,13104,30391fa54712dae51d7815bf759f49d2c120df84bab14466eb6df0f86b89fb28,,,BWV988,,,,G major,4/4,50,4,Solo Harpsichord with 2 Manuals | -------------------------------------- | Johann Sebastian Bach  (1685-1750) | The Goldberg Variations - BWV 988,95,1450,Score,False,False,OK,,
data/raw/bach_js/bach/cs2_5men_mid/bach_cs2_5men_mid_unknown_full.mid,bach_cs2_5men_mid_unknown_full.mid,.mid,6014,01652272d687bf2efc89d5fc4b7fefd34ac38b64a62b49097b58c829b8d50e31,,,,,,,F major,3/4,120,3,Solo Cello | -------------------------------------- | Johann Sebastian Bach  (1685-1750),120,876,Score,False,False,WARNING,no_bwv,
data/raw/bach_js/bach/997_4gig_mid/bach_997_4gig_mid_unknown_full.mid,bach_997_4gig_mid_unknown_full.mid,.mid,7684,8920f3ba2387e11e8caaac6f2b3673110c7936ae2c7597fd3139bce494330e9b,,,,,,,E- major,6/8,250,2,Solo Lute or Keyboard | --------------------------------------,97,1024,Score,False,False,WARNING,no_bwv,
data/raw/bach_js/bach/bwv658_mid/bach_bwv658_mid_bwv658_full.mid,bach_bwv658_mid_bwv658_full.mid,.mid,7923,c767393e05414b4cd4aaa32d827384f5c253f44f12b96bd9366df9ed81abad46,,,BWV658,,,,f minor (inferred),1/4,35,2,Man | Ped,39,762,Score,False,False,WARNING,key_inferred,
data/raw/bach_js/bach/bwv664_mid/bach_bwv664_mid_bwv664_full.mid,bach_bwv664_mid_bwv664_full.mid,.mid,22626,041852bd17f282181a90c5e3a20d41473fd35b24814070a01ca350ffbe61173b,,,BWV664,,,,A major (inferred),4/4,90,4,RH | LH | Ped 16 | Ped 8,97,4104,Score,False,False,WARNING,key_inferred,
data/raw/bach_js/bach/bwv1030_mid/bach_bwv1030_mid_bwv1030_full.mid,bach_bwv1030_mid_bwv1030_full.mid,.mid,59568,955d9511dba5c254d78ffca36d82f1db8c9d349fd0ac60d46b0cdaf148bf4dcc,,,BWV1030,,,,D major,4/4,60,3,Flute | Harpsichord RH | Harpsichord LH,324,7999,Score,False,False,OK,,
data/raw/bach_js/bach/988_v29_mid/bach_988_v29_mid_bwv988_988_full.mid,bach_988_v29_mid_bwv988_988_full.mid,.mid,9979,bb5b64b8fd9b542bc61b13b21549a289af0442595f455a9711d169259064babc,,,BWV988,,,,G major,3/4,100,2,Solo Harpsichord with 2 Manuals | --------------------------------------,64,840,Score,False,False,OK,,
data/raw/bach_js/bach/988_v15_mid/bach_988_v15_mid_bwv988_988_full.mid,bach_988_v15_mid_bwv988_988_full.mid,.mid,7655,329c7763b1652b6ba6347df9bdc793c551686b3e8ff497f6ae639d771d04eb5c,,,BWV988,,,,B- major,2/4,25,3,Solo Harpsichord with 2 Manuals | -------------------------------------- | Johann Sebastian Bach  (1685-1750),64,978,Score,False,False,OK,,
data/raw/bach_js/bach/988_v01_mid/bach_988_v01_mid_bwv988_988_full.mid,bach_988_v01_mid_bwv988_988_full.mid,.mid,7998,b2628b4686c42e651dcefe6e19d228e1618e9c2e5ca9ac3e2cade2422968366b,,,BWV988,,,,G major,3/4,100,2,Solo Harpsichord with 2 Manuals | --------------------------------------,64,1128,Score,False,False,OK,,
data/raw/bach_js/bach/bwv0202_mid/bach_bwv0202_mid_bwv0202_full.mid,bach_bwv0202_mid_bwv0202_full.mid,.mid,96923,147fba9427a1be94adf974dd5e7c1cd72c9655d97ccc803c42431a8f9f907bea,,,BWV0202,,,,G major,4/4,35,11,oboe | Violin Solo | violin i | violin ii | viola | soprano | Fagott | cello | Cbass | Continuo H | Continuo L,525,18175,Score,False,False,OK,,
data/raw/bach_js/bach/988_v14_mid/bach_988_v14_mid_bwv988_988_full.mid,bach_988_v14_mid_bwv988_988_full.mid,.mid,9660,49272868e0e741c954efe3220b3a4541454e68ee04e3dd3991f675b13f12534a,,,BWV988,,,,G major,3/4,100,2,Solo Harpsichord with 2 Manuals | --------------------------------------,64,980,Score,False,False,OK,,
data/raw/bach_js/bach/cs1_6gig_mid/bach_cs1_6gig_mid_unknown_full.mid,bach_cs1_6gig_mid_unknown_full.mid,.mid,3966,6832780a1ea46d22569755f0784336951e1b30f9626eefdaa537386fd0953674,,,,,,,G major,6/8,250,3,Solo Cello | -------------------------------------- | Johann Sebastian Bach  (1685-1750),69,570,Score,False,False,WARNING,no_bwv,
data/raw/bach_js/bach/988_v28_mid/bach_988_v28_mid_bwv988_988_full.mid,bach_988_v28_mid_bwv988_988_full.mid,.mid,13253,627ea176ffa6df70994f083ad0a94cf7472e6178eb9a72b86b4149263b8f1725,,,BWV988,,,,G major,3/4,100,4,Solo Harpsichord with 2 Manuals | -------------------------------------- | Johann Sebastian Bach  (1685-1750) | The Goldberg Variations - BWV 988,64,1219,Score,False,False,OK,,
data/raw/bach_js/bach/bwv659_mid/bach_bwv659_mid_bwv659_full.mid,bach_bwv659_mid_bwv659_full.mid,.mid,11668,ce0d782d4d8c858302f8e5806cb7a6448a4003ceeb26c75beab18a9eade5f6a8,,,BWV659,,,,g minor (inferred),4/4,38,5,Cantus Firmus | Accomp 8 | Accomp 4 | Ped 16 | Ped 8,34,1790,Score,False,False,WARNING,key_inferred,
data/raw/bach_js/bach/bwv665_mid/bach_bwv665_mid_bwv665_full.mid,bach_bwv665_mid_bwv665_full.mid,.mid,13060,978e54ba03568f7f50d1132f25693542631014e13ae431ba0348bbd8925c6f96,,,BWV665,,,,e minor (inferred),4/4,52,6,Man 8 | Man 4 | Ped 8 | Ped 16 Bourdon | Ped 16 Trombone | Ped 32,52,1799,Score,False,False,WARNING,key_inferred,
data/raw/bach_js/bach/bwv1052a_mid/bach_bwv1052a_mid_bwv1052a_full.mid,bach_bwv1052a_mid_bwv1052a_full.mid,.mid,82716,4364017acda2ae8935726a20c70e262da57afc573a633a8bd5b4ce3377c57dc2,,,BWV1052A,,,,F major,4/4,104,7,Violin I | Violin II | Viola | Cello | Bass | Keyboard RH | Keyboard LH,194,10967,Score,False,False,WARNING,multiple_keys,
data/raw/bach_js/bach/pfa_1pre_mid/bach_pfa_1pre_mid_unknown_full.mid,bach_pfa_1pre_mid_unknown_full.mid,.mid,6881,e2a9b896dcea0299583c9d1c7ab2cad34e50423100f683b0e904fc84d69e8f48,,,,,,,E- major,12/8,110,4,"Solo Lute | -------------------------------------- | Johann Sebastian Bach  (1685-1750) | Prelude, Fugue, and Allegro in Eb major",48,904,Score,False,False,WARNING,no_bwv,
data/raw/bach_js/bach/1079_05_mid/bach_1079_05_mid_unknown_full.mid,bach_1079_05_mid_unknown_full.mid,.mid,3179,2699fdcdf00f11d9633434410375d05e223c24c82b8f686476260329f520d72b,,,,,,,E- major,4/4,85,3,Harpsichord | -------------------------------------- | Johann Sebastian Bach  (1685-1750),13,346,Score,False,False,WARNING,no_bwv,
data/raw/bach_js/bach/bwv530_2_mid/bach_bwv530_2_mid_bwv530_full.mid,bach_bwv530_2_mid_bwv530_full.mid,.mid,16194,3364979916c7bf72bbad52e95a45040e822b8e324fbf8018cea8880117f36101,,,BWV530,,,,e minor (inferred),1/8,45,3,"Trio Sonata 6, 2. Lento | J.S. Bach, Edition Peters | Arr. Gary Bricault, (c) 1997",83,1503,Score,False,False,WARNING,key_inferred,
data/raw/bach_js/bach/bwv1027_mid/bach_bwv1027_mid_bwv1027_full.mid,bach_bwv1027_mid_bwv1027_full.mid,.mid,38700,df26fb03194c9ee43f60bd4d8582bb9447cca23404a27d126972a19b260a37e0,,,BWV1027,,,,G major,12/8,40,3,Viola | Clave H | Clave L,305,6395,Score,False,False,OK,,
data/raw/bach_js/bach/988_v10_mid/bach_988_v10_mid_bwv988_988_full.mid,bach_988_v10_mid_bwv988_988_full.mid,.mid,6392,af7c57007a2bd4f8d7a3a0cb0a614053ec95f901f39988f41feec8660e8cd5d3,,,BWV988,,,,G major,4/4,200,4,Solo Harpsichord with 2 Manuals | -------------------------------------- | Johann Sebastian Bach  (1685-1750) | The Goldberg Variations - BWV 988,64,946,Score,False,False,OK,,
data/raw/bach_js/bach/988_v04_mid/bach_988_v04_mid_bwv988_988_full.mid,bach_988_v04_mid_bwv988_988_full.mid,.mid,4564,e57fe053be2612fe5d79c199bda5b6c59313e426098040634e40b568cf329327,,,BWV988,,,,G major,3/8,100,4,Solo Harpsichord with 2 Manuals | -------------------------------------- | Johann Sebastian Bach  (1685-1750) | The Goldberg Variations - BWV 988,128,913,Score,False,False,OK,,
data/raw/bach_js/bach/bwv529_3_mid/bach_bwv529_3_mid_bwv529_full.mid,bach_bwv529_3_mid_bwv529_full.mid,.mid,17320,6c4d06081845065e7edb1c1281dca5798886a6f513b4b2b20fbccd2df69e79c5,,,BWV529,,,,C major (inferred),2/4,90,3,"Trio Sonata 5, 3rd Mov. BWV 529 | J.S. Bach, Edition Peters | Arr. Gary Bricault, (c) 1997",163,2327,Score,False,False,WARNING,key_inferred,
data/raw/bach_js/bach/fp_2cou_mid/bach_fp_2cou_mid_unknown_full.mid,bach_fp_2cou_mid_unknown_full.mid,.mid,6503,62ec386d0dec1f7642d3971d2407a567412d46ca9071b518d5034296368851c3,,,,,,,C major,3/4,250,1,Solo Flute,85,890,Score,False,False,WARNING,no_bwv,
data/raw/bach_js/bach/vp3_2lou_mid/bach_vp3_2lou_mid_unknown_full.mid,bach_vp3_2lou_mid_unknown_full.mid,.mid,5446,5d13b07cf4d99b0a5b9a332ae2b1c977215de2ef4abc7e472124bfaf911b67e1,,,,,,,E major,6/4,249,3,Solo Violin | -------------------------------------- | Johann Sebastian Bach  (1685-1750),49,713,Score,False,False,WARNING,no_bwv,
data/raw/bach_js/bach/bwv661_mid/bach_bwv661_mid_bwv661_full.mid,bach_bwv661_mid_bwv661_full.mid,.mid,25010,e1daf84054d0cc7ee0b42ad9703a6db79163a7d37ec1e99d51ecdfd67338bac3,,,BWV661,,,,d minor (inferred),2/2,151,6,Man 8 | Man 4 | Man 2 | Ped 32 | Ped 16 | Ped 8,92,4371,Score,False,False,WARNING,key_inferred,
data/raw/bach_js/bach/988_v05_mid/bach_988_v05_mid_bwv988_988_full.mid,bach_988_v05_mid_bwv988_988_full.mid,.mid,7828,768a0890fbb6a35fe921aea02c1708386844f7e57b99992f2281dc7d66be016f,,,BWV988,,,,G major,3/4,100,2,Solo Harpsichord with 2 Manuals | --------------------------------------,64,1106,Score,False,False,OK,,
data/raw/bach_js/bach/bwv529_2_mid/bach_bwv529_2_mid_bwv529_full.mid,bach_bwv529_2_mid_bwv529_full.mid,.mid,13103,a8dbc86607a11ad1cd3e9b33b698a31076fc0c55b18a564f149d9ddec849e90b,,,BWV529,,,,e minor (inferred),6/8,30,3,"Trio Sonata 5, 2nd Mov. BWV 529 | J.S. Bach, Edition Peters | Arr. Gary Bricault, (c) 1997",54,1104,Score,False,False,WARNING,key_inferred,
data/raw/bach_js/bach/fp_4bou_mid/bach_fp_4bou_mid_unknown_full.mid,bach_fp_4bou_mid_unknown_full.mid,.mid,4302,2aac5ad7afd73467d8813628102dbb8c950909284474f222560778f71563962f,,,,,,,C major,2/4,250,1,Solo Flute,90,531,Score,False,False,WARNING,no_bwv,
data/raw/bach_js/bach/988_v11_mid/bach_988_v11_mid_bwv988_988_full.mid,bach_988_v11_mid_bwv988_988_full.mid,.mid,9281,0358869b6d585c81817c5d941564ea907f544584bf59dd99daa7efb227de6df3,,,BWV988,,,,G major,12/16,100,2,Solo Harpsichord with 2 Manuals | --------------------------------------,64,1244,Score,False,False,OK,,
data/raw/bach_js/bach/bwv660_mid/bach_bwv660_mid_bwv660_full.mid,bach_bwv660_mid_bwv660_full.mid,.mid,7325,ad41b1cef91d35e621b522eb9ed88da5564b21b9458870355c8d43aaa42abe21,,,BWV660,,,,e minor (inferred),4/4,65,3,RH | LH | Ped,42,1202,Score,False,False,WARNING,key_inferred,
data/raw/bach_js/bach/1079_04_mid/bach_1079_04_mid_unknown_full.mid,bach_1079_04_mid_unknown_full.mid,.mid,3034,4f97a42740c9c464763b6816497cac5dd2070120feb49ca8cf3593685377546d,,,,,,,E- major,4/4,130,4,Violin | -------------------------------------- | Johann Sebastian Bach  (1685-1750) | A Musical Offering - BWV 1079,16,286,Score,False,False,WARNING,no_bwv,
data/raw/bach_js/bach/cs1_2all_mid/bach_cs1_2all_mid_unknown_full.mid,bach_cs1_2all_mid_unknown_full.mid,.mid,7088,d4174ed21d8246391730210675199dfe80c82a13806e4afe9f764d322df48190,,,,,,,G major,4/4,250,3,Solo Cello | -------------------------------------- | Johann Sebastian Bach  (1685-1750),65,1071,Score,False,False,WARNING,no_bwv,
data/raw/bach_js/bach/bwv530_3_mid/bach_bwv530_3_mid_bwv530_full.mid,bach_bwv530_3_mid_bwv530_full.mid,.mid,17460,632edaa8c44b5e3ec8ac52318ee03a2547e8e408c544180e7e3711904e2323c6,,,BWV530,,,,D major (inferred),4/4,90,3,"Trio Sonata 6, 3. Vivace | J.S. Bach, Edition Peters | Arr. Gary Bricault, (c) 1997",77,2223,Score,False,False,WARNING,key_inferred,
data/raw/bach_js/bach/bwv0212_mid/bach_bwv0212_mid_bwv0212_full.mid,bach_bwv0212_mid_bwv0212_full.mid,.mid,120085,986f66e37e5683032cad2f5a64d221d243efda62ccbe70c56e984a2967c506d8,,,BWV0212,,,,A major,3/4,214,10,Flauta | Corno | violin I | Violin II | viola | Soprano | Basso | continuo | clave h | Clave l,1000,24262,Score,False,False,OK,,
data/raw/bach_js/bach/bwv530_1_mid/bach_bwv530_1_mid_bwv530_full.mid,bach_bwv530_1_mid_bwv530_full.mid,.mid,19376,6fcd7db7dd28b4729e4edc36dcf6fe263a00d0867f9046062b861e0e20cd99ae,,,BWV530,,,,G major (inferred),2/4,100,3,"Trio Sonata 6, 1. Vivace | J.S. Bach, Edition Peters | Arr. Gary Bricault, (c) 1997",180,2618,Score,False,False,WARNING,key_inferred,
data/raw/bach_js/bach/bwv639sc_mid/bach_bwv639sc_mid_bwv639s_full.mid,bach_bwv639sc_mid_bwv639s_full.mid,.mid,6640,35f84f076cf688c6e1a2f179b474caaabe56f25fdd03e94649b470267c097a07,,,BWV639S,,,,E- major,4/4,100,3,Grand'Organo | Recitativo | Pedale,37,548,Score,False,False,OK,,
data/raw/bach_js/bach/vs1_1ada_mid/bach_vs1_1ada_mid_unknown_full.mid,bach_vs1_1ada_mid_unknown_full.mid,.mid,4594,dccf72f93ca9c023bedd5dcfefa19f2b12a035ab41a43346ba873d831231a040,,,,,,,F major,4/4,26,4,Solo Violin | -------------------------------------- | Johann Sebastian Bach  (1685-1750) | Six Sonatas and Partitas for Solo Violin,22,455,Score,False,False,WARNING,no_bwv,
data/raw/bach_js/bach/vp2_5cha_mid/bach_vp2_5cha_mid_unknown_full.mid,bach_vp2_5cha_mid_unknown_full.mid,.mid,29398,e6942ea6349921f928c992e6527be12935aa7ebe8a352c525d9508a36166d8dd,,,,,,,F major,3/4,60,5,Solo Violin | -------------------------------------- | Johann Sebastian Bach  (1685-1750) | Six Sonatas and Partitas for Solo Violin | --------------------------------------,257,3743,Score,False,False,WARNING,no_bwv,
data/raw/bach_js/bach/bwv0248c_mid/bach_bwv0248c_mid_bwv0248c_full.mid,bach_bwv0248c_mid_bwv0248c_full.mid,.mid,119770,f548d1ad743452883aed066d46b9ea6f74c920c99e59b1d9405d497194b74f1d,,,BWV0248C,,,,D major,3/8,80,19,trompeta i | trompeta ii | trompeta iii | timbal | flauta i | flauta ii | oboe i | oboe ii | violin i | violin ii | viola | Evangelist | soprano | alto | tenor | bass | cello | organ | Organ L,662,27005,Score,False,False,OK,,
data/raw/bach_js/bach/bwv552f_mid/bach_bwv552f_mid_bwv552f_full.mid,bach_bwv552f_mid_bwv552f_full.mid,.mid,22529,2172c7a614fee6d217453b3ad93d8d8151ab5d06746a83697de75091e405452a,,,BWV552F,,,,E- major (inferred),4/2,127,5,"Pipe Organ | Fugue in E-Flat Major, BWV552 | ""St. Anne's Fugue"" | J.S. Bach, Edition Peters | Arr. Gary Bricault, (c) 1997",117,3328,Score,False,False,WARNING,key_inferred,
data/raw/bach_js/bach/988_v07_mid/bach_988_v07_mid_bwv988_988_full.mid,bach_988_v07_mid_bwv988_988_full.mid,.mid,6221,eee005ffb82a081eb25d64d2d35b607f97e52000aa29b1591317805b025f30ea,,,BWV988,,,,G major,6/8,100,2,Solo Harpsichord with 2 Manuals | --------------------------------------,64,730,Score,False,False,OK,,
data/raw/bach_js/bach/988_v13_mid/bach_988_v13_mid_bwv988_988_full.mid,bach_988_v13_mid_bwv988_988_full.mid,.mid,11549,ada31cd5a87223ff4bb92af974aaeebf6b9b5dfcd81b83e336d93d49e755dcb3,,,BWV988,,,,G major,3/4,50,3,Solo Harpsichord with 2 Manuals | -------------------------------------- | Johann Sebastian Bach  (1685-1750),64,1120,Score,False,False,OK,,
data/raw/bach_js/bach/bwv662_mid/bach_bwv662_mid_bwv662_full.mid,bach_bwv662_mid_bwv662_full.mid,.mid,15066,08789349068695ee7280d273346a2d97075ef565632218edc931047a4f126749,,,BWV662,,,,A major (inferred),2/8,30,4,Accomp | Cantus Firmus | Pedal 8 | Pedal 16,55,1925,Score,False,False,WARNING,key_inferred,
data/raw/bach_js/bach/bwv772a_mid/bach_bwv772a_mid_bwv772a_full.mid,bach_bwv772a_mid_bwv772a_full.mid,.mid,4494,36a47833cd02afd1ea5a8d90e5dc06df4d101eacac8603e9cdd02a8b37c09289,,,BWV772A,,,,C major,4/4,80,2,Solo Keyboard | --------------------------------------,22,297,Score,False,False,OK,,
data/raw/bach_js/bach/cs4_1pre_mid/bach_cs4_1pre_mid_unknown_full.mid,bach_cs4_1pre_mid_unknown_full.mid,.mid,6701,9ed93f845f7c01ae53d9bb988808020498d0f7ae49e1d8b8b7c745ac8774859d,,,,,,,E- major,4/4,96,4,Solo Cello | -------------------------------------- | Johann Sebastian Bach  (1685-1750) | Six Suites for Solo Cello,91,1109,Score,False,False,WARNING,no_bwv,
data/raw/bach_js/bach/cs5_1pre_mid/bach_cs5_1pre_mid_unknown_full.mid,bach_cs5_1pre_mid_unknown_full.mid,.mid,9777,752cd3779db587cf574c5c8e87c1adacd3b2be7ede3631bc7e6aa040d1332bff,,,,,,,E- major,4/4,55,4,Solo Cello | -------------------------------------- | Johann Sebastian Bach  (1685-1750) | Six Suites for Solo Cello,223,2043,Score,False,False,WARNING,no_bwv,
data/raw/bach_js/bach/988_v12_mid/bach_988_v12_mid_bwv988_988_full.mid,bach_988_v12_mid_bwv988_988_full.mid,.mid,9187,28ad2b9f9b27583f9af27ae40fe76334cca7f4ef445786da098f3632acf3d359,,,BWV988,,,,G major,3/4,100,3,Solo Harpsichord with 2 Manuals | -------------------------------------- | Johann Sebastian Bach  (1685-1750),64,1394,Score,False,False,OK,,
data/raw/bach_js/bach/bwv529_1_mid/bach_bwv529_1_mid_bwv529_full.mid,bach_bwv529_1_mid_bwv529_full.mid,.mid,23507,159356c40fcdafcc4b12400fdad90335dd8bcdaf26822b305253e018a2797f85,,,BWV529,,,,C major (inferred),3/4,95,3,"Trio Sonata 5, 1st Mov. BWV 529 | J.S. Bach, Edition Peters | Arr. Gary Bricault, (c) 1997",155,3232,Score,False,False,WARNING,key_inferred,
data/raw/bach_js/bach/988_v06_mid/bach_988_v06_mid_bwv988_988_full.mid,bach_988_v06_mid_bwv988_988_full.mid,.mid,5314,08e1871220afc3005129084e41e52bf7ab97614fd8c285342111b0b115dd9054,,,BWV988,,,,G major,3/8,100,3,Solo Harpsichord with 2 Manuals | -------------------------------------- | Johann Sebastian Bach  (1685-1750),128,951,Score,False,False,OK,,
data/raw/bach_js/bach/bwv663_mid/bach_bwv663_mid_bwv663_full.mid,bach_bwv663_mid_bwv663_full.mid,.mid,17792,8b852ec315d7011a983ee7e43655177dbe2720456b1e95138898f7849f0e1949,,,BWV663,,,,D major (inferred),3/2,130,4,Positiv | Hauptwerk | Pedal | Ped 16,127,4392,Score,False,False,WARNING,key_inferred,
data/raw/bach_js/bach/vp1_6sad_mid/bach_vp1_6sad_mid_unknown_full.mid,bach_vp1_6sad_mid_unknown_full.mid,.mid,5076,1cc9ba852dc2e0861f0c90043128e69f1876fd29f06a65e80bb1ef5e942ad29d,,,,,,,D major,9/8,140,1,Solo Violin,64,569,Score,False,False,WARNING,no_bwv,
data/raw/bach_js/bach/bwv552p_mid/bach_bwv552p_mid_bwv552p_full.mid,bach_bwv552p_mid_bwv552p_full.mid,.mid,33667,3c6f52bee1a3bd170a2417423421a63d487de422dd02b20ab6e2b81b05751525,,,BWV552P,,,,E- major (inferred),4/4,100,4,"Prelude in E-Flat Major - BWV 552 | J.S.Bach/Arr. G. Bricault | Copyright 1998(c), G. Bricault | gsbusat@worldnet.att.net",205,4997,Score,False,False,WARNING,key_inferred,
data/raw/bach_js/bach/fp_3sar_mid/bach_fp_3sar_mid_unknown_full.mid,bach_fp_3sar_mid_unknown_full.mid,.mid,3010,73e1dd052ef368a25810e82741edbb51090211fa3b7e2438f11b06149c21eacd,,,,,,,C major,3/4,70,1,Solo Flute,46,302,Score,False,False,WARNING,no_bwv,
data/raw/bach_js/bach/vp2_1all_mid/bach_vp2_1all_mid_unknown_full.mid,bach_vp2_1all_mid_unknown_full.mid,.mid,7643,38bd6f6e0517229d8ae958c7b701b63a594cc874e2ae756a87f3cc2a6031ce01,,,,,,,F major,4/4,220,4,Solo Violin | -------------------------------------- | Johann Sebastian Bach  (1685-1750) | Six Sonatas and Partitas for Solo Violin,65,1072,Score,False,False,WARNING,no_bwv,
data/raw/bach_js/bach/vs2_3and_mid/bach_vs2_3and_mid_unknown_full.mid,bach_vs2_3and_mid_unknown_full.mid,.mid,6422,f04c5d74e30c6a906419c83a5e7372883a135afa8cfd2e5b8de66471f1e9ac1f,,,,,,,C major,3/4,27,4,Solo Violin | -------------------------------------- | Johann Sebastian Bach  (1685-1750) | Six Sonatas and Partitas for Solo Violin,52,909,Score,False,False,WARNING,no_bwv,
data/raw/bach_js/bach/988_v23_mid/bach_988_v23_mid_bwv988_988_full.mid,bach_988_v23_mid_bwv988_988_full.mid,.mid,10337,e6be032fe0d21893049b582e106563a9e13e9edc307717968eef74a4b67f5b17,,,BWV988,,,,G major,3/4,100,4,Solo Harpsichord with 2 Manuals | -------------------------------------- | Johann Sebastian Bach  (1685-1750) | The Goldberg Variations - BWV 988,64,1600,Score,False,False,OK,,
data/raw/bach_js/bach/bwv652_mid/bach_bwv652_mid_bwv652_full.mid,bach_bwv652_mid_bwv652_full.mid,.mid,19406,b304b8987b5a3c2e3172025275152403647d81a70e77759889d0e5f269d32206,,,BWV652,,,,G major (inferred),3/4,70,4,LH | Ped | Ped 16 | RH,200,4083,Score,False,False,WARNING,key_inferred,
data/raw/bach_js/bach/bwv525_1_mid/bach_bwv525_1_mid_bwv525_full.mid,bach_bwv525_1_mid_bwv525_full.mid,.mid,13078,15b9a37b07daf17c8a3ef0b2b34ee729eebc806383606cae60eb2f3f461d638f,,,BWV525,,,,c minor (inferred),4/4,90,3,"Trio Sonata 5, Allegro mod | J.S. Bach, Edition Peters | Arr. Gary Bricault, (c) 1997",58,1688,Score,False,False,WARNING,key_inferred,
data/raw/bach_js/bach/bwv0248d_mid/bach_bwv0248d_mid_bwv0248d_full.mid,bach_bwv0248d_mid_bwv0248d_full.mid,.mid,105794,93321212eb351b17070fd0fb0a02a184234e187de9d716ee8b11c569dfa3fe65,,,BWV0248D,,,,F major,3/8,60,16,Corno I | Corno II | Oboe I | Oboe II | Violin I Solo/Tutti | Violin II Solo/Tutti | Viola | Evangelist | Echo | Soprano Coro/Solo | Alto Coro/Solo | Tenore Coro/Solo | Basso Coro/Solo | Cello | Organ/Clave H | Organ/Clave L,602,23613,Score,False,False,OK,,
data/raw/bach_js/bach/cs5_5gav_mid/bach_cs5_5gav_mid_unknown_full.mid,bach_cs5_5gav_mid_unknown_full.mid,.mid,10660,bb43d51410d79487c2cb38929be92d5f1e2764d3c092b253132cd20b44891634,,,,,,,E- major,4/4,250,1,Solo Cello,153,1133,Score,False,False,WARNING,no_bwv,
data/raw/bach_js/bach/cs4_6gig_mid/bach_cs4_6gig_mid_unknown_full.mid,bach_cs4_6gig_mid_unknown_full.mid,.mid,7770,4a5a25434cd5fd3eadb25f9ba1bd5ed721b0d8e5b59256b73c778abd2a61c074,,,,,,,E- major,12/8,250,1,Solo Cello,85,968,Score,False,False,WARNING,no_bwv,
data/raw/bach_js/bach/988_v22_mid/bach_988_v22_mid_bwv988_988_full.mid,bach_988_v22_mid_bwv988_988_full.mid,.mid,5706,f18fe491953bf63c622dce82937095f0313d905fb5e18ed83b9b272eff73a31b,,,BWV988,,,,G major,4/4,200,4,Solo Harpsichord with 2 Manuals | -------------------------------------- | Johann Sebastian Bach  (1685-1750) | The Goldberg Variations - BWV 988,64,796,Score,False,False,OK,,
data/raw/bach_js/bach/cs5_6gig_mid/bach_cs5_6gig_mid_unknown_full.mid,bach_cs5_6gig_mid_unknown_full.mid,.mid,3900,b33af0c5b33c4bec96bb385feeb826426ecd313161c069787b22b997e5fd34ce,,,,,,,E- major,3/8,250,1,Solo Cello,145,446,Score,False,False,WARNING,no_bwv,
data/raw/bach_js/bach/prelude_for_solo_cello/bach_prelude_for_solo_cello_unknown_full.mid,bach_prelude_for_solo_cello_unknown_full.mid,.mid,31912,c6239c41e4d582063e4ef08adb5c8148c0fe2f62287b6888ea0f0f9b95f9d60e,,,,,,,F major,3/4,48,1,Solo Cello,63,635,Score,False,False,WARNING,no_bwv,
data/raw/bach_js/bach/bwv653_mid/bach_bwv653_mid_bwv653_full.mid,bach_bwv653_mid_bwv653_full.mid,.mid,10232,cb3d183ae156d81401e604302ef60b300937a0d50629d8049a2c4f4b5317202d,,,BWV653,,,,G major (inferred),3/4,61,4,"An Wasserflussen Babylon | StringInstrument | J.S. Bach  BWV 653 | Midi by Gary Bricault, 2000",77,1643,Score,False,False,WARNING,key_inferred,
data/raw/bach_js/bach/bwv0248e_mid/bach_bwv0248e_mid_bwv0248e_full.mid,bach_bwv0248e_mid_bwv0248e_full.mid,.mid,127978,832b75e159e1f7dc678a9541e8838a9c9491222549a394fa9bd0ef82f06f3ff9,,,BWV0248E,,,,G major,3/4,100,17,Oboe d'amore I | Oboe d'amore II | Violin I | Violin II | Viola | Evangelist | Soprano Solo | Alto Solo | Tenore Solo | Basso Solo | Soprano | Alto | Tenore | Basso | Organo H | Organo L | Cello,657,29418,Score,False,False,OK,,
data/raw/bach_js/bach/997_1pre_mid/bach_997_1pre_mid_unknown_full.mid,bach_997_1pre_mid_unknown_full.mid,.mid,7275,30488aa34cf8f736b57294ec2f726c2537eb83e99cd3005fdb941f4c67694443,,,,,,,E- major,4/4,80,2,Solo Lute or Keyboard | --------------------------------------,56,1005,Score,False,False,WARNING,no_bwv,
data/raw/bach_js/bach/bwv733_mid/bach_bwv733_mid_bwv733_full.mid,bach_bwv733_mid_bwv733_full.mid,.mid,13758,a97181c4f9ff55088e1001c2ff61ddc0de7b1e6623328c7d5ee8c5c842480b8c,,,BWV733,,,,d minor (inferred),4/4,152,3,"Fuga sopra: Magnificat | J.S. Bach - BWV 733 | Midi by Gary Bricault, 2000",136,2234,Score,False,False,WARNING,key_inferred,
data/raw/bach_js/bach/988_v08_mid/bach_988_v08_mid_bwv988_988_full.mid,bach_988_v08_mid_bwv988_988_full.mid,.mid,8969,5e01bd1efea3cef5fe81d77fda845c46191eeab961367a9f0b632c0c396101d4,,,BWV988,,,,G major,3/4,100,2,Solo Harpsichord with 2 Manuals | --------------------------------------,64,1330,Score,False,False,OK,,
data/raw/bach_js/bach/vs1_4prs_mid/bach_vs1_4prs_mid_unknown_full.mid,bach_vs1_4prs_mid_unknown_full.mid,.mid,10818,b8301c20592b6de6bce07d5877745def7afc10f6127470148718efa9168fd8bb,,,,,,,F major,3/8,125,3,Solo Violin | -------------------------------------- | Johann Sebastian Bach  (1685-1750),272,2156,Score,False,False,WARNING,no_bwv,
data/raw/bach_js/bach/988_v20_mid/bach_988_v20_mid_bwv988_988_full.mid,bach_988_v20_mid_bwv988_988_full.mid,.mid,8811,1a107ad645aa915e7c7ceaef5f0538eca998e030a0bcca9eeb32a5a170c4008a,,,BWV988,,,,G major,3/4,100,2,Solo Harpsichord with 2 Manuals | --------------------------------------,64,714,Score,False,False,OK,,
data/raw/bach_js/bach/cs6_3cou_mid/bach_cs6_3cou_mid_unknown_full.mid,bach_cs6_3cou_mid_unknown_full.mid,.mid,9135,8ce798fe14d6f4c248e9cca9efc4c8b6134a68057e80361e334966e7aff597b4,,,,,,,D major,3/4,250,1,Solo Cello,145,1283,Score,False,False,WARNING,no_bwv,
data/raw/bach_js/bach/vp1_5sa_mid/bach_vp1_5sa_mid_unknown_full.mid,bach_vp1_5sa_mid_unknown_full.mid,.mid,4941,ab7b5ce30e1264704f2b51288a9ac3a2c8f60cba221db2ee0f068fafb0b295cb,,,,,,,D major,3/4,56,4,Solo Violin | -------------------------------------- | Johann Sebastian Bach  (1685-1750) | Six Sonatas and Partitas for Solo Violin,64,659,Score,False,False,WARNING,no_bwv,
data/raw/bach_js/bach/bwv525_2_mid/bach_bwv525_2_mid_bwv525_full.mid,bach_bwv525_2_mid_bwv525_full.mid,.mid,17316,39af93dd0648d2f679557c17f00a417539e157f2a09100a84786bc6aa694346b,,,BWV525,,,,c minor (inferred),1/8,50,3,"Trio Sonata 5, Adagio | J.S. Bach, Edition Peters | Arr. Gary Bricault, (c) 1997",60,2404,Score,False,False,WARNING,key_inferred,
data/raw/bach_js/bach/cs5_4sar_mid/bach_cs5_4sar_mid_unknown_full.mid,bach_cs5_4sar_mid_unknown_full.mid,.mid,2538,c2b4dcf8e496d12fe74d9689ab7e878cde026dc8592059ae99c2335e2e3217cb,,,,,,,E- major,3/4,46,1,Solo Cello,40,216,Score,False,False,WARNING,no_bwv,
data/raw/bach_js/bach/cs4_4sar_mid/bach_cs4_4sar_mid_unknown_full.mid,bach_cs4_4sar_mid_unknown_full.mid,.mid,3880,0567a8ff410c614ef9759e832cec01a7c3de0e7ba06bfe4f01dac4aa0c703c47,,,,,,,E- major,3/4,45,3,Solo Cello | -------------------------------------- | Johann Sebastian Bach  (1685-1750),63,542,Score,False,False,WARNING,no_bwv,
data/raw/bach_js/bach/bwv686_mid/bach_bwv686_mid_bwv686_full.mid,bach_bwv686_mid_bwv686_full.mid,.mid,15239,8b66fbf7f87324068700a4458ca322033caba90b2415a4b59f82bac584d3c894,,,BWV686,,,,a minor (inferred),4/2,142,3,"Aus tiefer Not schrei' ich dir | J..S. Bach BWV 686 | Midi by Gary Bricault, 2000",75,2808,Score,False,False,WARNING,key_inferred,
data/raw/bach_js/bach/988_v21_mid/bach_988_v21_mid_bwv988_988_full.mid,bach_988_v21_mid_bwv988_988_full.mid,.mid,7076,b5be0fbc4c556ea1ccee8c03c0525f61f1a08cb06424b0ef120d6d3be0012c26,,,BWV988,,,,B- major,4/4,50,3,Solo Harpsichord with 2 Manuals | -------------------------------------- | Johann Sebastian Bach  (1685-1750),32,966,Score,False,False,OK,,
data/raw/bach_js/bach/bwv525_3_mid/bach_bwv525_3_mid_bwv525_full.mid,bach_bwv525_3_mid_bwv525_full.mid,.mid,20001,ec73a4d139463fc2eecc3457915761c86e21f532cb942dc35ce09a9239ab006a,,,BWV525,,,,B- major (inferred),3/4,90,3,"Trio Sonata 5, Allegro | J.S. Bach, Edition Peters | Arr. Gary Bricault, (c) 1997",128,2692,Score,False,False,WARNING,key_inferred,
data/raw/bach_js/bach/988_v09_mid/bach_988_v09_mid_bwv988_988_full.mid,bach_988_v09_mid_bwv988_988_full.mid,.mid,5995,bb35c33499dbe2308fd2230ddc6a75f3a1addbb9423add2d63b55e6cb9305fbd,,,BWV988,,,,G major,4/4,100,3,Solo Harpsichord with 2 Manuals | -------------------------------------- | Johann Sebastian Bach  (1685-1750),48,843,Score,False,False,OK,,
data/raw/bach_js/bach/vs2_4alg_mid/bach_vs2_4alg_mid_unknown_full.mid,bach_vs2_4alg_mid_unknown_full.mid,.mid,13815,f58324e45c25fe5f8b4e4afaaac844adfb5d100a762ed974983a3db457bfa733,,,,,,,C major,4/4,90,2,Solo Violin | --------------------------------------,116,1706,Score,False,False,WARNING,no_bwv,
data/raw/bach_js/bach/vs3_4alg_mid/bach_vs3_4alg_mid_unknown_full.mid,bach_vs3_4alg_mid_unknown_full.mid,.mid,15458,db533075a34efea064d1eaff6a19e9bbb097d3f8cbdd763c235e1d7a81222add,,,,,,,C major,3/4,123,1,Solo Violin,204,2392,Score,False,False,WARNING,no_bwv,
data/raw/bach_js/bach/1080_c02_mid/bach_1080_c02_mid_unknown_full.mid,bach_1080_c02_mid_unknown_full.mid,.mid,9069,e0ec3f1b9ef0d41f718ca8dec540fdeb0e0ca69b574a896ab849c027d82b0d56,,,,,,,F major,4/4,100,4,String Quartet | -------------------------------------- | Johann Sebastian Bach  (1685-1750) | The Art of Fugue - BWV 1080,84,1261,Score,False,False,WARNING,no_bwv,
data/raw/bach_js/bach/1080_c12_mid/bach_1080_c12_mid_unknown_full.mid,bach_1080_c12_mid_unknown_full.mid,.mid,16774,ca538e75a2fcb380d84e6651e4c5b528c8547767aafb43dedc75f641bcafbba4,,,,,,,F major,9/16,100,2,Trumpet | --------------------------------------,179,2445,Score,False,False,WARNING,no_bwv,
data/raw/bach_js/bach/bwv0248b_mid/bach_bwv0248b_mid_bwv0248b_full.mid,bach_bwv0248b_mid_bwv0248b_full.mid,.mid,137352,e9f1d59c61ee7dbbf3a39b49765ad7183b51fdc06dcfff132f8488a54e6f4706,,,BWV0248B,,,,G major,12/8,70,23,Flauta I | Flauta II | Oboe D'amore I | Oboe D'amore II | Oboe Da Caccia I | Oboe Da Caccia II | Violin I | Violin II | Viola | Der Engel | Evangelist | Alto Solo | Tenore Solo | Bass Solo | Sopranos | Altos | Tenores | Basses | cello | clave h | clave l | Organ H | Organ L,620,34682,Score,False,False,OK,,
data/raw/bach_js/bach/jsb212sf_mid/bach_jsb212sf_mid_unknown_full.mid,bach_jsb212sf_mid_unknown_full.mid,.mid,18175,9e22eaa3871d81dcece56ef7b4dbd7e3c98f02026b435d0d308ee20979834aed,,,,,,,C major,3/4,200,6,"Sequenced & copyright 1997 by T.L. Hubeart Jr. | ""Peasant Cantata""--J.S. Bach | http://members.aol.com/basfawlty | e-mail: basfawlty@aol.com | Cantata 212: ""Mer hahn en neue Oberkeet"" | (Sinfonia)",89,3080,Score,False,False,WARNING,no_bwv,
data/raw/bach_js/bach/988_v25_mid/bach_988_v25_mid_bwv988_988_full.mid,bach_988_v25_mid_bwv988_988_full.mid,.mid,10557,a2977f9dec4462819cf21cea77caf7ba3cd237574d179a322268896b37aadf5e,,,BWV988,,,,B- major,3/4,33.3,3,Solo Harpsichord with 2 Manuals | -------------------------------------- | Johann Sebastian Bach  (1685-1750),64,1392,Score,False,False,OK,,
data/raw/bach_js/bach/988_v19_mid/bach_988_v19_mid_bwv988_988_full.mid,bach_988_v19_mid_bwv988_988_full.mid,.mid,5369,bb81180f5ddd8b1271e5b9094500f6688e204e2104ee8342b0e5c93b888f956d,,,BWV988,,,,G major,3/8,66.7,3,Solo Harpsichord with 2 Manuals | -------------------------------------- | Johann Sebastian Bach  (1685-1750),64,738,Score,False,False,OK,,
data/raw/bach_js/bach/bjs1031b_mid/bach_bjs1031b_mid_unknown_full.mid,bach_bjs1031b_mid_unknown_full.mid,.mid,4419,92d4334aef60d946cc05d4a0af85c84084455ea90aae569b63b1241ddaf52807,,,,,,,C major,6/8,44,3,"Flute Sonata in E Flat, BWV 1031 | by JS Bach  2nd movement - Siciliano | MIDI by by Marty Weimer  3/3/97",33,680,Score,False,False,WARNING,no_bwv,
data/raw/bach_js/bach/bwv668_mid/bach_bwv668_mid_bwv668_full.mid,bach_bwv668_mid_bwv668_full.mid,.mid,11346,5b092965b86f149d9ee8fb9b46bc4c479ac1abd49adea50d9e50196f8d2e5043,,,BWV668,,,,e minor (inferred),4/4,50,7,Accomp 8 | Accomp 4 | Flute 8 | Nazard | Tierce | Ped 8 | Ped 16,53,2850,Score,False,False,WARNING,key_inferred,
data/raw/bach_js/bach/bjs1031c_mid/bach_bjs1031c_mid_unknown_full.mid,bach_bjs1031c_mid_unknown_full.mid,.mid,11260,53f27852db3e19d5850efb2a6298e3de56e5365b5c86cb4e27c745de9158672c,,,,,,,C major,3/8,90,3,Flute Sonata in E Flat BWV 1031 | by JS Bach  3rd movement - Allegro | MIDI by Marty Weimer 3/3/97,142,1712,Score,False,False,WARNING,no_bwv,
data/raw/bach_js/bach/bwv654_mid/bach_bwv654_mid_bwv654_full.mid,bach_bwv654_mid_bwv654_full.mid,.mid,23269,e628dd07f8e83c62761a070e172f731da902aada24405bce6e57285ed8747f8f,,,BWV654,,,,unknown,3/4,50,5,Cantus Firmus | Accomp 8 | Accomp 2 2/3 | Pedal 16 | Pedal 8,129,3599,Score,False,False,WARNING,key_probe_failed:DiscreteAnalysisException,
data/raw/bach_js/bach/jsbwv532_mid/bach_jsbwv532_mid_unknown_full.mid,bach_jsbwv532_mid_unknown_full.mid,.mid,32723,e32325f44137f513dc555d7f46da0f5e40639ba0ca4a3cfc71cb0767890098b1,,,BWV532,,,,C major,4/4,80,3,Organ | -------------------------------------- | Johann Sebastian Bach   (1685-1750),245,4986,Score,False,False,OK,,
data/raw/bach_js/bach/1080c02b_mid/bach_1080c02b_mid_unknown_full.mid,bach_1080c02b_mid_unknown_full.mid,.mid,9424,34efc76f2be8e9d9d9cd07bce0fec8d05e2a44cea5c504f25810cd261e35e9a0,,,,,,,F major,4/4,100,4,String Quartet | -------------------------------------- | Johann Sebastian Bach  (1685-1750) | The Art of Fugue - BWV 1080,84,1258,Score,False,False,WARNING,no_bwv,
data/raw/bach_js/bach/988_v18_mid/bach_988_v18_mid_bwv988_988_full.mid,bach_988_v18_mid_bwv988_988_full.mid,.mid,5396,65fd305ac682632c537f8984a58ad74672a15b1e087cdde3d5b03267c07837bf,,,BWV988,,,,G major,4/4,200,3,Solo Harpsichord with 2 Manuals | -------------------------------------- | Johann Sebastian Bach  (1685-1750),64,698,Score,False,False,OK,,
data/raw/bach_js/bach/cs1_1pre_mid/bach_cs1_1pre_mid_unknown_full.mid,bach_cs1_1pre_mid_unknown_full.mid,.mid,4922,843c5486dab589cc03a585bff12a522bbbb88f3f917a33dd5b760f9e02f3f24b,,,,,,,G major,4/4,80,3,Solo Cello | -------------------------------------- | Johann Sebastian Bach  (1685-1750),42,856,Score,False,False,WARNING,no_bwv,
data/raw/bach_js/bach/988_v24_mid/bach_988_v24_mid_bwv988_988_full.mid,bach_988_v24_mid_bwv988_988_full.mid,.mid,10086,4e894814ad2ed33f5dbc93f1c67e5d00487a5e30a9855f449bbf881e71ee9bbe,,,BWV988,,,,G major,9/8,100,3,Solo Harpsichord with 2 Manuals | -------------------------------------- | Johann Sebastian Bach  (1685-1750),64,1328,Score,False,False,OK,,
data/raw/bach_js/bach/bwv906a_mid/bach_bwv906a_mid_bwv906a_full.mid,bach_bwv906a_mid_bwv906a_full.mid,.mid,17425,e567216afe1e09667923ff5c59c04fa90ea5cb0c4c495ac4b473307995edb13c,,,BWV906A,,,,C major,4/4,65,2,"J.S. Bach: Fantasia, BWV 906 (part 1) | Sequenced by T.L. Hubeart Jr.",81,1082,Score,False,False,OK,,
data/raw/bach_js/bach/vp1_2ald_mid/bach_vp1_2ald_mid_unknown_full.mid,bach_vp1_2ald_mid_unknown_full.mid,.mid,5641,5fc5a4606a1e39fdde77376207fc8d418047823f74fb673e36f03f387f6c119f,,,,,,,D major,4/4,250,1,Solo Violin,49,762,Score,False,False,WARNING,no_bwv,
data/raw/bach_js/bach/bwv651_mid/bach_bwv651_mid_bwv651_full.mid,bach_bwv651_mid_bwv651_full.mid,.mid,77766,709cbd3e8404d4260b4e3224894e672d715c5a0121a271e4b4733a290d2332cb,,,BWV651,,,,F major (inferred),4/4,40,10,Man 8 | Man 4 | Man 2 | Man 2 2/3 | Ped 4 | Ped 8 | Ped 16 | Ped 32 | Trumpet | Trumpet 4,106,8287,Score,False,False,WARNING,key_inferred,
data/raw/bach_js/bach/jsbwv533_mid/bach_jsbwv533_mid_unknown_full.mid,bach_jsbwv533_mid_unknown_full.mid,.mid,9998,df136f63f753c6da229d6ff4a6a51ac5ab90633810eee758ef146fcdef398a03,,,BWV533,,,,C major,4/4,66,3,Organ | -------------------------------------- | Johann Sebastian Bach   (1685-1750),69,1135,Score,False,False,OK,,
data/raw/bach_js/bach/988_v30_mid/bach_988_v30_mid_bwv988_988_full.mid,bach_988_v30_mid_bwv988_988_full.mid,.mid,6635,3c3e3fba704fea40b33063f4716455d7992394997b1ed0a3616d8f31273561ed,,,BWV988,,,,G major,1/8,100,4,Solo Harpsichord with 2 Manuals | -------------------------------------- | Johann Sebastian Bach  (1685-1750) | The Goldberg Variations - BWV 988,33,816,Score,False,False,OK,,
data/raw/bach_js/bach/vs2_2fug_mid/bach_vs2_2fug_mid_unknown_full.mid,bach_vs2_2fug_mid_unknown_full.mid,.mid,17224,c9e67d018e749ab297791308e1e95ae9c162b63ab5642082fe4e139b0176c081,,,,,,,C major,2/4,80,4,Solo Violin | -------------------------------------- | Johann Sebastian Bach  (1685-1750) | Six Sonatas and Partitas for Solo Violin,289,3373,Score,False,False,WARNING,no_bwv,
data/raw/bach_js/bach/1080_c01_mid/bach_1080_c01_mid_unknown_full.mid,bach_1080_c01_mid_unknown_full.mid,.mid,6952,54aa9568462e3ae265ff8c5999ad3bfe40eec9adca43a628caf9d093366ccd7d,,,,,,,F major,4/4,115,4,String Quartet | -------------------------------------- | Johann Sebastian Bach  (1685-1750) | The Art of Fugue - BWV 1080,78,1062,Score,False,False,WARNING,no_bwv,
data/raw/bach_js/bach/bwv655_mid/bach_bwv655_mid_bwv655_full.mid,bach_bwv655_mid_bwv655_full.mid,.mid,25818,068731e45fa02d5607bcebb893a96f6fe7903a94a01508bf21bb432d3475b0ef,,,BWV655,,,,G major,4/4,91,6,RH 8 | RH 2 | LH 8 | LH 4 | Pedal 8 | Pedal 16,73,4823,Score,False,False,OK,,
data/raw/bach_js/bach/vs3_2fug_mid/bach_vs3_2fug_mid_unknown_full.mid,bach_vs3_2fug_mid_unknown_full.mid,.mid,22714,314d3e62d35ca9ea2e9a51d58b2c56d78875cfa12c6096cfa3a1b9ffd3b9a044,,,,,,,C major,4/4,140,4,Solo Violin | -------------------------------------- | Johann Sebastian Bach  (1685-1750) | Six Sonatas and Partitas for Solo Violin,355,4087,Score,False,False,WARNING,no_bwv,
data/raw/bach_js/bach/bwv537_mid/bach_bwv537_mid_bwv537_full.mid,bach_bwv537_mid_bwv537_full.mid,.mid,26263,4a8528fc1d4872f8ef97a88c64a86e21092eed1ec2ff241f2705afe28797d1ca,,,BWV537,,,,E- major,6/4,120,3,Right Hand | Left Hand | Pedal --- made by LordBlaa@aol.com,179,3882,Score,False,False,OK,,
data/raw/bach_js/bach/988_v26_mid/bach_988_v26_mid_bwv988_988_full.mid,bach_988_v26_mid_bwv988_988_full.mid,.mid,11907,080981daabaa2e411b98e9d3d527d27490443376af35304f1c13ab55dceba311,,,BWV988,,,,G major,3/4,100,3,Solo Harpsichord with 2 Manuals | -------------------------------------- | Johann Sebastian Bach  (1685-1750),96,777,Score,False,False,OK,,
data/raw/bach_js/bach/bwv982js_mid/bach_bwv982js_mid_bwv982j_full.mid,bach_bwv982js_mid_bwv982j_full.mid,.mid,32811,506a81268b62142b4aef6df605d2136297e6585d472a3775f6cfd77595b07788,,,BWV982J,,,,C major,3/4,96,4,Manual 1 RH | Manual 1 LH | Manual 2 RH | Manual 2 LH,272,4049,Score,False,False,OK,,
data/raw/bach_js/bach/bwv657_mid/bach_bwv657_mid_bwv657_full.mid,bach_bwv657_mid_bwv657_full.mid,.mid,24031,d52553ee5bd16912e8a0c3152c0508c1e1ac02cfd1f1c04002a3a9aad755ddce,,,BWV657,,,,d minor (inferred),4/4,70,6,Cantus Firmus | Man 8 | Man 4 | Pedal 16 | Pedal 8 | Pedal 4,72,4349,Score,False,False,WARNING,key_inferred,
data/raw/bach_js/bach/997_3sar_mid/bach_997_3sar_mid_unknown_full.mid,bach_997_3sar_mid_unknown_full.mid,.mid,7248,4aea4848925548c9c2240615882f4bff76863d8419d2f5890357139cc74b278d,,,,,,,E- major,3/4,50,5,Solo Lute or Keyboard | -------------------------------------- | Johann Sebastian Bach  (1685-1750) | Partita in C minor - BWV 997 | for Lute or Keyboard,64,1133,Score,False,False,WARNING,no_bwv,
data/raw/bach_js/bach/bwv906b_mid/bach_bwv906b_mid_bwv906b_full.mid,bach_bwv906b_mid_bwv906b_full.mid,.mid,7674,36369963fb83431557abfb2c599685aab2bebf93a9ccb8e8710ce793145f9d35,,,BWV906B,,,,C major,4/4,100,2,"J.S. Bach: Fugue, BWV 906 (part 2) | Completed & sequenced by T.L. Hubeart Jr.",63,1194,Score,False,False,OK,,
data/raw/bach_js/bach/bjs1031a_mid/bach_bjs1031a_mid_unknown_full.mid,bach_bjs1031a_mid_unknown_full.mid,.mid,12576,a8f946228a5483184d93d6ef5adee1f033557e4d61ecaf582c783a851321aed6,,,,,,,C major,4/4,80,3,"Flute Sonata in E Flat, BWV 1031 | by J.S. Bach 1st movement - Allegro moderato | MIDI by Marty Weimer  3/3/97",71,2011,Score,False,False,WARNING,no_bwv,
data/raw/bach_js/bach/bwv1029_mid/bach_bwv1029_mid_bwv1029_full.mid,bach_bwv1029_mid_bwv1029_full.mid,.mid,49892,32ea058ab5178145cfbdb40cae6db51f82756121ad6261bd54f6d9e4fa968242,,,BWV1029,,,,B- major,1/4,90,3,viola | clave h | clave l,285,7030,Score,False,False,OK,,
data/raw/bach_js/bach/988_v27_mid/bach_988_v27_mid_bwv988_988_full.mid,bach_988_v27_mid_bwv988_988_full.mid,.mid,7711,18fcaf161c185c22519c44a3cd924363accf32c6eef54c92417d832db0ce3853,,,BWV988,,,,G major,6/8,100,2,Solo Harpsichord with 2 Manuals | --------------------------------------,96,1102,Score,False,False,OK,,
data/raw/bach_js/bach/bwv971a_mid/bach_bwv971a_mid_bwv971a_full.mid,bach_bwv971a_mid_bwv971a_full.mid,.mid,21695,5a1cd327898f56d4bd7e29732de74ec14dc636bd511f741bc8233b6efa28f767,,,BWV971A,,,,F major,2/4,110,4,Manual 1 RH | Manual 1 LH | Manual 2 RH | Manual 2 LH,193,2711,Score,False,False,OK,,
data/raw/bach_js/bach/bwv1000_mid/bach_bwv1000_mid_bwv1000_full.mid,bach_bwv1000_mid_bwv1000_full.mid,.mid,11205,63b2fa3420d008a2612791f888166e970602be935a0cc8704463fa516c2aa96f,,,BWV1000,,,,B- major,4/4,106,4,Solo Lute | -------------------------------------- | Johann Sebastian Bach   (1685-1750) | Fugue in G minor - BWV 1000,96,1970,Score,False,False,OK,,
data/raw/bach_js/bach/cs5_2all_mid/bach_cs5_2all_mid_unknown_full.mid,bach_cs5_2all_mid_unknown_full.mid,.mid,6091,f44fd249d725950449b5a8bba0808b93027bd05d6efbf1ad1b5d3614bb78b03c,,,,,,,E- major,4/4,250,2,Solo Cello | --------------------------------------,72,738,Score,False,False,WARNING,no_bwv,
data/raw/bach_js/bach/vp3_3gav_mid/bach_vp3_3gav_mid_unknown_full.mid,bach_vp3_3gav_mid_unknown_full.mid,.mid,7022,1d76b712b1f2954f4a84724e082a81b3c4c0ee42b9f2f5cb913ae68d81dc1f7d,,,,,,,E major,4/4,150,4,Solo Violin | -------------------------------------- | Johann Sebastian Bach  (1685-1750) | Six Sonatas and Partitas for Solo Violin,109,1155,Score,False,False,WARNING,no_bwv,
data/raw/bach_js/bach/vs3_3lar_mid/bach_vs3_3lar_mid_unknown_full.mid,bach_vs3_3lar_mid_unknown_full.mid,.mid,3942,fbf3f151bd5c4b106a4371aca9083a2c607255fd4a82dfe1fd1b7c6fdc3aeb0a,,,,,,,F major,4/4,34,4,Solo Violin | -------------------------------------- | Johann Sebastian Bach  (1685-1750) | Six Sonatas and Partitas for Solo Violin,21,457,Score,False,False,WARNING,no_bwv,
data/raw/bach_js/bach/cs4_2all_mid/bach_cs4_2all_mid_unknown_full.mid,bach_cs4_2all_mid_unknown_full.mid,.mid,7718,1641600be3354d2b3b59c29295434e53185be46725641c2a4374858a7a3f100a,,,,,,,E- major,4/4,250,4,Solo Cello | -------------------------------------- | Johann Sebastian Bach  (1685-1750) | Six Suites for Solo Cello,81,1335,Score,False,False,WARNING,no_bwv,
data/raw/bach_js/bach/bwv0248f_mid/bach_bwv0248f_mid_bwv0248f_full.mid,bach_bwv0248f_mid_bwv0248f_full.mid,.mid,135717,e467626ed1578d0e0f553d478ea17dae2f4a33ee9b0c751014743a936fbd625f,,,BWV0248F,,,,D major,3/8,80,18,Tromba I | Tromba II | Tromba III | Timpani | Oboe I | Oboe II | Violino I | Violino II | Viola | Evangelist | Herodes | Soprano | Alto | Tenore | Basso | Clave H | Clave L | Continuo,673,31871,Score,False,False,OK,,
data/raw/bach_js/bach/bwv1073_mid/bach_bwv1073_mid_bwv1073_full.mid,bach_bwv1073_mid_bwv1073_full.mid,.mid,5294,2ea09e32bfdd2282bf2c3733a6357a79f2bb43667f8922b4c3b41e95e92bbd49,,,BWV1073,,,,C major,4/4,100,4,Violin | Viola | -------------------------------------- | Johann Sebastian Bach  (1685-1750),29,735,Score,False,False,OK,,
data/raw/bach_js/bach/bwv808f_mid/bach_bwv808f_mid_bwv808f_full.mid,bach_bwv808f_mid_bwv808f_full.mid,.mid,6958,106754629f6b8d584923cc02cf5e990ea717d5e91a01c48230e3189ab526a3f4,,,BWV808F,,,,g minor (inferred),1/2,200,2,"English Suite 3, 5a Gavotte 1 | J.S. Bach, Edition Wood",72,1056,Score,False,False,WARNING,key_inferred,
data/raw/bach_js/bach/bwv809b_mid/bach_bwv809b_mid_bwv809b_full.mid,bach_bwv809b_mid_bwv809b_full.mid,.mid,13294,f6540fb9c845a9eb5850fcdaf827682ea64c05db63a364304018e2ea9c9178c2,,,BWV809B,,,,F major (inferred),1/16,75,2,"English Suite 4 2. Allemande | J.S. Bach, Edition Kalmus",52,990,Score,False,False,WARNING,key_inferred,
data/raw/bach_js/bach/bwv0248a_mid/bach_bwv0248a_mid_bwv0248a_full.mid,bach_bwv0248a_mid_bwv0248a_full.mid,.mid,203491,9e0f8e7e486c95e2e93bd2eca23071e6a91d32b794ad81e64ac1677ba18ccc80,,,BWV0248A,,,,D major,3/8,65,20,Tromba I | Tromba II | Tromba III | Timpani | Flauto I | Flauto II | Oboe I | Oboe II | Violino I | Violino II | Viola | Evangelist | Soprano Solo/Coro | Alto Solo/Coro | Tenore Solo/Coro | Basso Solo/Coro | Organo H | Organo L | Fagotto | Continuo,902,40872,Score,False,False,OK,,
data/raw/bach_js/bach/vs3_1ada_mid/bach_vs3_1ada_mid_unknown_full.mid,bach_vs3_1ada_mid_unknown_full.mid,.mid,4809,cd6e9efb4db89fe40fa1599b896e04ab005660ffd92fff9ee06a6605981e5f38,,,,,,,C major,3/4,45,4,Solo Violin | -------------------------------------- | Johann Sebastian Bach  (1685-1750) | Six Sonatas and Partitas for Solo Violin,47,616,Score,False,False,WARNING,no_bwv,
data/raw/bach_js/bach/bwv802_mid/bach_bwv802_mid_bwv802_full.mid,bach_bwv802_mid_bwv802_full.mid,.mid,6401,ddeda1ef6dbeae7c033275f0bdf442188fcb3d3a7f37eeb46ea9bd83dab92535,,,BWV802,,,,G major,3/8,55,2,R.H. | L.H.,73,554,Score,False,False,OK,,
data/raw/bach_js/bach/cs6_1pre_mid/bach_cs6_1pre_mid_unknown_full.mid,bach_cs6_1pre_mid_unknown_full.mid,.mid,10451,5923b44961a1d03e63b6644fd61332da8e7f53e871fe48eded95eb7ca0ce2c73,,,,,,,D major,12/8,130,3,Solo Cello | -------------------------------------- | Johann Sebastian Bach  (1685-1750),104,1761,Score,False,False,WARNING,no_bwv,
data/raw/bach_js/bach/988_aria_mid/bach_988_aria_mid_bwv988_988_full.mid,bach_988_aria_mid_bwv988_988_full.mid,.mid,7884,7eff1933588af996ac5db6a1bf535505ad5608005c5956740216d06985134ff4,,,BWV988,,,,G major,3/4,50,4,Solo Harpsichord with 2 Manuals | -------------------------------------- | Johann Sebastian Bach  (1685-1750) | The Goldberg Variations - BWV 988,64,980,Score,False,False,OK,,
data/raw/bach_js/bach/vp3_4min_mid/bach_vp3_4min_mid_unknown_full.mid,bach_vp3_4min_mid_unknown_full.mid,.mid,6665,5d0513b35a436546a12d44cbfa66eafdb8de6f1bbd416c5ecc5c21fc0678d2a8,,,,,,,E major,3/4,110,4,Solo Violin | -------------------------------------- | Johann Sebastian Bach  (1685-1750) | Six Sonatas and Partitas for Solo Violin,130,1055,Score,False,False,WARNING,no_bwv,
data/raw/bach_js/bach/jsbwv543_mid/bach_jsbwv543_mid_unknown_full.mid,bach_jsbwv543_mid_unknown_full.mid,.mid,27383,4a444bd29577203569f4faf8aa6f95168ac4171e3878595526a3d5cac9acfaf6,,,BWV543,,,,C major,4/4,63,3,Organ | -------------------------------------- | Johann Sebastian Bach   (1685-1750),205,3614,Score,False,False,OK,,
data/raw/bach_js/bach/bwv803_mid/bach_bwv803_mid_bwv803_full.mid,bach_bwv803_mid_bwv803_full.mid,.mid,9659,0264a80afd4f877a22b166502f561ffbd57a3a9322e283938255e4657fb4880b,,,BWV803,,,,F major,2/4,110,2,R.H. | L.H.,149,1723,Score,False,False,OK,,
data/raw/bach_js/bach/bwv808g_mid/bach_bwv808g_mid_bwv808g_full.mid,bach_bwv808g_mid_bwv808g_full.mid,.mid,2962,a8856f2a7ac1a0d099aecbeb199171eea45470e1d131f383d690c1564fd9826d,,,BWV808G,,,,G major (inferred),1/2,200,2,"English Suite 3, 5b Gavotte 2 | J.S. Bach, Edition Wood",36,406,Score,False,False,WARNING,key_inferred,
data/raw/bach_js/bach/bwv809c_mid/bach_bwv809c_mid_bwv809c_full.mid,bach_bwv809c_mid_bwv809c_full.mid,.mid,6905,7073096f393ca53d32c8155e1e5f8b8bd23366ba363d250f002e052982f268af,,,BWV809C,,,,d minor (inferred),1/8,160,2,"English Suite 4, 3. Courante | J.S. Bach, Edition Kalmus",44,968,Score,False,False,WARNING,key_inferred,
data/raw/bach_js/bach/fp_1all_mid/bach_fp_1all_mid_unknown_full.mid,bach_fp_1all_mid_unknown_full.mid,.mid,7164,5875662c3bf9d6ec5308455ebe3c98249e6d9c2fb549e6f4aeaffd8c244d1193,,,,,,,C major,4/4,100,1,Solo Flute,65,1020,Score,False,False,WARNING,no_bwv,
data/raw/bach_js/bach/bwv1074i_mid/bach_bwv1074i_mid_bwv1074i_full.mid,bach_bwv1074i_mid_bwv1074i_full.mid,.mid,1724,f123c52c002894a538788ec9c88cdd2f7357c8fc4e574964382314312c206aa9,,,BWV1074I,,,,A- major,4/4,100,4,Violin | Viola | -------------------------------------- | Johann Sebastian Bach  (1685-1750),17,130,Score,False,False,OK,,
data/raw/bach_js/bach/bwv1072_mid/bach_bwv1072_mid_bwv1072_full.mid,bach_bwv1072_mid_bwv1072_full.mid,.mid,2191,c5368e8a7fb7eb689d0692c8db0acd60da8592aa69c3b8602160c2d2aea296d3,,,BWV1072,,,,C major,4/4,100,8,"Violin | Violin | -------------------------------------- | Johann Sebastian Bach  (1685-1750) | Canon trias harmonica a 8, in contrary motion | BWV 1072 | -------------------------------------- | Sequenced with Cakewalk Pro Audio by",7,208,Score,False,False,OK,,
data/raw/bach_js/bach/bwv811h_mid/bach_bwv811h_mid_bwv811h_full.mid,bach_bwv811h_mid_bwv811h_full.mid,.mid,23075,d5813e268726086fa81b5f51f221bad75da54a257afe07832879a6eaaea66270,,,BWV811H,,,,d minor (inferred),12/16,90,2,"English Suite 6, 7. Gigue | J.S. Bach, Edition Kalmus",112,2134,Score,False,False,WARNING,key_inferred,
data/raw/bach_js/bach/vp1_8tbd_mid/bach_vp1_8tbd_mid_unknown_full.mid,bach_vp1_8tbd_mid_unknown_full.mid,.mid,8898,d111e6c53dadb82456701cc51e883dd5665aec8b35878552964f7b42ae4f6bca,,,,,,,D major,4/4,250,3,Solo Violin | -------------------------------------- | Johann Sebastian Bach  (1685-1750),137,1410,Score,False,False,WARNING,no_bwv,
data/raw/bach_js/bach/bwv1028_mid/bach_bwv1028_mid_bwv1028_full.mid,bach_bwv1028_mid_bwv1028_full.mid,.mid,63125,878c85c87222ed68840e9bf7a05a506ab96ed89814fcbf8fe51138ae3519ebdf,,,BWV1028,,,,D major,3/4,50,4,Viola da gamba | Clave H | Clave L | Violoncello,341,9403,Score,False,False,OK,,
data/raw/bach_js/bach/vp2_4gig_mid/bach_vp2_4gig_mid_unknown_full.mid,bach_vp2_4gig_mid_unknown_full.mid,.mid,11981,b76db297d195bd11de212f821c21773f13eadc6b0585731b52521a0a62eae154,,,,,,,F major,12/8,250,1,Solo Violin,81,1820,Score,False,False,WARNING,no_bwv,
data/raw/bach_js/bach/bwv656_mid/bach_bwv656_mid_bwv656_full.mid,bach_bwv656_mid_bwv656_full.mid,.mid,32100,0e17d6fd7e764aa5ab2358129ad8c43dd4c1832e34961481698c040ce0056964,,,BWV656,,,,A major (inferred),3/2,129,8,Man 8 | Man 4 | Man 2 | Ped 8 | Ped 16 | Ped 16 Reed | Ped 32 | Trumpet 8,153,6966,Score,False,False,WARNING,key_inferred,
data/raw/bach_js/bach/bwv808e_mid/bach_bwv808e_mid_bwv808e_full.mid,bach_bwv808e_mid_bwv808e_full.mid,.mid,7448,add3e16df8aad9f1026a053a08d6cc7ca622310b877da0180b92a55ca9c2637e,,,BWV808E,,,,F major (inferred),3/4,66,2,"English Suite 3, 4b. Saraband B | J.S. Bach, Edition Wood",48,627,Score,False,False,WARNING,key_inferred,
data/raw/bach_js/bach/vp2_2cou_mid/bach_vp2_2cou_mid_unknown_full.mid,bach_vp2_2cou_mid_unknown_full.mid,.mid,7013,ea46a5de7d9fd3e70b06123adcfa8386ff17500979232a4bd008885a9d154765,,,,,,,F major,3/4,240,3,Solo Violin | -------------------------------------- | Johann Sebastian Bach  (1685-1750),109,1083,Score,False,False,WARNING,no_bwv,
data/raw/bach_js/bach/bwv784_mid/bach_bwv784_mid_bwv784_full.mid,bach_bwv784_mid_bwv784_full.mid,.mid,4424,33bdae73a8f3c987145cedb6e3ff2b2bdd3a2484cb6257a503e209d7aaffbfc4,,,BWV784,,,,C major,4/4,110,2,Solo Keyboard | --------------------------------------,25,592,Score,False,False,OK,,
data/raw/bach_js/bach/bwv801_mid/bach_bwv801_mid_bwv801_full.mid,bach_bwv801_mid_bwv801_full.mid,.mid,5185,7cb60713a04b0f2a3c695b218cdbe4570058596f8e83ac34f330a00c39238965,,,BWV801,,,,D major,9/16,80,3,Solo Keyboard | -------------------------------------- | Johann Sebastian Bach  (1685-1750),38,457,Score,False,False,OK,,
data/raw/bach_js/bach/cs2_2all_mid/bach_cs2_2all_mid_unknown_full.mid,bach_cs2_2all_mid_unknown_full.mid,.mid,5765,0d6d1cefa9f71ffa0e426cf39bbe04f46dc86976cc0d91d4c2178b003a1a793d,,,,,,,F major,4/4,250,4,Solo Cello | -------------------------------------- | Johann Sebastian Bach  (1685-1750) | Six Suites for Solo Cello,49,895,Score,False,False,WARNING,no_bwv,
data/raw/bach_js/bach/bwv808d_mid/bach_bwv808d_mid_bwv808d_full.mid,bach_bwv808d_mid_bwv808d_full.mid,.mid,4544,c1c2b23306c3f0ec4cac86a86e16f7f4836dda98daa72733f14e852e087a50c8,,,BWV808D,,,,F major (inferred),3/4,66,2,"English Suite 3, 4a. Saraband A | J.S. Bach, Edition Wood",48,558,Score,False,False,WARNING,key_inferred,
data/raw/bach_js/bach/bwv809a_mid/bach_bwv809a_mid_bwv809a_full.mid,bach_bwv809a_mid_bwv809a_full.mid,.mid,23868,d5285e48f36abb86d6eb4d4214e3d4953a0278bdf3b09b7697ba4a50d94f45f5,,,BWV809A,,,,F major (inferred),4/4,108,2,"English Suite 4, 1. Prelude | J.S. Bach, Edition Kalmus",108,2614,Score,False,False,WARNING,key_inferred,
data/raw/bach_js/bach/bwv807h_mid/bach_bwv807h_mid_bwv807h_full.mid,bach_bwv807h_mid_bwv807h_full.mid,.mid,9841,89362771e06ead16ebe9b03e96eefc1da9e33c6a85ed284d4a749a65bbe5c416,,,BWV807H,,,,C major,1/8,212,2,"English Suite 2, 7. Gigue | J.S. Bach, Edition Wood",149,1607,Score,False,False,OK,,
data/raw/bach_js/bach/cs3_2all_mid/bach_cs3_2all_mid_unknown_full.mid,bach_cs3_2all_mid_unknown_full.mid,.mid,7097,bbbcb8a12d24a6f04c4393525f02055fb5c61f8666df9900cb10eb8917bda6f5,,,,,,,C major,4/4,250,4,Solo Cello | -------------------------------------- | Johann Sebastian Bach  (1685-1750) | Six Suites for Solo Cello,49,775,Score,False,False,WARNING,no_bwv,
data/raw/bach_js/bach/bwv630sc_mid/bach_bwv630sc_mid_bwv630s_full.mid,bach_bwv630sc_mid_bwv630s_full.mid,.mid,6742,548f8b1d1ae04308e64ce7e87e9d0cdca5a774dbc9504775d6d8488733e739c9,,,BWV630S,,,,C major,4/4,75,3,Grand'Organo | Recitativo | Pedale,42,658,Score,False,False,OK,,
data/raw/bach_js/bach/997_5dou_mid/bach_997_5dou_mid_unknown_full.mid,bach_997_5dou_mid_unknown_full.mid,.mid,9419,0eebb15fa3321819e8fd8f3f4202419b2b54cc1fd269d2b1629c6da563eac54a,,,,,,,E- major,6/8,250,2,Solo Lute or Keyboard | --------------------------------------,97,1508,Score,False,False,WARNING,no_bwv,
data/raw/bach_js/bach/bwv539_1_mid/bach_bwv539_1_mid_bwv539_full.mid,bach_bwv539_1_mid_bwv539_full.mid,.mid,5718,28fd65ddc252c9c81a6b3ae226d0eeb81b73a89206de64f032787b95310e2321,,,BWV539,,,,F major,4/4,92.6,4,soprano | alto | tenor | bass,43,755,Score,False,True,OK,,
data/raw/bach_js/bach/bwv1075_mid/bach_bwv1075_mid_bwv1075_full.mid,bach_bwv1075_mid_bwv1075_full.mid,.mid,1599,76fec227ceae6fdd24a5635a9be744ed699ba2065c2e1f3c9a7639457eb48f41,,,BWV1075,,,,C major,3/2,200,2,Flute | Flute,11,108,Score,False,False,OK,,
data/raw/bach_js/bach/997_2fug_mid/bach_997_2fug_mid_unknown_full.mid,bach_997_2fug_mid_unknown_full.mid,.mid,14831,fcae13110a7383b8dd7796693b1430ba2c25ad1945fa2896049e5a34680c2f7f,,,,,,,E- major,6/8,100,4,Solo Lute or Keyboard | -------------------------------------- | Johann Sebastian Bach  (1685-1750) | Partita in C minor - BWV 997,157,2415,Score,False,False,WARNING,no_bwv,
data/raw/bach_js/bach/bwv809d_mid/bach_bwv809d_mid_bwv809d_full.mid,bach_bwv809d_mid_bwv809d_full.mid,.mid,6115,96ec03e1f57fd6375f63e7adb861e1ed0c6e27994d0593d4e54060c4f19ba7e1,,,BWV809D,,,,d minor (inferred),3/4,65,2,"English Suite 4, 4. Saraband | J.S. Bach, Edition Kalmus",48,436,Score,False,False,WARNING,key_inferred,
data/raw/bach_js/bach/vp3_6gig_mid/bach_vp3_6gig_mid_unknown_full.mid,bach_vp3_6gig_mid_unknown_full.mid,.mid,5090,dd74293fe7f403caab373fae0809407ff5933bae0fa62573b6ed81e5f00b3d7a,,,,,,,E major,6/8,250,1,Solo Violin,65,668,Score,False,False,WARNING,no_bwv,
data/raw/bach_js/bach/bwv804_mid/bach_bwv804_mid_bwv804_full.mid,bach_bwv804_mid_bwv804_full.mid,.mid,8739,9cb11fc6bffe88f92106796b6ab66ae7f619729a0eaf7fdd280412243a9b9321,,,BWV804,,,,G major,12/8,100,2,R.H. | L.H.,39,1575,Score,False,False,OK,,
data/raw/bach_js/bach/pfa_3alg_mid/bach_pfa_3alg_mid_unknown_full.mid,bach_pfa_3alg_mid_unknown_full.mid,.mid,10533,0397132407fb4a414fec0355bb4204f02cd535b99a2d1cf7f3f92b49559a45df,,,,,,,E- major,3/8,100,4,"Solo Lute | -------------------------------------- | Johann Sebastian Bach  (1685-1750) | Prelude, Fugue, and Allegro in Eb major",192,1993,Score,False,False,WARNING,no_bwv,
data/raw/bach_js/bach/vs1_3sic_mid/bach_vs1_3sic_mid_unknown_full.mid,bach_vs1_3sic_mid_unknown_full.mid,.mid,4701,e247320fbf389bbcf2b0110d224b7904a7bd70233a8c04a4b561e7198e57f494,,,,,,,F major,12/8,40,4,Solo Violin | -------------------------------------- | Johann Sebastian Bach  (1685-1750) | Six Sonatas and Partitas for Solo Violin,20,620,Score,False,False,WARNING,no_bwv,
data/raw/bach_js/bach/jsbwv541_mid/bach_jsbwv541_mid_unknown_full.mid,bach_jsbwv541_mid_unknown_full.mid,.mid,26176,b22b924f9e81a29032efe20fc3936a60990a1e151d29103c54b5aa177fe8b9b4,,,BWV541,,,,C major,3/4,83,3,Organ | -------------------------------------- | Johann Sebastian Bach   (1685-1750),165,3859,Score,False,False,OK,,
data/raw/bach_js/bach/cs2_6gig_mid/bach_cs2_6gig_mid_unknown_full.mid,bach_cs2_6gig_mid_unknown_full.mid,.mid,6183,594cb91352387173e92b9ea2c3c3b2520987cd0ca9a4ac0ed37e33715b95ca0d,,,,,,,F major,3/8,250,3,Solo Cello | -------------------------------------- | Johann Sebastian Bach  (1685-1750),152,1101,Score,False,False,WARNING,no_bwv,
data/raw/bach_js/bach/bwv805_mid/bach_bwv805_mid_bwv805_full.mid,bach_bwv805_mid_bwv805_full.mid,.mid,7817,53540f90e96b597488e3a85e422fe33ac209202d62da28b892201e32973c2875,,,BWV805,,,,C major,2/2,170,2,R.H. | L.H.,108,1507,Score,False,False,OK,,
data/raw/bach_js/bach/bwv809e_mid/bach_bwv809e_mid_bwv809e_full.mid,bach_bwv809e_mid_bwv809e_full.mid,.mid,5357,ae55f6c512355aaa548421ad294fe0ad7323b255d1e84587d1019b9306eb8471,,,BWV809E,,,,g minor (inferred),3/4,132,2,"English Suite 4, 5. Minuet 1 | J.S. Bach, Edition Kalmus",64,762,Score,False,False,WARNING,key_inferred,
data/raw/bach_js/bach/cs3_6gig_mid/bach_cs3_6gig_mid_unknown_full.mid,bach_cs3_6gig_mid_unknown_full.mid,.mid,7850,f691650f5c34603c871cb180ea8376afa3d095be4ee4ecf7196cece994cacaee,,,,,,,C major,3/8,250,4,Solo Cello | -------------------------------------- | Johann Sebastian Bach  (1685-1750) | Six Suites for Solo Cello,217,1894,Score,False,False,WARNING,no_bwv,
data/raw/bach_js/bach/bwv0205_mid/bach_bwv0205_mid_bwv0205_full.mid,bach_bwv0205_mid_bwv0205_full.mid,.mid,312207,203bab18de1f5fd0a9645a4164a0fcbdcb0be7a3018eefc00ff4f5641cca94dd,,,BWV0205,,,,D major,3/4,90,27,tromp i | tromp ii | tromp iii | timbal | corno i | corno ii | flauta i | flauta ii | oboe i | oboe ii | Violino Solo | Viola D'amore | Viola da gamba | violin i | violin ii | viola | Pallas | Pomona | Zephyrus | Aeolus | sopr | alto | tenor | bajo | cello | Continuo H | Continuo L,1061,68840,Score,False,False,OK,,
data/raw/bach_js/bach/bwv1074_mid/bach_bwv1074_mid_bwv1074_full.mid,bach_bwv1074_mid_bwv1074_full.mid,.mid,1704,d46e865d30f0bae5b09a0eb18c5047482564447f9c72d8de1827ce1049e9e0cd,,,BWV1074,,,,C major,4/4,100,4,Violin | Viola | -------------------------------------- | Johann Sebastian Bach  (1685-1750),17,131,Score,False,False,OK,,
data/raw/bach_js/bach/bwv806j_mid/bach_bwv806j_mid_bwv806j_full.mid,bach_bwv806j_mid_bwv806j_full.mid,.mid,12176,86de781eaecca147a9843d60b5d1fb8eb5b3f8a9e07acc3656daa89e0bf2e662,,,BWV806J,,,,C major,1/8,99,2,"English Suite 1, 10. Gigout | J.S. Bach, Edition Wood",84,1454,Score,False,False,OK,,
data/raw/bach_js/bach/bwv1041a_mid/bach_bwv1041a_mid_bwv1041a_full.mid,bach_bwv1041a_mid_bwv1041a_full.mid,.mid,30519,99a46c974914c991a0bbc48fdce5ae1ce1413dd1a64a7da651b38bf35e7e4831,,,BWV1041A,,,,C major,2/4,93,7,Solo Violin | Violin 1 | Violin 2 | Viola | Cello | Violone | Harpsichord,172,4953,Score,False,False,OK,,
data/raw/bach_js/bach/bwv808a_mid/bach_bwv808a_mid_bwv808a_full.mid,bach_bwv808a_mid_bwv808a_full.mid,.mid,19029,bc421881f7d7d5781f9e8545f3117ca4166fd12d570f370ef2240f973dd2c6f4,,,BWV808A,,,,g minor (inferred),3/8,98,2,"English Suite 3, 1. Prelude | J.S. Bach, Edition Wood",213,1919,Score,False,False,WARNING,key_inferred,
data/raw/bach_js/bach/bwv1076_mid/bach_bwv1076_mid_bwv1076_full.mid,bach_bwv1076_mid_bwv1076_full.mid,.mid,2680,c402b2de197f4ab24a353078de621e654d47f55199a54738bf4b268a527fbdae,,,BWV1076,,,,G major,4/4,100,6,Violin | Violin | -------------------------------------- | Johann Sebastian Bach  (1685-1750) | Canon triplex a 6 voc. | BWV 1076,11,193,Score,False,False,OK,,
data/raw/bach_js/bach/bwv806h_mid/bach_bwv806h_mid_bwv806h_full.mid,bach_bwv806h_mid_bwv806h_full.mid,.mid,7679,01c0d9405a1fd56c85633974311582cdb2a21f9bd819565a967129c667d7b16f,,,BWV806H,,,,C major,1/4,200,2,"English Suite 1, 8. Bourree 1 | J.S. Bach, Edition Wood",99,1370,Score,False,False,OK,,
data/raw/bach_js/bach/bwv582_mid/bach_bwv582_mid_bwv582_full.mid,bach_bwv582_mid_bwv582_full.mid,.mid,36529,998389496c2fa8b469ee3c1dc65075ffaa825e76aabac89b076d5c5458234c9b,,,BWV582,,,,C major,1/4,72,4,Passacaglia and Fugue in C-Minor | BWV 582 | J.Bach arr. Gary Bricault | Arr. Copyright 1998 G. Bricault,293,6182,Score,False,False,OK,,
data/raw/bach_js/bach/bwv809g_mid/bach_bwv809g_mid_bwv809g_full.mid,bach_bwv809g_mid_bwv809g_full.mid,.mid,17740,527b3a94ec74732969435c347dfad1d73e41c40f0db48d682033f126fb1d02cd,,,BWV809G,,,,F major (inferred),1/8,210,2,"English Suite 4, 7. Gigue | J.S. Bach, Edition Peters",108,2206,Score,False,False,WARNING,key_inferred,
data/raw/bach_js/bach/bwv539_2_mid/bach_bwv539_2_mid_bwv539_full.mid,bach_bwv539_2_mid_bwv539_full.mid,.mid,19892,eb4fce15ad626a5d773be5a886bd45b01cc37cb0f148609c4a9f318e54581bb5,,,BWV539,,,,F major,4/4,90,7,soprano | soprano 2 | alto | alto 2 | tenor | bass | pedal,96,4913,Score,False,False,OK,,
data/raw/bach_js/bach/cs1_3cou_mid/bach_cs1_3cou_mid_unknown_full.mid,bach_cs1_3cou_mid_unknown_full.mid,.mid,6159,7845bbba52e07fb0a3bb8d1a43632218fa0830b3e693f60cd64ce90f6f5b0211,,,,,,,G major,3/4,250,2,Solo Cello | --------------------------------------,85,907,Score,False,False,WARNING,no_bwv,
data/raw/bach_js/bach/bwv808c_mid/bach_bwv808c_mid_bwv808c_full.mid,bach_bwv808c_mid_bwv808c_full.mid,.mid,10921,a52666a94b28319870fbb524bbbea1a067571c64569740f7e6fb60f5daf76ada,,,BWV808C,,,,g minor (inferred),1/8,160,2,"English Suite 3, 3. Courante | J.S. Bach, Edition Wood",68,1472,Score,False,False,WARNING,key_inferred,
data/raw/bach_js/bach/bwv1041b_mid/bach_bwv1041b_mid_bwv1041b_full.mid,bach_bwv1041b_mid_bwv1041b_full.mid,.mid,14904,1d4fa9f3f25801f3d70feaab9aaf5a73ff4e274fbbc946bc13ee65d83e2ffa65,,,BWV1041B,,,,C major,4/4,28,7,Solo Violin | Violin 1 | Violin 2 | Viola | Cello | Violone | Harpsichord,46,1975,Score,False,False,OK,,
data/raw/bach_js/bach/vp1_7tb_mid/bach_vp1_7tb_mid_unknown_full.mid,bach_vp1_7tb_mid_unknown_full.mid,.mid,8823,aac243a996b1b3e2d3f54a79b3913b2fc3654c45237c5e7a01cac625383f3bc6,,,,,,,D major,4/4,250,4,Solo Violin | -------------------------------------- | Johann Sebastian Bach  (1685-1750) | Six Sonatas and Partitas for Solo Violin,136,1520,Score,False,False,WARNING,no_bwv,
data/raw/bach_js/bach/cs2_4sar_mid/bach_cs2_4sar_mid_unknown_full.mid,bach_cs2_4sar_mid_unknown_full.mid,.mid,4049,bf0dc7a4f8453ef065ae192264682e6deda001ab9b6b10572f2c932c1ce14e24,,,,,,,F major,3/4,55,4,Solo Cello | -------------------------------------- | Johann Sebastian Bach  (1685-1750) | Six Suites for Solo Cello,56,581,Score,False,False,WARNING,no_bwv,
data/raw/bach_js/bach/cs3_4sar_mid/bach_cs3_4sar_mid_unknown_full.mid,bach_cs3_4sar_mid_unknown_full.mid,.mid,4021,aafcd45c0066a2d212aff86a9435ac1946423b14e3c7abc15e2e1a6571e3db55,,,,,,,C major,3/4,40,4,Solo Cello | -------------------------------------- | Johann Sebastian Bach  (1685-1750) | Six Suites for Solo Cello,48,576,Score,False,False,WARNING,no_bwv,
data/raw/bach_js/bach/bwv1041c_mid/bach_bwv1041c_mid_bwv1041c_full.mid,bach_bwv1041c_mid_bwv1041c_full.mid,.mid,34103,5d81ee9fc8d8853dd86a4e24a146134e22e835cd541f070b76a26413636dd6cb,,,BWV1041C,,,,C major,9/8,185,7,Solo Violin | Violin 1 | Violin 2 | Viola | Cello | Violone | Harpsichord,142,5345,Score,False,False,OK,,
data/raw/bach_js/bach/bwv809f_mid/bach_bwv809f_mid_bwv809f_full.mid,bach_bwv809f_mid_bwv809f_full.mid,.mid,5289,54158e676bd866bee454d4021a9daeb452514296de7a8df64050421694534a38,,,BWV809F,,,,d minor (inferred),3/4,132,2,"English Suite 4, 6. Minuet 2 | J.S. Bach, Edition Kalmus",64,806,Score,False,False,WARNING,key_inferred,
data/raw/bach_js/bach/jsbwv552_mid/bach_jsbwv552_mid_unknown_full.mid,bach_jsbwv552_mid_unknown_full.mid,.mid,41819,027dca3b16818bf556c29df0210e9a1209fa53b2d28a714e1bc82d8d0e079452,,,BWV552,,,,C major,4/4,100,3,Organ | -------------------------------------- | Johann Sebastian Bach   (1685-1750),323,6503,Score,False,False,OK,,
data/raw/bach_js/bach/bwv808b_mid/bach_bwv808b_mid_bwv808b_full.mid,bach_bwv808b_mid_bwv808b_full.mid,.mid,10402,99fe49b4c81b7c2c2919a4608ec477f1e5d5c47b1260cef4e8aa1dbe47c9d9d5,,,BWV808B,,,,g minor (inferred),1/16,90,2,"English Suite 3 2. Allemande | J.S. Bach, Edition Wood",52,1235,Score,False,False,WARNING,key_inferred,
data/raw/bach_js/bach/bwv1077_mid/bach_bwv1077_mid_bwv1077_full.mid,bach_bwv1077_mid_bwv1077_full.mid,.mid,2926,29b6efac239dbc33a91c4cee9ec3469caac81acc1c8fe557722b9ef464bbd74c,,,BWV1077,,,,G major,4/4,100,5,Clavichord | Clavichord | -------------------------------------- | Johann Sebastian Bach  (1685-1750) | Canone doppio sopr'il soggetto,7,238,Score,False,False,OK,,
data/raw/bach_js/bach/vp1_3co_mid/bach_vp1_3co_mid_unknown_full.mid,bach_vp1_3co_mid_unknown_full.mid,.mid,7756,699df9c249893b7bce5aeef1b7d45f5d95e3db58d39e5916a4d3074f72d3466a,,,,,,,D major,3/4,250,3,Solo Violin | -------------------------------------- | Johann Sebastian Bach  (1685-1750),161,1281,Score,False,False,WARNING,no_bwv,
data/raw/bach_js/bach/bwv806i_mid/bach_bwv806i_mid_bwv806i_full.mid,bach_bwv806i_mid_bwv806i_full.mid,.mid,5787,cd1735c24083c5d5283723e629fb52a718098870cfcd7605228050df17c05420,,,BWV806I,,,,C major,1/4,200,2,"English Suite 1, 9. Bourree 2 | J.S. Bach, Edition Wood",76,1054,Score,False,False,OK,,
data/raw/bach/inventions/inven01.krn,inven01.krn,.krn,3439,916e3ee201d79bced1baa698057d6798d44b9e5fbbb91351d60be6cb1649f0a7,"Bach, Johann Sebastian",Inventio 1,,,,No. 1,C major,4/4,59.3,2,spine_1 | spine_0,22,482,Score,False,False,WARNING,no_bwv,
data/raw/bach/inventions/inven15.krn,inven15.krn,.krn,3506,c85e70c28f4c5a4496cff85afbe7172fe977ddebc476783e22018c8c11554845,"Bach, Johann Sebastian",Inventio 15,,,,No. 15,D major,4/4,73.3,2,spine_1 | spine_0,22,491,Score,False,False,WARNING,no_bwv,
data/raw/bach_js/bach/cs1_5men_mid/bach_cs1_5men_mid_unknown_full.mid,bach_cs1_5men_mid_unknown_full.mid,.mid,5704,688121f0dc3b86bc52fce5fa81c055b4909889f6bd473baea7a871abcb5c0efd,,,,,,,G major,3/4,150,3,Solo Cello | -------------------------------------- | Johann Sebastian Bach  (1685-1750),120,887,Score,False,False,WARNING,no_bwv,
data/raw/bach/inventions/inven05.mid,inven05.mid,.mid,6159,,,,,,,,,,,0,,0,0,,False,False,ERROR,,executor_error: 'int' object has no attribute 'strip'
data/raw/bach/inventions/inven11.mid,inven11.mid,.mid,4839,,,,,,,,,,,0,,0,0,,False,False,ERROR,,executor_error: 'int' object has no attribute 'strip'
data/raw/bach/inventions/inven10.mid,inven10.mid,.mid,3823,,,,,,,,,,,0,,0,0,,False,False,ERROR,,executor_error: 'int' object has no attribute 'strip'
data/raw/bach/inventions/inven14.krn,inven14.krn,.krn,4244,07245536a3f26f02a9c9e9a71b8a7976a1cd2808b360ea453e3d05ae648e58cb,"Bach, Johann Sebastian",Inventio 14,,,,No. 14,B- major,4/4,59.3,2,spine_1 | spine_0,20,623,Score,False,False,WARNING,no_bwv,
data/raw/bach/inventions/inven04.mid,inven04.mid,.mid,3832,,,,,,,,,,,0,,0,0,,False,False,ERROR,,executor_error: 'int' object has no attribute 'strip'
data/raw/bach/inventions/sinfo08.krn,sinfo08.krn,.krn,5330,c8abf08f03beaac8427467f735181e148eb4495d25cfdaf4689e2d4d025ff28e,"Bach, Johann Sebastian","Sinfonia 8 in F major, @{OTL} (@{SCA})",,,,,F major,4/4,92,3,spine_2 | spine_1 | spine_0,23,617,Score,False,False,WARNING,no_bwv,
data/raw/bach/inventions/inven02.krn,inven02.krn,.krn,4543,d14400afb230a530339e41b98931cb4836b5860e0727b500d5d5d9ac99847f74,"Bach, Johann Sebastian",Inventio 2,,,,No. 2,E- major,4/4,55.4,2,spine_1 | spine_0,27,670,Score,False,False,WARNING,no_bwv,
data/raw/bach/inventions/inven12.mid,inven12.mid,.mid,5783,,,,,,,,,,,0,,0,0,,False,False,ERROR,,executor_error: 'int' object has no attribute 'strip'
data/raw/bach/inventions/inven06.mid,inven06.mid,.mid,4697,,,,,,,,,,,0,,0,0,,False,False,ERROR,,executor_error: 'int' object has no attribute 'strip'
data/raw/bach/inventions/inven07.mid,inven07.mid,.mid,4084,,,,,,,,,,,0,,0,0,,False,False,ERROR,,executor_error: 'int' object has no attribute 'strip'
data/raw/bach/inventions/inven13.mid,inven13.mid,.mid,4802,,,,,,,,,,,0,,0,0,,False,False,ERROR,,executor_error: 'int' object has no attribute 'strip'
data/raw/bach/inventions/inven03.krn,inven03.krn,.krn,4315,2137fdb26bc27a414bc7a0503f15faaa726e0249fdcb5a1ccf0f99a3ba01f7bf,"Bach, Johann Sebastian",Inventio 3,,,,No. 3,D major,3/8,71.8,2,spine_1 | spine_0,60,527,Score,False,False,WARNING,no_bwv,
data/raw/bach/inventions/sinfo09.krn,sinfo09.krn,.krn,6097,22e342f301433878e7f291e25bf649b075c899c9a5281bd2472edfc4825e206f,"Bach, Johann Sebastian","Sinfonia 9 in F minor, @{OTL} (@{SCA})",,,,,A- major,4/4,48,3,spine_2 | spine_1 | spine_0,35,755,Score,False,False,WARNING,no_bwv,
data/raw/bach/inventions/inven13.krn,inven13.krn,.krn,3967,7033cc1a738b7d4a7bd1653fdc7a9581a5173556c64f3375c1efdffc68f3b4da,"Bach, Johann Sebastian",Inventio 13,,,,No. 13,C major,4/4,76.9,2,spine_1 | spine_0,25,608,Score,False,False,WARNING,no_bwv,
data/raw/bach/inventions/inven07.krn,inven07.krn,.krn,3650,4f3fd59c139053ec4065bd4579dbd315371e77358e9bea7aa33bc9381adaf9e1,"Bach, Johann Sebastian",Inventio 7,,,,No. 7,G major,4/4,51.1,2,spine_1 | spine_0,23,500,Score,False,False,WARNING,no_bwv,
data/raw/bach/inventions/inven03.mid,inven03.mid,.mid,4251,,,,,,,,,,,0,,0,0,,False,False,ERROR,,executor_error: 'int' object has no attribute 'strip'
data/raw/bach/inventions/sinfo09.mid,sinfo09.mid,.mid,5522,,,,,,,,,,,0,,0,0,,False,False,ERROR,,executor_error: 'int' object has no attribute 'strip'
data/raw/bach/inventions/sinfo08.mid,sinfo08.mid,.mid,4763,,,,,,,,,,,0,,0,0,,False,False,ERROR,,executor_error: 'int' object has no attribute 'strip'
data/raw/bach/inventions/inven02.mid,inven02.mid,.mid,5380,,,,,,,,,,,0,,0,0,,False,False,ERROR,,executor_error: 'int' object has no attribute 'strip'
data/raw/bach/inventions/inven06.krn,inven06.krn,.krn,5008,9f0ed1284ba701c2a3603634dbf4804852c6f68a5e65950d4b2f8d61a4a9a80a,"Bach, Johann Sebastian",Inventio 6,,,,No. 6,E major,3/8,56.4,2,spine_1 | spine_0,62,594,Score,False,False,WARNING,no_bwv,
data/raw/bach/inventions/inven12.krn,inven12.krn,.krn,4915,0767d5c08aeb9fb0bc914ec16d036a04c10b73f6cf8b5fccb0dfe7f51b20854d,"Bach, Johann Sebastian",Inventio 12,,,,No. 12,A major,12/8,109.6,2,spine_1 | spine_0,21,734,Score,False,False,WARNING,no_bwv,
data/raw/bach/inventions/inven04.krn,inven04.krn,.krn,3762,280232941bbe1b83858bc8c858211d98ea96020903258378fe976811396a1ff8,"Bach, Johann Sebastian",Inventio 4,,,,No. 4,F major,3/8,106.4,2,spine_1 | spine_0,52,464,Score,False,False,WARNING,no_bwv,
data/raw/bach/inventions/inven10.krn,inven10.krn,.krn,3048,835586f483a615264efeb91391ec4e253ca60e1a46b488c798b7a32513aa7736,"Bach, Johann Sebastian",Inventio 10,,,,No. 10,G major,9/8,139.4,2,spine_1 | spine_0,32,469,Score,False,False,WARNING,no_bwv,
data/raw/bach/inventions/inven14.mid,inven14.mid,.mid,5029,,,,,,,,,,,0,,0,0,,False,False,ERROR,,executor_error: 'int' object has no attribute 'strip'
data/raw/bach/inventions/inven15.mid,inven15.mid,.mid,4103,,,,,,,,,,,0,,0,0,,False,False,ERROR,,executor_error: 'int' object has no attribute 'strip'
data/raw/bach/inventions/inven01.mid,inven01.mid,.mid,3967,,,,,,,,,,,0,,0,0,,False,False,ERROR,,executor_error: 'int' object has no attribute 'strip'
data/raw/bach/inventions/inven11.krn,inven11.krn,.krn,3977,0061ff9c9767656910578b24bb15e806a7ae4e1ef212d7457a1fe85f041f8bbc,"Bach, Johann Sebastian",Inventio 11,,,,No. 11,B- major,4/4,89,2,spine_1 | spine_0,23,585,Score,False,False,WARNING,no_bwv,
data/raw/bach/inventions/inven05.krn,inven05.krn,.krn,5137,0a15e280c88c0496cc79360182f82690e7804a770fe8cb69a0807c9b896c458c,"Bach, Johann Sebastian",Inventio 5,,,,No. 5,E- major,4/4,91.4,2,spine_1 | spine_0,32,752,Score,False,False,WARNING,no_bwv,
data/raw/bach/inventions/sinfo02.krn,sinfo02.krn,.krn,7315,b4a375d94c56a4cd0b735eebc52d694fbca214c80a263cdd39af848c27ea0308,"Bach, Johann Sebastian","Sinfonia 2 in C minor, @{OTL} (@{SCA})",,,,,E- major,12/8,120,3,spine_2 | spine_1 | spine_0,32,880,Score,False,False,WARNING,no_bwv,
data/raw/bach/inventions/inven08.krn,inven08.krn,.krn,3984,24577ef2ea3c6e2788dab54f8fea0f85ff74e9fa1bfbe6d38b516fb28ecc0c7c,"Bach, Johann Sebastian",Inventio 8,,,,No. 8,F major,3/4,117.7,2,spine_1 | spine_0,34,606,Score,False,False,WARNING,no_bwv,
data/raw/bach/inventions/sinfo06.mid,sinfo06.mid,.mid,4522,,,,,,,,,,,0,,0,0,,False,False,ERROR,,executor_error: 'int' object has no attribute 'strip'
data/raw/bach/inventions/sinfo12.mid,sinfo12.mid,.mid,6445,,,,,,,,,,,0,,0,0,,False,False,ERROR,,executor_error: 'int' object has no attribute 'strip'
data/raw/bach/inventions/sinfo13.mid,sinfo13.mid,.mid,5417,,,,,,,,,,,0,,0,0,,False,False,ERROR,,executor_error: 'int' object has no attribute 'strip'
data/raw/bach/inventions/sinfo07.mid,sinfo07.mid,.mid,6143,,,,,,,,,,,0,,0,0,,False,False,ERROR,,executor_error: 'int' object has no attribute 'strip'
data/raw/bach/inventions/inven09.krn,inven09.krn,.krn,4461,256d7b0dbe4c06d9b20f72c23d316a1ae5c5286c997ea959b7a527c7f0329805,"Bach, Johann Sebastian",Inventio 9,,,,No. 9,A- major,3/4,57.2,2,spine_1 | spine_0,34,602,Score,False,False,WARNING,no_bwv,
data/raw/bach_js/bach/bwv1062_mid/bach_bwv1062_mid_bwv1062_full.mid,bach_bwv1062_mid_bwv1062_full.mid,.mid,99994,41b965843eb78f2e7dcbcc1d851b004b0861b7873fa899a8affb3f665e7aec3d,,,BWV1062,,,,E- major,4/4,95,9,violin i | violin ii | viola | cello | bass | clave I | Clave I | Clave II | Clave II,295,18356,Score,False,False,OK,,
data/raw/bach/inventions/sinfo03.krn,sinfo03.krn,.krn,6327,97d3d2c567b0cbe639c0d9c0d2a56784f7984b690ed93377d9814c7d5140c573,"Bach, Johann Sebastian","Sinfonia 3 in D major, @{OTL} (@{SCA})",,,,,D major,4/4,92,3,spine_2 | spine_1 | spine_0,25,728,Score,False,False,WARNING,no_bwv,
data/raw/bach/inventions/sinfo01.krn,sinfo01.krn,.krn,5456,5a01432a254df43348bb5f14b76aa84902483e9fa31eb6ad800e2f6511d2b55d,"Bach, Johann Sebastian","Sinfonia 1 in C major, @{OTL} (@{SCA})",,,,,C major,4/4,92,3,spine_2 | spine_1 | spine_0,21,625,Score,False,False,WARNING,no_bwv,
data/raw/bach/inventions/sinfo15.krn,sinfo15.krn,.krn,7104,6eb41e0dcb22a9833504a6b8557eeb6245b59385934866c6534d3fe310968ab8,"Bach, Johann Sebastian","Sinfonia 15 in B minor, @{OTL} (@{SCA})",,,,,D major,9/16,63,3,spine_2 | spine_1 | spine_0,38,765,Score,False,False,WARNING,no_bwv,
data/raw/bach/inventions/sinfo04.mid,sinfo04.mid,.mid,4687,,,,,,,,,,,0,,0,0,,False,False,ERROR,,executor_error: 'int' object has no attribute 'strip'
data/raw/bach/inventions/sinfo11.mid,sinfo11.mid,.mid,4592,,,,,,,,,,,0,,0,0,,False,False,ERROR,,executor_error: 'int' object has no attribute 'strip'
data/raw/bach/inventions/sinfo05.mid,sinfo05.mid,.mid,4408,,,,,,,,,,,0,,0,0,,False,False,ERROR,,executor_error: 'int' object has no attribute 'strip'
data/raw/bach/inventions/sinfo14.krn,sinfo14.krn,.krn,6007,d9e6685823d458fb401d546f20fd4349d9e022cab7261f7ccf975c209e03cdc6,"Bach, Johann Sebastian","Sinfonia 14 in B-flat major, @{OTL} (@{SCA})",,,,,B- major,4/4,92,3,spine_2 | spine_1 | spine_0,24,691,Score,False,False,WARNING,no_bwv,
data/raw/bach/inventions/sinfo10.mid,sinfo10.mid,.mid,5361,,,,,,,,,,,0,,0,0,,False,False,ERROR,,executor_error: 'int' object has no attribute 'strip'
data/raw/bach/inventions/sinfo04.krn,sinfo04.krn,.krn,5727,6e3f99ed7155853096a9bc7bc43f96f2a613e96c9b329bf01ce24b913b5a0614,"Bach, Johann Sebastian","Sinfonia 4 in D minor, @{OTL} (@{SCA})",,,,,F major,4/4,80,3,spine_2 | spine_1 | spine_0,23,653,Score,False,False,WARNING,no_bwv,
data/raw/bach/inventions/sinfo14.mid,sinfo14.mid,.mid,5204,,,,,,,,,,,0,,0,0,,False,False,ERROR,,executor_error: 'int' object has no attribute 'strip'
data/raw/bach/inventions/sinfo01.mid,sinfo01.mid,.mid,4789,,,,,,,,,,,0,,0,0,,False,False,ERROR,,executor_error: 'int' object has no attribute 'strip'
data/raw/bach_js/bach/bwv971_mid/bach_bwv971_mid_bwv971_full.mid,bach_bwv971_mid_bwv971_full.mid,.mid,54302,6f83fdaf49d609f3ce0ee25c45e99efefd69933c2bf59f615bc62f91adf040cf,,,BWV971,,,,F major (inferred),4/4,120,1,Harpsichord,396,8058,Score,False,False,WARNING,key_inferred,
data/raw/bach/inventions/sinfo05.krn,sinfo05.krn,.krn,6343,516727997b9f99c5d64d051f6ef95228f62d102a3e7d98c2b2b5a2b3bb97cf68,"Bach, Johann Sebastian","Sinfonia 5 in E-flat major, @{OTL} (@{SCA})",,,,,E- major,3/4,60,3,spine_2 | spine_1 | spine_0,38,632,Score,False,False,WARNING,no_bwv,
data/raw/bach/inventions/sinfo15.mid,sinfo15.mid,.mid,5721,,,,,,,,,,,0,,0,0,,False,False,ERROR,,executor_error: 'int' object has no attribute 'strip'
data/raw/bach/inventions/sinfo11.krn,sinfo11.krn,.krn,6469,e2e96bf53daa90a0000a2031497313d8b98b844b9b628a8e740808f74eb082a0,"Bach, Johann Sebastian","Sinfonia 11 in G minor, @{OTL} (@{SCA})",,,,,B- major,3/8,80,3,spine_2 | spine_1 | spine_0,72,617,Score,False,False,WARNING,no_bwv,
data/raw/bach/inventions/sinfo10.krn,sinfo10.krn,.krn,6123,84971db39f43ab1149adabfb2c863124ea49193e7b85f91e63d91115723a0758,"Bach, Johann Sebastian","Sinfonia 10 in G major, @{OTL} (@{SCA})",,,,,G major,3/4,99,3,spine_2 | spine_1 | spine_0,33,680,Score,False,False,WARNING,no_bwv,
data/raw/bach/inventions/sinfo13.krn,sinfo13.krn,.krn,6311,de1cf31c46f3f9d10770ab9fbe9ee547d84f136954c628572e68636ac8c907f5,"Bach, Johann Sebastian","Sinfonia 13 in A minor, @{OTL} (@{SCA})",,,,,C major,3/8,60,3,spine_2 | spine_1 | spine_0,64,674,Score,False,False,WARNING,no_bwv,
data/raw/bach/inventions/inven09.mid,inven09.mid,.mid,4778,,,,,,,,,,,0,,0,0,,False,False,ERROR,,executor_error: 'int' object has no attribute 'strip'
data/raw/bach/inventions/sinfo07.krn,sinfo07.krn,.krn,6869,07637ae38d242ecc56e383190ba5266643b9042c21e0b218f7caee7c69cb3e98,"Bach, Johann Sebastian","Sinfonia 7 in E minor, @{OTL} (@{SCA})",,,,,G major,3/4,52,3,spine_2 | spine_1 | spine_0,44,800,Score,False,False,WARNING,no_bwv,
data/raw/bach/inventions/sinfo03.mid,sinfo03.mid,.mid,5690,,,,,,,,,,,0,,0,0,,False,False,ERROR,,executor_error: 'int' object has no attribute 'strip'
data/raw/bach/inventions/inven08.mid,inven08.mid,.mid,5073,,,,,,,,,,,0,,0,0,,False,False,ERROR,,executor_error: 'int' object has no attribute 'strip'
data/raw/bach/inventions/sinfo12.krn,sinfo12.krn,.krn,7424,08426995fdc474f9eb7294dea54acf4a1dc0414845d8972af331a23da8b97842,"Bach, Johann Sebastian","Sinfonia 12 in A major, @{OTL} (@{SCA})",,,,,A major,4/4,92,3,spine_2 | spine_1 | spine_0,31,848,Score,False,False,WARNING,no_bwv,
data/raw/bach/inventions/sinfo06.krn,sinfo06.krn,.krn,5567,01fd2ef1407fdd371fd1398d9f386b5592a498d2163ae348aac8f451199911ae,"Bach, Johann Sebastian","Sinfonia 6 in E major, @{OTL} (@{SCA})",,,,,E major,9/8,180,3,spine_2 | spine_1 | spine_0,41,600,Score,False,False,WARNING,no_bwv,
data/raw/bach/inventions/sinfo02.mid,sinfo02.mid,.mid,6340,,,,,,,,,,,0,,0,0,,False,False,ERROR,,executor_error: 'int' object has no attribute 'strip'
data/raw/bach_js/bach/bwv1060_mid/bach_bwv1060_mid_bwv1060_full.mid,bach_bwv1060_mid_bwv1060_full.mid,.mid,98723,5d8f700cc4c353298ef20335241711d27d020effb937a8e01fd4a9e1d8cee81f,,,BWV1060,,,,E- major,4/4,85,13,violin i | violin ii | viola | cello | clave i h | clave i l | clave ii h | clave ii l | Violin I Pizz | Violin II Pizz | Viola Pizz | Cello Pizz | Bass Pizz,328,18359,Score,False,False,OK,,
data/raw/vivaldi/kunstderfuge/vivaldi_kunstderfuge_unknown_concerto_la_stravaganza_4_2_(c)icking-archive.mid,vivaldi_kunstderfuge_unknown_concerto_la_stravaganza_4_2_(c)icking-archive.mid,.mid,20171,675a5cf919c1b3cbd968361b2eac35da73d3d6a909ae74ad57350d93aca7f2cd,,,,,,,B- major,3/4,37,9,Violino di Concertino | Violino Primo e Secondo | Alto Viola | Violoncello | Contrabbasso | Cembalo | Cembalo | Organo | Organo,36,2143,Score,False,False,WARNING,no_bwv,
data/raw/vivaldi/kunstderfuge/vivaldi_kunstderfuge_unknown_concerto_la_stravaganza_4_1_(c)icking-archive.mid,vivaldi_kunstderfuge_unknown_concerto_la_stravaganza_4_1_(c)icking-archive.mid,.mid,45341,3e8e042634257e164846c083be1a0e8afb27402f7866dcf1cb40708f5b33b58a,,,,,,,B- major,4/4,108,10,Violino di concertino | Violino primo | Violino secondo | Alto viola | Violoncello | Contrabbasso | Cembalo | Cembalo | Organo | Organo,88,8455,Score,False,False,WARNING,no_bwv,
data/raw/vivaldi/kunstderfuge/vivaldi_kunstderfuge_unknown_concerto_la_stravaganza_4_3_(c)icking-archive.mid,vivaldi_kunstderfuge_unknown_concerto_la_stravaganza_4_3_(c)icking-archive.mid,.mid,39689,41e5d0372a018023b996e5019aad41dc36c2700f380a6aad7aeb3795bd769dfd,,,,,,,B- major,2/4,129,10,Violino di Concertino | Violino Primo | Violino Secondo | Alto Viola | Violoncello | Contrabbasso | Cembalo | Cembalo | Organo | Organo,166,7697,Score,False,False,WARNING,no_bwv,
data/raw/vivaldi/kunstderfuge/vivaldi_kunstderfuge_unknown_midi.asp?file=vivaldi_4_stagioni_primavera_2_(c)pollen.mid,vivaldi_kunstderfuge_unknown_midi.asp?file=vivaldi_4_stagioni_primavera_2_(c)pollen.mid,.mid,24104,1aea2e1fd8f87eb57805da92d7f2e2274dfbd9c008de98692d0c53f646741b84,,,,,,,E major,3/4,120,10,No. 2 Adagio | SPRING | The Four Seasons | by Vivaldi | arr : Pollen | StringInstrument | StringInstrument | StringInstrument | StringInstrument | StringInstrument,40,4515,Score,False,False,WARNING,no_bwv,
data/raw/bach_js/bach/bwv0243_mid/bach_bwv0243_mid_bwv0243_full.mid,bach_bwv0243_mid_bwv0243_full.mid,.mid,177961,25337390c73182dcf3d741b025fc601d8904032ae765c37d40482d782feb4b75,,,BWV0243,,,,D major,3/4,90,20,tromp I | tromp II | tromp III | timbal | flauta I | flauta II | oboe I | oboe II | violin I | violin II | viola | soprano I | soprano II | alto | tenor | bajo | cello | c bajo | continuo high | continuo low,589,42583,Score,True,False,OK,,
data/raw/vivaldi/kunstderfuge/vivaldi_kunstderfuge_unknown_midi.asp?file=vivaldi_4_stagioni_primavera_3_(c)pollen.mid,vivaldi_kunstderfuge_unknown_midi.asp?file=vivaldi_4_stagioni_primavera_3_(c)pollen.mid,.mid,49217,59c4543431cf860c4d45e078199635cfc45413951de5944d73c0d16e31f059b2,,,,,,,E major,12/8,120,15,No. 3 Allegro | SPRING | The Four Seasons | by Vivaldi | arr : Pollen | StringInstrument | StringInstrument | StringInstrument | StringInstrument | StringInstrument | StringInstrument | StringInstrument | StringInstrument | StringInstrument | Acoustic Bass,89,8440,Score,False,False,WARNING,no_bwv,
data/raw/vivaldi/kunstderfuge/vivaldi_kunstderfuge_unknown_midi.asp?file=vivaldi_4_stagioni_primavera_1_(c)pollen.mid,vivaldi_kunstderfuge_unknown_midi.asp?file=vivaldi_4_stagioni_primavera_1_(c)pollen.mid,.mid,69903,c7f78af71b8302bb8a34f034aaf1bf1d46fb1428413914a6efb6301f91b142a8,,,,,,,E major,4/4,120,15,No. 1 Allegro | SPRING | The Four Seasons | by Vivaldi | arr : Pollen (2002) | StringInstrument | StringInstrument | StringInstrument | StringInstrument | StringInstrument | StringInstrument | StringInstrument | StringInstrument | StringInstrument | Acoustic Bass,83,8700,Score,False,False,WARNING,no_bwv,
data/raw/bach_js/bach/bwv1063_mid/bach_bwv1063_mid_bwv1063_full.mid,bach_bwv1063_mid_bwv1063_full.mid,.mid,126354,0d4d3cca0ddee4893ccb5c0cb72262bf70927f0b22ed426843ee165661e0e583,,,BWV1063,,,,F major,3/8,90,10,violin i | violin ii | viola | cello | clave h i | clave l i | clave h ii | clave l ii | clave h iii | clave l iii,583,20829,Score,False,False,OK,,
data/raw/bach_js/bach/bwv988_mid/bach_bwv988_mid_bwv988_full.mid,bach_bwv988_mid_bwv988_full.mid,.mid,250393,cdd3c6027d53dbe10b1569024b50977ed4d74eaf1a44174c5211366e090aebdf,,,BWV988,,,,G major,3/4,50,7,Solo Harpsichord with 2 Manuals | -------------------------------------- | Johann Sebastian Bach  (1685-1750) | The Goldberg Variations - BWV 988 | Aria with 30 Variations for Harpsichord with 2 Manuals | -------------------------------------- | Aria - 30 Variations - Aria da Capo,2132,44733,Score,False,False,OK,,
