source_path,silver_path,silver_slug,source_id,catalog_number,movement,silver_action,action,note
/Users/auradelagg/aura-lab/bach-propagation/backend/data/raw/bulk_xml/bach-chorales-371/kern/chor217.krn,/Users/auradelagg/aura-lab/bach-propagation/backend/data/silver/bach/chorales/bach_chorale_217.krn,bach_chorale_217.krn,bulk_chorales_371,,Chorale,KEEP_PRIMARY,RENAME,BWV requires manifest lookup
/Users/auradelagg/aura-lab/bach-propagation/backend/data/raw/bulk_xml/bach-chorales-371/kern/chor203.krn,/Users/auradelagg/aura-lab/bach-propagation/backend/data/silver/bach/chorales/bach_chorale_203.krn,bach_chorale_203.krn,bulk_chorales_371,,Chorale,KEEP_PRIMARY,RENAME,BWV requires manifest lookup
/Users/auradelagg/aura-lab/bach-propagation/backend/data/raw/bulk_xml/bach-chorales-371/kern/chor001.krn,/Users/auradelagg/aura-lab/bach-propagation/backend/data/silver/bach/chorales/bach_chorale_001.krn,bach_chorale_001.krn,bulk_chorales_371,,Chorale,KEEP_PRIMARY,RENAME,BWV requires manifest lookup
/Users/auradelagg/aura-lab/bach-propagation/backend/data/raw/bulk_xml/bach-chorales-371/kern/chor175.krn,/Users/auradelagg/aura-lab/bach-propagation/backend/data/silver/bach/chorales/bach_chorale_175.krn,bach_chorale_175.krn,bulk_chorales_371,,Chorale,KEEP_PRIMARY,RENAME,BWV requires manifest lookup
/Users/auradelagg/aura-lab/bach-propagation/backend/data/raw/bulk_xml/bach-chorales-371/kern/chor015.krn,/Users/auradelagg/aura-lab/bach-propagation/backend/data/silver/bach/chorales/bach_chorale_015.krn,bach_chorale_015.krn,bulk_chorales_371,,Chorale,KEEP_PRIMARY,RENAME,BWV requires manifest lookup
/Users/auradelagg/aura-lab/bach-propagation/backend/data/raw/bulk_xml/bach-chorales-371/kern/chor029.krn,/Users/auradelagg/aura-lab/bach-propagation/backend/data/silver/bach/chorales/bach_chorale_029.krn,bach_chorale_029.krn,bulk_chorales_371,,Chorale,KEEP_PRIMARY,RENAME,BWV requires manifest lookup
/Users/auradelagg/aura-lab/bach-propagation/backend/data/raw/bulk_xml/bach-chorales-371/kern/chor161.krn,/Users/auradelagg/aura-lab/bach-propagation/backend/data/silver/bach/chorales/bach_chorale_161.krn,bach_chorale_161.krn,bulk_chorales_371,,Chorale,KEEP_PRIMARY,RENAME,BWV requires manifest lookup
/Users/auradelagg/aura-lab/bach-propagation/backend/data/raw/bulk_xml/bach-chorales-371/kern/chor149.krn,/Users/auradelagg/aura-lab/bach-propagation/backend/data/silver/bach/chorales/bach_chorale_149.krn,bach_chorale_149.krn,bulk_chorales_371,,Chorale,KEEP_PRIMARY,RENAME,BWV requires manifest lookup
/Users/auradelagg/aura-lab/bach-propagation/backend/data/raw/bulk_xml/bach-chorales-371/kern/chor363.krn,/Users/auradelagg/aura-lab/bach-propagation/backend/data/silver/bach/chorales/bach_chorale_363.krn,bach_chorale_363.krn,bulk_chorales_371,,Chorale,KEEP_PRIMARY,RENAME,BWV requires manifest lookup
/Users/auradelagg/aura-lab/bach-propagation/backend/data/raw/bulk_xml/bach-chorales-371/kern/chor362.krn,/Users/auradelagg/aura-lab/bach-propagation/backend/data/silver/bach/chorales/bach_chorale_362.krn,bach_chorale_362.krn,bulk_chorales_371,,Chorale,KEEP_PRIMARY,RENAME,BWV requires manifest lookup
/Users/auradelagg/aura-lab/bach-propagation/backend/data/raw/bulk_xml/bach-chorales-371/kern/chor160.krn,/Users/auradelagg/aura-lab/bach-propagation/backend/data/silver/bach/chorales/bach_chorale_160.krn,bach_chorale_160.krn,bulk_chorales_371,,Chorale,KEEP_PRIMARY,RENAME,BWV requires manifest lookup
/Users/auradelagg/aura-lab/bach-propagation/backend/data/raw/bulk_xml/bach-chorales-371/kern/chor148.krn,/Users/auradelagg/aura-lab/bach-propagation/backend/data/silver/bach/chorales/bach_chorale_148.krn,bach_chorale_148.krn,bulk_chorales_371,,Chorale,KEEP_PRIMARY,RENAME,BWV requires manifest lookup
/Users/auradelagg/aura-lab/bach-propagation/backend/data/raw/bulk_xml/bach-chorales-371/kern/chor028.krn,/Users/auradelagg/aura-lab/bach-propagation/backend/data/silver/bach/chorales/bach_chorale_028.krn,bach_chorale_028.krn,bulk_chorales_371,,Chorale,KEEP_PRIMARY,RENAME,BWV requires manifest lookup
/Users/auradelagg/aura-lab/bach-propagation/backend/data/raw/bulk_xml/bach-chorales-371/kern/chor174.krn,/Users/auradelagg/aura-lab/bach-propagation/backend/data/silver/bach/chorales/bach_chorale_174.krn,bach_chorale_174.krn,bulk_chorales_371,,Chorale,KEEP_PRIMARY,RENAME,BWV requires manifest lookup
/Users/auradelagg/aura-lab/bach-propagation/backend/data/raw/bulk_xml/bach-chorales-371/kern/chor014.krn,/Users/auradelagg/aura-lab/bach-propagation/backend/data/silver/bach/chorales/bach_chorale_014.krn,bach_chorale_014.krn,bulk_chorales_371,,Chorale,KEEP_PRIMARY,RENAME,BWV requires manifest lookup
/Users/auradelagg/aura-lab/bach-propagation/backend/data/raw/bulk_xml/bach-chorales-371/kern/chor228.krn,/Users/auradelagg/aura-lab/bach-propagation/backend/data/silver/bach/chorales/bach_chorale_228.krn,bach_chorale_228.krn,bulk_chorales_371,,Chorale,KEEP_PRIMARY,RENAME,BWV requires manifest lookup
/Users/auradelagg/aura-lab/bach-propagation/backend/data/raw/bulk_xml/bach-chorales-371/kern/chor216.krn,/Users/auradelagg/aura-lab/bach-propagation/backend/data/silver/bach/chorales/bach_chorale_216.krn,bach_chorale_216.krn,bulk_chorales_371,,Chorale,KEEP_PRIMARY,RENAME,BWV requires manifest lookup
/Users/auradelagg/aura-lab/bach-propagation/backend/data/raw/bulk_xml/bach-chorales-371/kern/chor200.krn,/Users/auradelagg/aura-lab/bach-propagation/backend/data/silver/bach/chorales/bach_chorale_200.krn,bach_chorale_200.krn,bulk_chorales_371,,Chorale,KEEP_PRIMARY,RENAME,BWV requires manifest lookup
/Users/auradelagg/aura-lab/bach-propagation/backend/data/raw/bulk_xml/bach-chorales-371/kern/chor002.krn,/Users/auradelagg/aura-lab/bach-propagation/backend/data/silver/bach/chorales/bach_chorale_002.krn,bach_chorale_002.krn,bulk_chorales_371,,Chorale,KEEP_PRIMARY,RENAME,BWV requires manifest lookup
/Users/auradelagg/aura-lab/bach-propagation/backend/data/raw/bulk_xml/bach-chorales-371/kern/chor202.krn,/Users/auradelagg/aura-lab/bach-propagation/backend/data/silver/bach/chorales/bach_chorale_202.krn,bach_chorale_202.krn,bulk_chorales_371,,Chorale,KEEP_PRIMARY,RENAME,BWV requires manifest lookup
/Users/auradelagg/aura-lab/bach-propagation/backend/data/raw/bulk_xml/bach-chorales-371/kern/chor016.krn,/Users/auradelagg/aura-lab/bach-propagation/backend/data/silver/bach/chorales/bach_chorale_016.krn,bach_chorale_016.krn,bulk_chorales_371,,Chorale,KEEP_PRIMARY,RENAME,BWV requires manifest lookup
/Users/auradelagg/aura-lab/bach-propagation/backend/data/raw/bulk_xml/bach-chorales-371/kern/chor162.krn,/Users/auradelagg/aura-lab/bach-propagation/backend/data/silver/bach/chorales/bach_chorale_162.krn,bach_chorale_162.krn,bulk_chorales_371,,Chorale,KEEP_PRIMARY,RENAME,BWV requires manifest lookup
/Users/auradelagg/aura-lab/bach-propagation/backend/data/raw/bulk_xml/bach-chorales-371/kern/chor189.krn,/Users/auradelagg/aura-lab/bach-propagation/backend/data/silver/bach/chorales/bach_chorale_189.krn,bach_chorale_189.krn,bulk_chorales_371,,Chorale,KEEP_PRIMARY,RENAME,BWV requires manifest lookup
/Users/auradelagg/aura-lab/bach-propagation/backend/data/raw/bulk_xml/bach-chorales-371/kern/chor176.krn,/Users/auradelagg/aura-lab/bach-propagation/backend/data/silver/bach/chorales/bach_chorale_176.krn,bach_chorale_176.krn,bulk_chorales_371,,Chorale,KEEP_PRIMARY,RENAME,BWV requires manifest lookup
/Users/auradelagg/aura-lab/bach-propagation/backend/data/raw/bulk_xml/bach-chorales-371/kern/chor214.krn,/Users/auradelagg/aura-lab/bach-propagation/backend/data/silver/bach/chorales/bach_chorale_214.krn,bach_chorale_214.krn,bulk_chorales_371,,Chorale,KEEP_PRIMARY,RENAME,BWV requires manifest lookup
/Users/auradelagg/aura-lab/bach-propagation/backend/data/raw/bulk_xml/bach-chorales-371/kern/chor360.krn,/Users/auradelagg/aura-lab/bach-propagation/backend/data/silver/bach/chorales/bach_chorale_360.krn,bach_chorale_360.krn,bulk_chorales_371,,Chorale,KEEP_PRIMARY,RENAME,BWV requires manifest lookup
/Users/auradelagg/aura-lab/bach-propagation/backend/data/raw/bulk_xml/bach-chorales-371/kern/chor348.krn,/Users/auradelagg/aura-lab/bach-propagation/backend/data/silver/bach/chorales/bach_chorale_348.krn,bach_chorale_348.krn,bulk_chorales_371,,Chorale,KEEP_PRIMARY,RENAME,BWV requires manifest lookup
/Users/auradelagg/aura-lab/bach-propagation/backend/data/raw/bulk_xml/bach-chorales-371/kern/chor177.krn,/Users/auradelagg/aura-lab/bach-propagation/backend/data/silver/bach/chorales/bach_chorale_177.krn,bach_chorale_177.krn,bulk_chorales_371,,Chorale,KEEP_PRIMARY,RENAME,BWV requires manifest lookup
/Users/auradelagg/aura-lab/bach-propagation/backend/data/raw/bulk_xml/bach-chorales-371/kern/chor361.krn,/Users/auradelagg/aura-lab/bach-propagation/backend/data/silver/bach/chorales/bach_chorale_361.krn,bach_chorale_361.krn,bulk_chorales_371,,Chorale,KEEP_PRIMARY,RENAME,BWV requires manifest lookup
/Users/auradelagg/aura-lab/bach-propagation/backend/data/raw/bulk_xml/bach-chorales-371/kern/chor349.krn,/Users/auradelagg/aura-lab/bach-propagation/backend/data/silver/bach/chorales/bach_chorale_349.krn,bach_chorale_349.krn,bulk_chorales_371,,Chorale,KEEP_PRIMARY,RENAME,BWV requires manifest lookup
/Users/auradelagg/aura-lab/bach-propagation/backend/data/raw/bulk_xml/bach-chorales-371/kern/chor003.krn,/Users/auradelagg/aura-lab/bach-propagation/backend/data/silver/bach/chorales/bach_chorale_003.krn,bach_chorale_003.krn,bulk_chorales_371,,Chorale,KEEP_PRIMARY,RENAME,BWV requires manifest lookup
/Users/auradelagg/aura-lab/bach-propagation/backend/data/raw/bulk_xml/bach-chorales-371/kern/chor188.krn,/Users/auradelagg/aura-lab/bach-propagation/backend/data/silver/bach/chorales/bach_chorale_188.krn,bach_chorale_188.krn,bulk_chorales_371,,Chorale,KEEP_PRIMARY,RENAME,BWV requires manifest lookup
/Users/auradelagg/aura-lab/bach-propagation/backend/data/raw/bulk_xml/bach-chorales-371/kern/chor163.krn,/Users/auradelagg/aura-lab/bach-propagation/backend/data/silver/bach/chorales/bach_chorale_163.krn,bach_chorale_163.krn,bulk_chorales_371,,Chorale,KEEP_PRIMARY,RENAME,BWV requires manifest lookup
/Users/auradelagg/aura-lab/bach-propagation/backend/data/raw/bulk_xml/bach-chorales-371/kern/chor017.krn,/Users/auradelagg/aura-lab/bach-propagation/backend/data/silver/bach/chorales/bach_chorale_017.krn,bach_chorale_017.krn,bulk_chorales_371,,Chorale,KEEP_PRIMARY,RENAME,BWV requires manifest lookup
/Users/auradelagg/aura-lab/bach-propagation/backend/data/raw/bulk_xml/bach-chorales-371/kern/chor239.krn,/Users/auradelagg/aura-lab/bach-propagation/backend/data/silver/bach/chorales/bach_chorale_239.krn,bach_chorale_239.krn,bulk_chorales_371,,Chorale,KEEP_PRIMARY,RENAME,BWV requires manifest lookup
/Users/auradelagg/aura-lab/bach-propagation/backend/data/raw/bulk_xml/bach-chorales-371/kern/chor229.krn,/Users/auradelagg/aura-lab/bach-propagation/backend/data/silver/bach/chorales/bach_chorale_229.krn,bach_chorale_229.krn,bulk_chorales_371,,Chorale,KEEP_PRIMARY,RENAME,BWV requires manifest lookup
/Users/auradelagg/aura-lab/bach-propagation/backend/data/raw/bulk_xml/bach-chorales-371/kern/chor201.krn,/Users/auradelagg/aura-lab/bach-propagation/backend/data/silver/bach/chorales/bach_chorale_201.krn,bach_chorale_201.krn,bulk_chorales_371,,Chorale,KEEP_PRIMARY,RENAME,BWV requires manifest lookup
/Users/auradelagg/aura-lab/bach-propagation/backend/data/raw/bulk_xml/bach-chorales-371/kern/chor211.krn,/Users/auradelagg/aura-lab/bach-propagation/backend/data/silver/bach/chorales/bach_chorale_211.krn,bach_chorale_211.krn,bulk_chorales_371,,Chorale,KEEP_PRIMARY,RENAME,BWV requires manifest lookup
/Users/auradelagg/aura-lab/bach-propagation/backend/data/raw/bulk_xml/bach-chorales-371/kern/chor013.krn,/Users/auradelagg/aura-lab/bach-propagation/backend/data/silver/bach/chorales/bach_chorale_013.krn,bach_chorale_013.krn,bulk_chorales_371,,Chorale,KEEP_PRIMARY,RENAME,BWV requires manifest lookup
/Users/auradelagg/aura-lab/bach-propagation/backend/data/raw/bulk_xml/bach-chorales-371/kern/chor215.krn,/Users/auradelagg/aura-lab/bach-propagation/backend/data/silver/bach/chorales/bach_chorale_215.krn,bach_chorale_215.krn,bulk_chorales_371,,Chorale,KEEP_PRIMARY,RENAME,BWV requires manifest lookup
/Users/auradelagg/aura-lab/bach-propagation/backend/data/raw/bulk_xml/bach-chorales-371/kern/chor173.krn,/Users/auradelagg/aura-lab/bach-propagation/backend/data/silver/bach/chorales/bach_chorale_173.krn,bach_chorale_173.krn,bulk_chorales_371,,Chorale,KEEP_PRIMARY,RENAME,BWV requires manifest lookup
/Users/auradelagg/aura-lab/bach-propagation/backend/data/raw/bulk_xml/bach-chorales-371/kern/chor167.krn,/Users/auradelagg/aura-lab/bach-propagation/backend/data/silver/bach/chorales/bach_chorale_167.krn,bach_chorale_167.krn,bulk_chorales_371,,Chorale,KEEP_PRIMARY,RENAME,BWV requires manifest lookup
/Users/auradelagg/aura-lab/bach-propagation/backend/data/raw/bulk_xml/bach-chorales-371/kern/chor007.krn,/Users/auradelagg/aura-lab/bach-propagation/backend/data/silver/bach/chorales/bach_chorale_007.krn,bach_chorale_007.krn,bulk_chorales_371,,Chorale,KEEP_PRIMARY,RENAME,BWV requires manifest lookup
/Users/auradelagg/aura-lab/bach-propagation/backend/data/raw/bulk_xml/bach-chorales-371/kern/chor365.krn,/Users/auradelagg/aura-lab/bach-propagation/backend/data/silver/bach/chorales/bach_chorale_365.krn,bach_chorale_365.krn,bulk_chorales_371,,Chorale,KEEP_PRIMARY,RENAME,BWV requires manifest lookup
/Users/auradelagg/aura-lab/bach-propagation/backend/data/raw/bulk_xml/bach-chorales-371/kern/chor198.krn,/Users/auradelagg/aura-lab/bach-propagation/backend/data/silver/bach/chorales/bach_chorale_198.krn,bach_chorale_198.krn,bulk_chorales_371,,Chorale,KEEP_PRIMARY,RENAME,BWV requires manifest lookup
/Users/auradelagg/aura-lab/bach-propagation/backend/data/raw/bulk_xml/bach-chorales-371/kern/chor359.krn,/Users/auradelagg/aura-lab/bach-propagation/backend/data/silver/bach/chorales/bach_chorale_359.krn,bach_chorale_359.krn,bulk_chorales_371,,Chorale,KEEP_PRIMARY,RENAME,BWV requires manifest lookup
/Users/auradelagg/aura-lab/bach-propagation/backend/data/raw/bulk_xml/bach-chorales-371/kern/chor371.krn,/Users/auradelagg/aura-lab/bach-propagation/backend/data/silver/bach/chorales/bach_chorale_371.krn,bach_chorale_371.krn,bulk_chorales_371,,Chorale,KEEP_PRIMARY,RENAME,BWV requires manifest lookup
/Users/auradelagg/aura-lab/bach-propagation/backend/data/raw/bulk_xml/bach-chorales-371/kern/chor370.krn,/Users/auradelagg/aura-lab/bach-propagation/backend/data/silver/bach/chorales/bach_chorale_370.krn,bach_chorale_370.krn,bulk_chorales_371,,Chorale,KEEP_PRIMARY,RENAME,BWV requires manifest lookup
/Users/auradelagg/aura-lab/bach-propagation/backend/data/raw/bulk_xml/bach-chorales-371/kern/chor364.krn,/Users/auradelagg/aura-lab/bach-propagation/backend/data/silver/bach/chorales/bach_chorale_364.krn,bach_chorale_364.krn,bulk_chorales_371,,Chorale,KEEP_PRIMARY,RENAME,BWV requires manifest lookup
/Users/auradelagg/aura-lab/bach-propagation/backend/data/raw/bulk_xml/bach-chorales-371/kern/chor358.krn,/Users/auradelagg/aura-lab/bach-propagation/backend/data/silver/bach/chorales/bach_chorale_358.krn,bach_chorale_358.krn,bulk_chorales_371,,Chorale,KEEP_PRIMARY,RENAME,BWV requires manifest lookup
/Users/auradelagg/aura-lab/bach-propagation/backend/data/raw/bulk_xml/bach-chorales-371/kern/chor199.krn,/Users/auradelagg/aura-lab/bach-propagation/backend/data/silver/bach/chorales/bach_chorale_199.krn,bach_chorale_199.krn,bulk_chorales_371,,Chorale,KEEP_PRIMARY,RENAME,BWV requires manifest lookup
/Users/auradelagg/aura-lab/bach-propagation/backend/data/raw/bulk_xml/bach-chorales-371/kern/chor172.krn,/Users/auradelagg/aura-lab/bach-propagation/backend/data/silver/bach/chorales/bach_chorale_172.krn,bach_chorale_172.krn,bulk_chorales_371,,Chorale,KEEP_PRIMARY,RENAME,BWV requires manifest lookup
/Users/auradelagg/aura-lab/bach-propagation/backend/data/raw/bulk_xml/bach-chorales-371/kern/chor205.krn,/Users/auradelagg/aura-lab/bach-propagation/backend/data/silver/bach/chorales/bach_chorale_205.krn,bach_chorale_205.krn,bulk_chorales_371,,Chorale,KEEP_PRIMARY,RENAME,BWV requires manifest lookup
/Users/auradelagg/aura-lab/bach-propagation/backend/data/raw/bulk_xml/bach-chorales-371/kern/chor166.krn,/Users/auradelagg/aura-lab/bach-propagation/backend/data/silver/bach/chorales/bach_chorale_166.krn,bach_chorale_166.krn,bulk_chorales_371,,Chorale,KEEP_PRIMARY,RENAME,BWV requires manifest lookup
/Users/auradelagg/aura-lab/bach-propagation/backend/data/raw/bulk_xml/bach-chorales-371/kern/chor006.krn,/Users/auradelagg/aura-lab/bach-propagation/backend/data/silver/bach/chorales/bach_chorale_006.krn,bach_chorale_006.krn,bulk_chorales_371,,Chorale,KEEP_PRIMARY,RENAME,BWV requires manifest lookup
/Users/auradelagg/aura-lab/bach-propagation/backend/data/raw/bulk_xml/bach-chorales-371/kern/chor012.krn,/Users/auradelagg/aura-lab/bach-propagation/backend/data/silver/bach/chorales/bach_chorale_012.krn,bach_chorale_012.krn,bulk_chorales_371,,Chorale,KEEP_PRIMARY,RENAME,BWV requires manifest lookup
/Users/auradelagg/aura-lab/bach-propagation/backend/data/raw/bulk_xml/bach-chorales-371/kern/chor204.krn,/Users/auradelagg/aura-lab/bach-propagation/backend/data/silver/bach/chorales/bach_chorale_204.krn,bach_chorale_204.krn,bulk_chorales_371,,Chorale,KEEP_PRIMARY,RENAME,BWV requires manifest lookup
/Users/auradelagg/aura-lab/bach-propagation/backend/data/raw/bulk_xml/bach-chorales-371/kern/chor238.krn,/Users/auradelagg/aura-lab/bach-propagation/backend/data/silver/bach/chorales/bach_chorale_238.krn,bach_chorale_238.krn,bulk_chorales_371,,Chorale,KEEP_PRIMARY,RENAME,BWV requires manifest lookup
/Users/auradelagg/aura-lab/bach-propagation/backend/data/raw/bulk_xml/bach-chorales-371/kern/chor210.krn,/Users/auradelagg/aura-lab/bach-propagation/backend/data/silver/bach/chorales/bach_chorale_210.krn,bach_chorale_210.krn,bulk_chorales_371,,Chorale,KEEP_PRIMARY,RENAME,BWV requires manifest lookup
/Users/auradelagg/aura-lab/bach-propagation/backend/data/raw/bulk_xml/bach-chorales-371/kern/chor038.krn,/Users/auradelagg/aura-lab/bach-propagation/backend/data/silver/bach/chorales/bach_chorale_038.krn,bach_chorale_038.krn,bulk_chorales_371,,Chorale,KEEP_PRIMARY,RENAME,BWV requires manifest lookup
/Users/auradelagg/aura-lab/bach-propagation/backend/data/raw/bulk_xml/bach-chorales-371/kern/chor206.krn,/Users/auradelagg/aura-lab/bach-propagation/backend/data/silver/bach/chorales/bach_chorale_206.krn,bach_chorale_206.krn,bulk_chorales_371,,Chorale,KEEP_PRIMARY,RENAME,BWV requires manifest lookup
/Users/auradelagg/aura-lab/bach-propagation/backend/data/raw/bulk_xml/bach-chorales-371/kern/chor212.krn,/Users/auradelagg/aura-lab/bach-propagation/backend/data/silver/bach/chorales/bach_chorale_212.krn,bach_chorale_212.krn,bulk_chorales_371,,Chorale,KEEP_PRIMARY,RENAME,BWV requires manifest lookup
/Users/auradelagg/aura-lab/bach-propagation/backend/data/raw/bulk_xml/bach-chorales-371/kern/chor004.krn,/Users/auradelagg/aura-lab/bach-propagation/backend/data/silver/bach/chorales/bach_chorale_004.krn,bach_chorale_004.krn,bulk_chorales_371,,Chorale,KEEP_PRIMARY,RENAME,BWV requires manifest lookup
/Users/auradelagg/aura-lab/bach-propagation/backend/data/raw/bulk_xml/bach-chorales-371/kern/chor010.krn,/Users/auradelagg/aura-lab/bach-propagation/backend/data/silver/bach/chorales/bach_chorale_010.krn,bach_chorale_010.krn,bulk_chorales_371,,Chorale,KEEP_PRIMARY,RENAME,BWV requires manifest lookup
/Users/auradelagg/aura-lab/bach-propagation/backend/data/raw/bulk_xml/bach-chorales-371/kern/chor170.krn,/Users/auradelagg/aura-lab/bach-propagation/backend/data/silver/bach/chorales/bach_chorale_170.krn,bach_chorale_170.krn,bulk_chorales_371,,Chorale,KEEP_PRIMARY,RENAME,BWV requires manifest lookup
/Users/auradelagg/aura-lab/bach-propagation/backend/data/raw/bulk_xml/bach-chorales-371/kern/chor158.krn,/Users/auradelagg/aura-lab/bach-propagation/backend/data/silver/bach/chorales/bach_chorale_158.krn,bach_chorale_158.krn,bulk_chorales_371,,Chorale,KEEP_PRIMARY,RENAME,BWV requires manifest lookup
/Users/auradelagg/aura-lab/bach-propagation/backend/data/raw/bulk_xml/bach-chorales-371/kern/chor164.krn,/Users/auradelagg/aura-lab/bach-propagation/backend/data/silver/bach/chorales/bach_chorale_164.krn,bach_chorale_164.krn,bulk_chorales_371,,Chorale,KEEP_PRIMARY,RENAME,BWV requires manifest lookup
/Users/auradelagg/aura-lab/bach-propagation/backend/data/raw/bulk_xml/bach-chorales-371/kern/chor171.krn,/Users/auradelagg/aura-lab/bach-propagation/backend/data/silver/bach/chorales/bach_chorale_171.krn,bach_chorale_171.krn,bulk_chorales_371,,Chorale,KEEP_PRIMARY,RENAME,BWV requires manifest lookup
/Users/auradelagg/aura-lab/bach-propagation/backend/data/raw/bulk_xml/bach-chorales-371/kern/chor366.krn,/Users/auradelagg/aura-lab/bach-propagation/backend/data/silver/bach/chorales/bach_chorale_366.krn,bach_chorale_366.krn,bulk_chorales_371,,Chorale,KEEP_PRIMARY,RENAME,BWV requires manifest lookup
/Users/auradelagg/aura-lab/bach-propagation/backend/data/raw/bulk_xml/bach-chorales-371/kern/chor367.krn,/Users/auradelagg/aura-lab/bach-propagation/backend/data/silver/bach/chorales/bach_chorale_367.krn,bach_chorale_367.krn,bulk_chorales_371,,Chorale,KEEP_PRIMARY,RENAME,BWV requires manifest lookup
/Users/auradelagg/aura-lab/bach-propagation/backend/data/raw/bulk_xml/bach-chorales-371/kern/chor165.krn,/Users/auradelagg/aura-lab/bach-propagation/backend/data/silver/bach/chorales/bach_chorale_165.krn,bach_chorale_165.krn,bulk_chorales_371,,Chorale,KEEP_PRIMARY,RENAME,BWV requires manifest lookup
/Users/auradelagg/aura-lab/bach-propagation/backend/data/raw/bulk_xml/bach-chorales-371/kern/chor159.krn,/Users/auradelagg/aura-lab/bach-propagation/backend/data/silver/bach/chorales/bach_chorale_159.krn,bach_chorale_159.krn,bulk_chorales_371,,Chorale,KEEP_PRIMARY,RENAME,BWV requires manifest lookup
/Users/auradelagg/aura-lab/bach-propagation/backend/data/raw/bulk_xml/bach-chorales-371/kern/chor213.krn,/Users/auradelagg/aura-lab/bach-propagation/backend/data/silver/bach/chorales/bach_chorale_213.krn,bach_chorale_213.krn,bulk_chorales_371,,Chorale,KEEP_PRIMARY,RENAME,BWV requires manifest lookup
/Users/auradelagg/aura-lab/bach-propagation/backend/data/raw/bulk_xml/bach-chorales-371/kern/chor039.krn,/Users/auradelagg/aura-lab/bach-propagation/backend/data/silver/bach/chorales/bach_chorale_039.krn,bach_chorale_039.krn,bulk_chorales_371,,Chorale,KEEP_PRIMARY,RENAME,BWV requires manifest lookup
/Users/auradelagg/aura-lab/bach-propagation/backend/data/raw/bulk_xml/bach-chorales-371/kern/chor260.krn,/Users/auradelagg/aura-lab/bach-propagation/backend/data/silver/bach/chorales/bach_chorale_260.krn,bach_chorale_260.krn,bulk_chorales_371,,Chorale,KEEP_PRIMARY,RENAME,BWV requires manifest lookup
/Users/auradelagg/aura-lab/bach-propagation/backend/data/raw/bulk_xml/bach-chorales-371/kern/chor207.krn,/Users/auradelagg/aura-lab/bach-propagation/backend/data/silver/bach/chorales/bach_chorale_207.krn,bach_chorale_207.krn,bulk_chorales_371,,Chorale,KEEP_PRIMARY,RENAME,BWV requires manifest lookup
/Users/auradelagg/aura-lab/bach-propagation/backend/data/raw/bulk_xml/bach-chorales-371/kern/chor274.krn,/Users/auradelagg/aura-lab/bach-propagation/backend/data/silver/bach/chorales/bach_chorale_274.krn,bach_chorale_274.krn,bulk_chorales_371,,Chorale,KEEP_PRIMARY,RENAME,BWV requires manifest lookup
/Users/auradelagg/aura-lab/bach-propagation/backend/data/raw/bulk_xml/bach-chorales-371/kern/chor248.krn,/Users/auradelagg/aura-lab/bach-propagation/backend/data/silver/bach/chorales/bach_chorale_248.krn,bach_chorale_248.krn,bulk_chorales_371,,Chorale,KEEP_PRIMARY,RENAME,BWV requires manifest lookup
/Users/auradelagg/aura-lab/bach-propagation/backend/data/raw/bulk_xml/bach-chorales-371/kern/chor005.krn,/Users/auradelagg/aura-lab/bach-propagation/backend/data/silver/bach/chorales/bach_chorale_005.krn,bach_chorale_005.krn,bulk_chorales_371,,Chorale,KEEP_PRIMARY,RENAME,BWV requires manifest lookup
/Users/auradelagg/aura-lab/bach-propagation/backend/data/raw/bulk_xml/bach-chorales-371/kern/chor011.krn,/Users/auradelagg/aura-lab/bach-propagation/backend/data/silver/bach/chorales/bach_chorale_011.krn,bach_chorale_011.krn,bulk_chorales_371,,Chorale,KEEP_PRIMARY,RENAME,BWV requires manifest lookup
/Users/auradelagg/aura-lab/bach-propagation/backend/data/raw/bulk_xml/bach-chorales-371/kern/chor062.krn,/Users/auradelagg/aura-lab/bach-propagation/backend/data/silver/bach/chorales/bach_chorale_062.krn,bach_chorale_062.krn,bulk_chorales_371,,Chorale,KEEP_PRIMARY,RENAME,BWV requires manifest lookup
/Users/auradelagg/aura-lab/bach-propagation/backend/data/raw/bulk_xml/bach-chorales-371/kern/chor076.krn,/Users/auradelagg/aura-lab/bach-propagation/backend/data/silver/bach/chorales/bach_chorale_076.krn,bach_chorale_076.krn,bulk_chorales_371,,Chorale,KEEP_PRIMARY,RENAME,BWV requires manifest lookup
/Users/auradelagg/aura-lab/bach-propagation/backend/data/raw/bulk_xml/bach-chorales-371/kern/chor089.krn,/Users/auradelagg/aura-lab/bach-propagation/backend/data/silver/bach/chorales/bach_chorale_089.krn,bach_chorale_089.krn,bulk_chorales_371,,Chorale,KEEP_PRIMARY,RENAME,BWV requires manifest lookup
/Users/auradelagg/aura-lab/bach-propagation/backend/data/raw/bulk_xml/bach-chorales-371/kern/chor300.krn,/Users/auradelagg/aura-lab/bach-propagation/backend/data/silver/bach/chorales/bach_chorale_300.krn,bach_chorale_300.krn,bulk_chorales_371,,Chorale,KEEP_PRIMARY,RENAME,BWV requires manifest lookup
/Users/auradelagg/aura-lab/bach-propagation/backend/data/raw/bulk_xml/bach-chorales-371/kern/chor314.krn,/Users/auradelagg/aura-lab/bach-propagation/backend/data/silver/bach/chorales/bach_chorale_314.krn,bach_chorale_314.krn,bulk_chorales_371,,Chorale,KEEP_PRIMARY,RENAME,BWV requires manifest lookup
/Users/auradelagg/aura-lab/bach-propagation/backend/data/raw/bulk_xml/bach-chorales-371/kern/chor102.krn,/Users/auradelagg/aura-lab/bach-propagation/backend/data/silver/bach/chorales/bach_chorale_102.krn,bach_chorale_102.krn,bulk_chorales_371,,Chorale,KEEP_PRIMARY,RENAME,BWV requires manifest lookup
/Users/auradelagg/aura-lab/bach-propagation/backend/data/raw/bulk_xml/bach-chorales-371/kern/chor328.krn,/Users/auradelagg/aura-lab/bach-propagation/backend/data/silver/bach/chorales/bach_chorale_328.krn,bach_chorale_328.krn,bulk_chorales_371,,Chorale,KEEP_PRIMARY,RENAME,BWV requires manifest lookup
/Users/auradelagg/aura-lab/bach-propagation/backend/data/raw/bulk_xml/bach-chorales-371/kern/chor329.krn,/Users/auradelagg/aura-lab/bach-propagation/backend/data/silver/bach/chorales/bach_chorale_329.krn,bach_chorale_329.krn,bulk_chorales_371,,Chorale,KEEP_PRIMARY,RENAME,BWV requires manifest lookup
/Users/auradelagg/aura-lab/bach-propagation/backend/data/raw/bulk_xml/bach-chorales-371/kern/chor301.krn,/Users/auradelagg/aura-lab/bach-propagation/backend/data/silver/bach/chorales/bach_chorale_301.krn,bach_chorale_301.krn,bulk_chorales_371,,Chorale,KEEP_PRIMARY,RENAME,BWV requires manifest lookup
/Users/auradelagg/aura-lab/bach-propagation/backend/data/raw/bulk_xml/bach-chorales-371/kern/chor315.krn,/Users/auradelagg/aura-lab/bach-propagation/backend/data/silver/bach/chorales/bach_chorale_315.krn,bach_chorale_315.krn,bulk_chorales_371,,Chorale,KEEP_PRIMARY,RENAME,BWV requires manifest lookup
/Users/auradelagg/aura-lab/bach-propagation/backend/data/raw/bulk_xml/bach-chorales-371/kern/chor103.krn,/Users/auradelagg/aura-lab/bach-propagation/backend/data/silver/bach/chorales/bach_chorale_103.krn,bach_chorale_103.krn,bulk_chorales_371,,Chorale,KEEP_PRIMARY,RENAME,BWV requires manifest lookup
/Users/auradelagg/aura-lab/bach-propagation/backend/data/raw/bulk_xml/bach-chorales-371/kern/chor116.krn,/Users/auradelagg/aura-lab/bach-propagation/backend/data/silver/bach/chorales/bach_chorale_116.krn,bach_chorale_116.krn,bulk_chorales_371,,Chorale,KEEP_PRIMARY,RENAME,BWV requires manifest lookup
/Users/auradelagg/aura-lab/bach-propagation/backend/data/raw/bulk_xml/bach-chorales-371/kern/chor117.krn,/Users/auradelagg/aura-lab/bach-propagation/backend/data/silver/bach/chorales/bach_chorale_117.krn,bach_chorale_117.krn,bulk_chorales_371,,Chorale,KEEP_PRIMARY,RENAME,BWV requires manifest lookup
/Users/auradelagg/aura-lab/bach-propagation/backend/data/raw/bulk_xml/bach-chorales-371/kern/chor077.krn,/Users/auradelagg/aura-lab/bach-propagation/backend/data/silver/bach/chorales/bach_chorale_077.krn,bach_chorale_077.krn,bulk_chorales_371,,Chorale,KEEP_PRIMARY,RENAME,BWV requires manifest lookup
/Users/auradelagg/aura-lab/bach-propagation/backend/data/raw/bulk_xml/bach-chorales-371/kern/chor063.krn,/Users/auradelagg/aura-lab/bach-propagation/backend/data/silver/bach/chorales/bach_chorale_063.krn,bach_chorale_063.krn,bulk_chorales_371,,Chorale,KEEP_PRIMARY,RENAME,BWV requires manifest lookup
/Users/auradelagg/aura-lab/bach-propagation/backend/data/raw/bulk_xml/bach-chorales-371/kern/chor261.krn,/Users/auradelagg/aura-lab/bach-propagation/backend/data/silver/bach/chorales/bach_chorale_261.krn,bach_chorale_261.krn,bulk_chorales_371,,Chorale,KEEP_PRIMARY,RENAME,BWV requires manifest lookup
/Users/auradelagg/aura-lab/bach-propagation/backend/data/raw/bulk_xml/bach-chorales-371/kern/chor088.krn,/Users/auradelagg/aura-lab/bach-propagation/backend/data/silver/bach/chorales/bach_chorale_088.krn,bach_chorale_088.krn,bulk_chorales_371,,Chorale,KEEP_PRIMARY,RENAME,BWV requires manifest lookup
/Users/auradelagg/aura-lab/bach-propagation/backend/data/raw/bulk_xml/bach-chorales-371/kern/chor275.krn,/Users/auradelagg/aura-lab/bach-propagation/backend/data/silver/bach/chorales/bach_chorale_275.krn,bach_chorale_275.krn,bulk_chorales_371,,Chorale,KEEP_PRIMARY,RENAME,BWV requires manifest lookup
/Users/auradelagg/aura-lab/bach-propagation/backend/data/raw/bulk_xml/bach-chorales-371/kern/chor249.krn,/Users/auradelagg/aura-lab/bach-propagation/backend/data/silver/bach/chorales/bach_chorale_249.krn,bach_chorale_249.krn,bulk_chorales_371,,Chorale,KEEP_PRIMARY,RENAME,BWV requires manifest lookup
/Users/auradelagg/aura-lab/bach-propagation/backend/data/raw/bulk_xml/bach-chorales-371/kern/chor049.krn,/Users/auradelagg/aura-lab/bach-propagation/backend/data/silver/bach/chorales/bach_chorale_049.krn,bach_chorale_049.krn,bulk_chorales_371,,Chorale,KEEP_PRIMARY,RENAME,BWV requires manifest lookup
/Users/auradelagg/aura-lab/bach-propagation/backend/data/raw/bulk_xml/bach-chorales-371/kern/chor263.krn,/Users/auradelagg/aura-lab/bach-propagation/backend/data/silver/bach/chorales/bach_chorale_263.krn,bach_chorale_263.krn,bulk_chorales_371,,Chorale,KEEP_PRIMARY,RENAME,BWV requires manifest lookup
/Users/auradelagg/aura-lab/bach-propagation/backend/data/raw/bulk_xml/bach-chorales-371/kern/chor288.krn,/Users/auradelagg/aura-lab/bach-propagation/backend/data/silver/bach/chorales/bach_chorale_288.krn,bach_chorale_288.krn,bulk_chorales_371,,Chorale,KEEP_PRIMARY,RENAME,BWV requires manifest lookup
/Users/auradelagg/aura-lab/bach-propagation/backend/data/raw/bulk_xml/bach-chorales-371/kern/chor277.krn,/Users/auradelagg/aura-lab/bach-propagation/backend/data/silver/bach/chorales/bach_chorale_277.krn,bach_chorale_277.krn,bulk_chorales_371,,Chorale,KEEP_PRIMARY,RENAME,BWV requires manifest lookup
/Users/auradelagg/aura-lab/bach-propagation/backend/data/raw/bulk_xml/bach-chorales-371/kern/chor075.krn,/Users/auradelagg/aura-lab/bach-propagation/backend/data/silver/bach/chorales/bach_chorale_075.krn,bach_chorale_075.krn,bulk_chorales_371,,Chorale,KEEP_PRIMARY,RENAME,BWV requires manifest lookup
/Users/auradelagg/aura-lab/bach-propagation/backend/data/raw/bulk_xml/bach-chorales-371/kern/chor101.krn,/Users/auradelagg/aura-lab/bach-propagation/backend/data/silver/bach/chorales/bach_chorale_101.krn,bach_chorale_101.krn,bulk_chorales_371,,Chorale,KEEP_PRIMARY,RENAME,BWV requires manifest lookup
/Users/auradelagg/aura-lab/bach-propagation/backend/data/raw/bulk_xml/bach-chorales-371/kern/chor303.krn,/Users/auradelagg/aura-lab/bach-propagation/backend/data/silver/bach/chorales/bach_chorale_303.krn,bach_chorale_303.krn,bulk_chorales_371,,Chorale,KEEP_PRIMARY,RENAME,BWV requires manifest lookup
/Users/auradelagg/aura-lab/bach-propagation/backend/data/raw/bulk_xml/bach-chorales-371/kern/chor115.krn,/Users/auradelagg/aura-lab/bach-propagation/backend/data/silver/bach/chorales/bach_chorale_115.krn,bach_chorale_115.krn,bulk_chorales_371,,Chorale,KEEP_PRIMARY,RENAME,BWV requires manifest lookup
/Users/auradelagg/aura-lab/bach-propagation/backend/data/raw/bulk_xml/bach-chorales-371/kern/chor129.krn,/Users/auradelagg/aura-lab/bach-propagation/backend/data/silver/bach/chorales/bach_chorale_129.krn,bach_chorale_129.krn,bulk_chorales_371,,Chorale,KEEP_PRIMARY,RENAME,BWV requires manifest lookup
/Users/auradelagg/aura-lab/bach-propagation/backend/data/raw/bulk_xml/bach-chorales-371/kern/chor061.krn,/Users/auradelagg/aura-lab/bach-propagation/backend/data/silver/bach/chorales/bach_chorale_061.krn,bach_chorale_061.krn,bulk_chorales_371,,Chorale,KEEP_PRIMARY,RENAME,BWV requires manifest lookup
/Users/auradelagg/aura-lab/bach-propagation/backend/data/raw/bulk_xml/bach-chorales-371/kern/chor317.krn,/Users/auradelagg/aura-lab/bach-propagation/backend/data/silver/bach/chorales/bach_chorale_317.krn,bach_chorale_317.krn,bulk_chorales_371,,Chorale,KEEP_PRIMARY,RENAME,BWV requires manifest lookup
/Users/auradelagg/aura-lab/bach-propagation/backend/data/raw/bulk_xml/bach-chorales-371/kern/chor316.krn,/Users/auradelagg/aura-lab/bach-propagation/backend/data/silver/bach/chorales/bach_chorale_316.krn,bach_chorale_316.krn,bulk_chorales_371,,Chorale,KEEP_PRIMARY,RENAME,BWV requires manifest lookup
/Users/auradelagg/aura-lab/bach-propagation/backend/data/raw/bulk_xml/bach-chorales-371/kern/chor302.krn,/Users/auradelagg/aura-lab/bach-propagation/backend/data/silver/bach/chorales/bach_chorale_302.krn,bach_chorale_302.krn,bulk_chorales_371,,Chorale,KEEP_PRIMARY,RENAME,BWV requires manifest lookup
/Users/auradelagg/aura-lab/bach-propagation/backend/data/raw/bulk_xml/bach-chorales-371/kern/chor128.krn,/Users/auradelagg/aura-lab/bach-propagation/backend/data/silver/bach/chorales/bach_chorale_128.krn,bach_chorale_128.krn,bulk_chorales_371,,Chorale,KEEP_PRIMARY,RENAME,BWV requires manifest lookup
/Users/auradelagg/aura-lab/bach-propagation/backend/data/raw/bulk_xml/bach-chorales-371/kern/chor048.krn,/Users/auradelagg/aura-lab/bach-propagation/backend/data/silver/bach/chorales/bach_chorale_048.krn,bach_chorale_048.krn,bulk_chorales_371,,Chorale,KEEP_PRIMARY,RENAME,BWV requires manifest lookup
/Users/auradelagg/aura-lab/bach-propagation/backend/data/raw/bulk_xml/bach-chorales-371/kern/chor114.krn,/Users/auradelagg/aura-lab/bach-propagation/backend/data/silver/bach/chorales/bach_chorale_114.krn,bach_chorale_114.krn,bulk_chorales_371,,Chorale,KEEP_PRIMARY,RENAME,BWV requires manifest lookup
/Users/auradelagg/aura-lab/bach-propagation/backend/data/raw/bulk_xml/bach-chorales-371/kern/chor100.krn,/Users/auradelagg/aura-lab/bach-propagation/backend/data/silver/bach/chorales/bach_chorale_100.krn,bach_chorale_100.krn,bulk_chorales_371,,Chorale,KEEP_PRIMARY,RENAME,BWV requires manifest lookup
/Users/auradelagg/aura-lab/bach-propagation/backend/data/raw/bulk_xml/bach-chorales-371/kern/chor060.krn,/Users/auradelagg/aura-lab/bach-propagation/backend/data/silver/bach/chorales/bach_chorale_060.krn,bach_chorale_060.krn,bulk_chorales_371,,Chorale,KEEP_PRIMARY,RENAME,BWV requires manifest lookup
/Users/auradelagg/aura-lab/bach-propagation/backend/data/raw/bulk_xml/bach-chorales-371/kern/chor074.krn,/Users/auradelagg/aura-lab/bach-propagation/backend/data/silver/bach/chorales/bach_chorale_074.krn,bach_chorale_074.krn,bulk_chorales_371,,Chorale,KEEP_PRIMARY,RENAME,BWV requires manifest lookup
/Users/auradelagg/aura-lab/bach-propagation/backend/data/raw/bulk_xml/bach-chorales-371/kern/chor289.krn,/Users/auradelagg/aura-lab/bach-propagation/backend/data/silver/bach/chorales/bach_chorale_289.krn,bach_chorale_289.krn,bulk_chorales_371,,Chorale,KEEP_PRIMARY,RENAME,BWV requires manifest lookup
/Users/auradelagg/aura-lab/bach-propagation/backend/data/raw/bulk_xml/bach-chorales-371/kern/chor262.krn,/Users/auradelagg/aura-lab/bach-propagation/backend/data/silver/bach/chorales/bach_chorale_262.krn,bach_chorale_262.krn,bulk_chorales_371,,Chorale,KEEP_PRIMARY,RENAME,BWV requires manifest lookup
/Users/auradelagg/aura-lab/bach-propagation/backend/data/raw/bulk_xml/bach-chorales-371/kern/chor276.krn,/Users/auradelagg/aura-lab/bach-propagation/backend/data/silver/bach/chorales/bach_chorale_276.krn,bach_chorale_276.krn,bulk_chorales_371,,Chorale,KEEP_PRIMARY,RENAME,BWV requires manifest lookup
/Users/auradelagg/aura-lab/bach-propagation/backend/data/raw/bulk_xml/bach-chorales-371/kern/chor266.krn,/Users/auradelagg/aura-lab/bach-propagation/backend/data/silver/bach/chorales/bach_chorale_266.krn,bach_chorale_266.krn,bulk_chorales_371,,Chorale,KEEP_PRIMARY,RENAME,BWV requires manifest lookup
/Users/auradelagg/aura-lab/bach-propagation/backend/data/raw/bulk_xml/bach-chorales-371/kern/chor299.krn,/Users/auradelagg/aura-lab/bach-propagation/backend/data/silver/bach/chorales/bach_chorale_299.krn,bach_chorale_299.krn,bulk_chorales_371,,Chorale,KEEP_PRIMARY,RENAME,BWV requires manifest lookup
/Users/auradelagg/aura-lab/bach-propagation/backend/data/raw/bulk_xml/bach-chorales-371/kern/chor272.krn,/Users/auradelagg/aura-lab/bach-propagation/backend/data/silver/bach/chorales/bach_chorale_272.krn,bach_chorale_272.krn,bulk_chorales_371,,Chorale,KEEP_PRIMARY,RENAME,BWV requires manifest lookup
/Users/auradelagg/aura-lab/bach-propagation/backend/data/raw/bulk_xml/bach-chorales-371/kern/chor064.krn,/Users/auradelagg/aura-lab/bach-propagation/backend/data/silver/bach/chorales/bach_chorale_064.krn,bach_chorale_064.krn,bulk_chorales_371,,Chorale,KEEP_PRIMARY,RENAME,BWV requires manifest lookup
/Users/auradelagg/aura-lab/bach-propagation/backend/data/raw/bulk_xml/bach-chorales-371/kern/chor104.krn,/Users/auradelagg/aura-lab/bach-propagation/backend/data/silver/bach/chorales/bach_chorale_104.krn,bach_chorale_104.krn,bulk_chorales_371,,Chorale,KEEP_PRIMARY,RENAME,BWV requires manifest lookup
/Users/auradelagg/aura-lab/bach-propagation/backend/data/raw/bulk_xml/bach-chorales-371/kern/chor070.krn,/Users/auradelagg/aura-lab/bach-propagation/backend/data/silver/bach/chorales/bach_chorale_070.krn,bach_chorale_070.krn,bulk_chorales_371,,Chorale,KEEP_PRIMARY,RENAME,BWV requires manifest lookup
/Users/auradelagg/aura-lab/bach-propagation/backend/data/raw/bulk_xml/bach-chorales-371/kern/chor138.krn,/Users/auradelagg/aura-lab/bach-propagation/backend/data/silver/bach/chorales/bach_chorale_138.krn,bach_chorale_138.krn,bulk_chorales_371,,Chorale,KEEP_PRIMARY,RENAME,BWV requires manifest lookup
/Users/auradelagg/aura-lab/bach-propagation/backend/data/raw/bulk_xml/bach-chorales-371/kern/chor058.krn,/Users/auradelagg/aura-lab/bach-propagation/backend/data/silver/bach/chorales/bach_chorale_058.krn,bach_chorale_058.krn,bulk_chorales_371,,Chorale,KEEP_PRIMARY,RENAME,BWV requires manifest lookup
/Users/auradelagg/aura-lab/bach-propagation/backend/data/raw/bulk_xml/bach-chorales-371/kern/chor110.krn,/Users/auradelagg/aura-lab/bach-propagation/backend/data/silver/bach/chorales/bach_chorale_110.krn,bach_chorale_110.krn,bulk_chorales_371,,Chorale,KEEP_PRIMARY,RENAME,BWV requires manifest lookup
/Users/auradelagg/aura-lab/bach-propagation/backend/data/raw/bulk_xml/bach-chorales-371/kern/chor312.krn,/Users/auradelagg/aura-lab/bach-propagation/backend/data/silver/bach/chorales/bach_chorale_312.krn,bach_chorale_312.krn,bulk_chorales_371,,Chorale,KEEP_PRIMARY,RENAME,BWV requires manifest lookup
/Users/auradelagg/aura-lab/bach-propagation/backend/data/raw/bulk_xml/bach-chorales-371/kern/chor313.krn,/Users/auradelagg/aura-lab/bach-propagation/backend/data/silver/bach/chorales/bach_chorale_313.krn,bach_chorale_313.krn,bulk_chorales_371,,Chorale,KEEP_PRIMARY,RENAME,BWV requires manifest lookup
/Users/auradelagg/aura-lab/bach-propagation/backend/data/raw/bulk_xml/bach-chorales-371/kern/chor111.krn,/Users/auradelagg/aura-lab/bach-propagation/backend/data/silver/bach/chorales/bach_chorale_111.krn,bach_chorale_111.krn,bulk_chorales_371,,Chorale,KEEP_PRIMARY,RENAME,BWV requires manifest lookup
/Users/auradelagg/aura-lab/bach-propagation/backend/data/raw/bulk_xml/bach-chorales-371/kern/chor105.krn,/Users/auradelagg/aura-lab/bach-propagation/backend/data/silver/bach/chorales/bach_chorale_105.krn,bach_chorale_105.krn,bulk_chorales_371,,Chorale,KEEP_PRIMARY,RENAME,BWV requires manifest lookup
/Users/auradelagg/aura-lab/bach-propagation/backend/data/raw/bulk_xml/bach-chorales-371/kern/chor139.krn,/Users/auradelagg/aura-lab/bach-propagation/backend/data/silver/bach/chorales/bach_chorale_139.krn,bach_chorale_139.krn,bulk_chorales_371,,Chorale,KEEP_PRIMARY,RENAME,BWV requires manifest lookup
/Users/auradelagg/aura-lab/bach-propagation/backend/data/raw/bulk_xml/bach-chorales-371/kern/chor306.krn,/Users/auradelagg/aura-lab/bach-propagation/backend/data/silver/bach/chorales/bach_chorale_306.krn,bach_chorale_306.krn,bulk_chorales_371,,Chorale,KEEP_PRIMARY,RENAME,BWV requires manifest lookup
/Users/auradelagg/aura-lab/bach-propagation/backend/data/raw/bulk_xml/bach-chorales-371/kern/chor307.krn,/Users/auradelagg/aura-lab/bach-propagation/backend/data/silver/bach/chorales/bach_chorale_307.krn,bach_chorale_307.krn,bulk_chorales_371,,Chorale,KEEP_PRIMARY,RENAME,BWV requires manifest lookup
/Users/auradelagg/aura-lab/bach-propagation/backend/data/raw/bulk_xml/bach-chorales-371/kern/chor065.krn,/Users/auradelagg/aura-lab/bach-propagation/backend/data/silver/bach/chorales/bach_chorale_065.krn,bach_chorale_065.krn,bulk_chorales_371,,Chorale,KEEP_PRIMARY,RENAME,BWV requires manifest lookup
/Users/auradelagg/aura-lab/bach-propagation/backend/data/raw/bulk_xml/bach-chorales-371/kern/chor059.krn,/Users/auradelagg/aura-lab/bach-propagation/backend/data/silver/bach/chorales/bach_chorale_059.krn,bach_chorale_059.krn,bulk_chorales_371,,Chorale,KEEP_PRIMARY,RENAME,BWV requires manifest lookup
/Users/auradelagg/aura-lab/bach-propagation/backend/data/raw/bulk_xml/bach-chorales-371/kern/chor267.krn,/Users/auradelagg/aura-lab/bach-propagation/backend/data/silver/bach/chorales/bach_chorale_267.krn,bach_chorale_267.krn,bulk_chorales_371,,Chorale,KEEP_PRIMARY,RENAME,BWV requires manifest lookup
/Users/auradelagg/aura-lab/bach-propagation/backend/data/raw/bulk_xml/bach-chorales-371/kern/chor071.krn,/Users/auradelagg/aura-lab/bach-propagation/backend/data/silver/bach/chorales/bach_chorale_071.krn,bach_chorale_071.krn,bulk_chorales_371,,Chorale,KEEP_PRIMARY,RENAME,BWV requires manifest lookup
/Users/auradelagg/aura-lab/bach-propagation/backend/data/raw/bulk_xml/bach-chorales-371/kern/chor273.krn,/Users/auradelagg/aura-lab/bach-propagation/backend/data/silver/bach/chorales/bach_chorale_273.krn,bach_chorale_273.krn,bulk_chorales_371,,Chorale,KEEP_PRIMARY,RENAME,BWV requires manifest lookup
/Users/auradelagg/aura-lab/bach-propagation/backend/data/raw/bulk_xml/bach-chorales-371/kern/chor298.krn,/Users/auradelagg/aura-lab/bach-propagation/backend/data/silver/bach/chorales/bach_chorale_298.krn,bach_chorale_298.krn,bulk_chorales_371,,Chorale,KEEP_PRIMARY,RENAME,BWV requires manifest lookup
/Users/auradelagg/aura-lab/bach-propagation/backend/data/raw/bulk_xml/bach-chorales-371/kern/chor271.krn,/Users/auradelagg/aura-lab/bach-propagation/backend/data/silver/bach/chorales/bach_chorale_271.krn,bach_chorale_271.krn,bulk_chorales_371,,Chorale,KEEP_PRIMARY,RENAME,BWV requires manifest lookup
/Users/auradelagg/aura-lab/bach-propagation/backend/data/raw/bulk_xml/bach-chorales-371/kern/chor265.krn,/Users/auradelagg/aura-lab/bach-propagation/backend/data/silver/bach/chorales/bach_chorale_265.krn,bach_chorale_265.krn,bulk_chorales_371,,Chorale,KEEP_PRIMARY,RENAME,BWV requires manifest lookup
/Users/auradelagg/aura-lab/bach-propagation/backend/data/raw/bulk_xml/bach-chorales-371/kern/chor259.krn,/Users/auradelagg/aura-lab/bach-propagation/backend/data/silver/bach/chorales/bach_chorale_259.krn,bach_chorale_259.krn,bulk_chorales_371,,Chorale,KEEP_PRIMARY,RENAME,BWV requires manifest lookup
/Users/auradelagg/aura-lab/bach-propagation/backend/data/raw/bulk_xml/bach-chorales-371/kern/chor067.krn,/Users/auradelagg/aura-lab/bach-propagation/backend/data/silver/bach/chorales/bach_chorale_067.krn,bach_chorale_067.krn,bulk_chorales_371,,Chorale,KEEP_PRIMARY,RENAME,BWV requires manifest lookup
/Users/auradelagg/aura-lab/bach-propagation/backend/data/raw/bulk_xml/bach-chorales-371/kern/chor073.krn,/Users/auradelagg/aura-lab/bach-propagation/backend/data/silver/bach/chorales/bach_chorale_073.krn,bach_chorale_073.krn,bulk_chorales_371,,Chorale,KEEP_PRIMARY,RENAME,BWV requires manifest lookup
/Users/auradelagg/aura-lab/bach-propagation/backend/data/raw/bulk_xml/bach-chorales-371/kern/chor098.krn,/Users/auradelagg/aura-lab/bach-propagation/backend/data/silver/bach/chorales/bach_chorale_098.krn,bach_chorale_098.krn,bulk_chorales_371,,Chorale,KEEP_PRIMARY,RENAME,BWV requires manifest lookup
/Users/auradelagg/aura-lab/bach-propagation/backend/data/raw/bulk_xml/bach-chorales-371/kern/chor113.krn,/Users/auradelagg/aura-lab/bach-propagation/backend/data/silver/bach/chorales/bach_chorale_113.krn,bach_chorale_113.krn,bulk_chorales_371,,Chorale,KEEP_PRIMARY,RENAME,BWV requires manifest lookup
/Users/auradelagg/aura-lab/bach-propagation/backend/data/raw/bulk_xml/bach-chorales-371/kern/chor339.krn,/Users/auradelagg/aura-lab/bach-propagation/backend/data/silver/bach/chorales/bach_chorale_339.krn,bach_chorale_339.krn,bulk_chorales_371,,Chorale,KEEP_PRIMARY,RENAME,BWV requires manifest lookup
/Users/auradelagg/aura-lab/bach-propagation/backend/data/raw/bulk_xml/bach-chorales-371/kern/chor311.krn,/Users/auradelagg/aura-lab/bach-propagation/backend/data/silver/bach/chorales/bach_chorale_311.krn,bach_chorale_311.krn,bulk_chorales_371,,Chorale,KEEP_PRIMARY,RENAME,BWV requires manifest lookup
/Users/auradelagg/aura-lab/bach-propagation/backend/data/raw/bulk_xml/bach-chorales-371/kern/chor338.krn,/Users/auradelagg/aura-lab/bach-propagation/backend/data/silver/bach/chorales/bach_chorale_338.krn,bach_chorale_338.krn,bulk_chorales_371,,Chorale,KEEP_PRIMARY,RENAME,BWV requires manifest lookup
/Users/auradelagg/aura-lab/bach-propagation/backend/data/raw/bulk_xml/bach-chorales-371/kern/chor107.krn,/Users/auradelagg/aura-lab/bach-propagation/backend/data/silver/bach/chorales/bach_chorale_107.krn,bach_chorale_107.krn,bulk_chorales_371,,Chorale,KEEP_PRIMARY,RENAME,BWV requires manifest lookup
/Users/auradelagg/aura-lab/bach-propagation/backend/data/raw/bulk_xml/bach-chorales-371/kern/chor310.krn,/Users/auradelagg/aura-lab/bach-propagation/backend/data/silver/bach/chorales/bach_chorale_310.krn,bach_chorale_310.krn,bulk_chorales_371,,Chorale,KEEP_PRIMARY,RENAME,BWV requires manifest lookup
/Users/auradelagg/aura-lab/bach-propagation/backend/data/raw/bulk_xml/bach-chorales-371/kern/chor304.krn,/Users/auradelagg/aura-lab/bach-propagation/backend/data/silver/bach/chorales/bach_chorale_304.krn,bach_chorale_304.krn,bulk_chorales_371,,Chorale,KEEP_PRIMARY,RENAME,BWV requires manifest lookup
/Users/auradelagg/aura-lab/bach-propagation/backend/data/raw/bulk_xml/bach-chorales-371/kern/chor305.krn,/Users/auradelagg/aura-lab/bach-propagation/backend/data/silver/bach/chorales/bach_chorale_305.krn,bach_chorale_305.krn,bulk_chorales_371,,Chorale,KEEP_PRIMARY,RENAME,BWV requires manifest lookup
/Users/auradelagg/aura-lab/bach-propagation/backend/data/raw/bulk_xml/bach-chorales-371/kern/chor112.krn,/Users/auradelagg/aura-lab/bach-propagation/backend/data/silver/bach/chorales/bach_chorale_112.krn,bach_chorale_112.krn,bulk_chorales_371,,Chorale,KEEP_PRIMARY,RENAME,BWV requires manifest lookup
/Users/auradelagg/aura-lab/bach-propagation/backend/data/raw/bulk_xml/bach-chorales-371/kern/chor106.krn,/Users/auradelagg/aura-lab/bach-propagation/backend/data/silver/bach/chorales/bach_chorale_106.krn,bach_chorale_106.krn,bulk_chorales_371,,Chorale,KEEP_PRIMARY,RENAME,BWV requires manifest lookup
/Users/auradelagg/aura-lab/bach-propagation/backend/data/raw/bulk_xml/bach-chorales-371/kern/chor099.krn,/Users/auradelagg/aura-lab/bach-propagation/backend/data/silver/bach/chorales/bach_chorale_099.krn,bach_chorale_099.krn,bulk_chorales_371,,Chorale,KEEP_PRIMARY,RENAME,BWV requires manifest lookup
/Users/auradelagg/aura-lab/bach-propagation/backend/data/raw/bulk_xml/bach-chorales-371/kern/chor072.krn,/Users/auradelagg/aura-lab/bach-propagation/backend/data/silver/bach/chorales/bach_chorale_072.krn,bach_chorale_072.krn,bulk_chorales_371,,Chorale,KEEP_PRIMARY,RENAME,BWV requires manifest lookup
/Users/auradelagg/aura-lab/bach-propagation/backend/data/raw/bulk_xml/bach-chorales-371/kern/chor270.krn,/Users/auradelagg/aura-lab/bach-propagation/backend/data/silver/bach/chorales/bach_chorale_270.krn,bach_chorale_270.krn,bulk_chorales_371,,Chorale,KEEP_PRIMARY,RENAME,BWV requires manifest lookup
/Users/auradelagg/aura-lab/bach-propagation/backend/data/raw/bulk_xml/bach-chorales-371/kern/chor264.krn,/Users/auradelagg/aura-lab/bach-propagation/backend/data/silver/bach/chorales/bach_chorale_264.krn,bach_chorale_264.krn,bulk_chorales_371,,Chorale,KEEP_PRIMARY,RENAME,BWV requires manifest lookup
/Users/auradelagg/aura-lab/bach-propagation/backend/data/raw/bulk_xml/bach-chorales-371/kern/chor066.krn,/Users/auradelagg/aura-lab/bach-propagation/backend/data/silver/bach/chorales/bach_chorale_066.krn,bach_chorale_066.krn,bulk_chorales_371,,Chorale,KEEP_PRIMARY,RENAME,BWV requires manifest lookup
/Users/auradelagg/aura-lab/bach-propagation/backend/data/raw/bulk_xml/bach-chorales-371/kern/chor255.krn,/Users/auradelagg/aura-lab/bach-propagation/backend/data/silver/bach/chorales/bach_chorale_255.krn,bach_chorale_255.krn,bulk_chorales_371,,Chorale,KEEP_PRIMARY,RENAME,BWV requires manifest lookup
/Users/auradelagg/aura-lab/bach-propagation/backend/data/raw/bulk_xml/bach-chorales-371/kern/chor258.krn,/Users/auradelagg/aura-lab/bach-propagation/backend/data/silver/bach/chorales/bach_chorale_258.krn,bach_chorale_258.krn,bulk_chorales_371,,Chorale,KEEP_PRIMARY,RENAME,BWV requires manifest lookup
/Users/auradelagg/aura-lab/bach-propagation/backend/data/raw/bulk_xml/bach-chorales-371/kern/chor269.krn,/Users/auradelagg/aura-lab/bach-propagation/backend/data/silver/bach/chorales/bach_chorale_269.krn,bach_chorale_269.krn,bulk_chorales_371,,Chorale,KEEP_PRIMARY,RENAME,BWV requires manifest lookup
/Users/auradelagg/aura-lab/bach-propagation/backend/data/raw/bulk_xml/bach-chorales-371/kern/chor282.krn,/Users/auradelagg/aura-lab/bach-propagation/backend/data/silver/bach/chorales/bach_chorale_282.krn,bach_chorale_282.krn,bulk_chorales_371,,Chorale,KEEP_PRIMARY,RENAME,BWV requires manifest lookup
/Users/auradelagg/aura-lab/bach-propagation/backend/data/raw/bulk_xml/bach-chorales-371/kern/chor057.krn,/Users/auradelagg/aura-lab/bach-propagation/backend/data/silver/bach/chorales/bach_chorale_057.krn,bach_chorale_057.krn,bulk_chorales_371,,Chorale,KEEP_PRIMARY,RENAME,BWV requires manifest lookup
/Users/auradelagg/aura-lab/bach-propagation/backend/data/raw/bulk_xml/bach-chorales-371/kern/chor094.krn,/Users/auradelagg/aura-lab/bach-propagation/backend/data/silver/bach/chorales/bach_chorale_094.krn,bach_chorale_094.krn,bulk_chorales_371,,Chorale,KEEP_PRIMARY,RENAME,BWV requires manifest lookup
/Users/auradelagg/aura-lab/bach-propagation/backend/data/raw/bulk_xml/bach-chorales-371/kern/chor241.krn,/Users/auradelagg/aura-lab/bach-propagation/backend/data/silver/bach/chorales/bach_chorale_241.krn,bach_chorale_241.krn,bulk_chorales_371,,Chorale,KEEP_PRIMARY,RENAME,BWV requires manifest lookup
/Users/auradelagg/aura-lab/bach-propagation/backend/data/raw/bulk_xml/bach-chorales-371/kern/chor043.krn,/Users/auradelagg/aura-lab/bach-propagation/backend/data/silver/bach/chorales/bach_chorale_043.krn,bach_chorale_043.krn,bulk_chorales_371,,Chorale,KEEP_PRIMARY,RENAME,BWV requires manifest lookup
/Users/auradelagg/aura-lab/bach-propagation/backend/data/raw/bulk_xml/bach-chorales-371/kern/chor080.krn,/Users/auradelagg/aura-lab/bach-propagation/backend/data/silver/bach/chorales/bach_chorale_080.krn,bach_chorale_080.krn,bulk_chorales_371,,Chorale,KEEP_PRIMARY,RENAME,BWV requires manifest lookup
/Users/auradelagg/aura-lab/bach-propagation/backend/data/raw/bulk_xml/bach-chorales-371/kern/chor296.krn,/Users/auradelagg/aura-lab/bach-propagation/backend/data/silver/bach/chorales/bach_chorale_296.krn,bach_chorale_296.krn,bulk_chorales_371,,Chorale,KEEP_PRIMARY,RENAME,BWV requires manifest lookup
/Users/auradelagg/aura-lab/bach-propagation/backend/data/raw/bulk_xml/bach-chorales-371/kern/chor123.krn,/Users/auradelagg/aura-lab/bach-propagation/backend/data/silver/bach/chorales/bach_chorale_123.krn,bach_chorale_123.krn,bulk_chorales_371,,Chorale,KEEP_PRIMARY,RENAME,BWV requires manifest lookup
/Users/auradelagg/aura-lab/bach-propagation/backend/data/raw/bulk_xml/bach-chorales-371/kern/chor335.krn,/Users/auradelagg/aura-lab/bach-propagation/backend/data/silver/bach/chorales/bach_chorale_335.krn,bach_chorale_335.krn,bulk_chorales_371,,Chorale,KEEP_PRIMARY,RENAME,BWV requires manifest lookup
/Users/auradelagg/aura-lab/bach-propagation/backend/data/raw/bulk_xml/bach-chorales-371/kern/chor308.krn,/Users/auradelagg/aura-lab/bach-propagation/backend/data/silver/bach/chorales/bach_chorale_308.krn,bach_chorale_308.krn,bulk_chorales_371,,Chorale,KEEP_PRIMARY,RENAME,BWV requires manifest lookup
/Users/auradelagg/aura-lab/bach-propagation/backend/data/raw/bulk_xml/bach-chorales-371/kern/chor321.krn,/Users/auradelagg/aura-lab/bach-propagation/backend/data/silver/bach/chorales/bach_chorale_321.krn,bach_chorale_321.krn,bulk_chorales_371,,Chorale,KEEP_PRIMARY,RENAME,BWV requires manifest lookup
/Users/auradelagg/aura-lab/bach-propagation/backend/data/raw/bulk_xml/bach-chorales-371/kern/chor137.krn,/Users/auradelagg/aura-lab/bach-propagation/backend/data/silver/bach/chorales/bach_chorale_137.krn,bach_chorale_137.krn,bulk_chorales_371,,Chorale,KEEP_PRIMARY,RENAME,BWV requires manifest lookup
/Users/auradelagg/aura-lab/bach-propagation/backend/data/raw/bulk_xml/bach-chorales-371/kern/chor320.krn,/Users/auradelagg/aura-lab/bach-propagation/backend/data/silver/bach/chorales/bach_chorale_320.krn,bach_chorale_320.krn,bulk_chorales_371,,Chorale,KEEP_PRIMARY,RENAME,BWV requires manifest lookup
/Users/auradelagg/aura-lab/bach-propagation/backend/data/raw/bulk_xml/bach-chorales-371/kern/chor309.krn,/Users/auradelagg/aura-lab/bach-propagation/backend/data/silver/bach/chorales/bach_chorale_309.krn,bach_chorale_309.krn,bulk_chorales_371,,Chorale,KEEP_PRIMARY,RENAME,BWV requires manifest lookup
/Users/auradelagg/aura-lab/bach-propagation/backend/data/raw/bulk_xml/bach-chorales-371/kern/chor334.krn,/Users/auradelagg/aura-lab/bach-propagation/backend/data/silver/bach/chorales/bach_chorale_334.krn,bach_chorale_334.krn,bulk_chorales_371,,Chorale,KEEP_PRIMARY,RENAME,BWV requires manifest lookup
/Users/auradelagg/aura-lab/bach-propagation/backend/data/raw/bulk_xml/bach-chorales-371/kern/chor136.krn,/Users/auradelagg/aura-lab/bach-propagation/backend/data/silver/bach/chorales/bach_chorale_136.krn,bach_chorale_136.krn,bulk_chorales_371,,Chorale,KEEP_PRIMARY,RENAME,BWV requires manifest lookup
/Users/auradelagg/aura-lab/bach-propagation/backend/data/raw/bulk_xml/bach-chorales-371/kern/chor122.krn,/Users/auradelagg/aura-lab/bach-propagation/backend/data/silver/bach/chorales/bach_chorale_122.krn,bach_chorale_122.krn,bulk_chorales_371,,Chorale,KEEP_PRIMARY,RENAME,BWV requires manifest lookup
/Users/auradelagg/aura-lab/bach-propagation/backend/data/raw/bulk_xml/bach-chorales-371/kern/chor095.krn,/Users/auradelagg/aura-lab/bach-propagation/backend/data/silver/bach/chorales/bach_chorale_095.krn,bach_chorale_095.krn,bulk_chorales_371,,Chorale,KEEP_PRIMARY,RENAME,BWV requires manifest lookup
/Users/auradelagg/aura-lab/bach-propagation/backend/data/raw/bulk_xml/bach-chorales-371/kern/chor042.krn,/Users/auradelagg/aura-lab/bach-propagation/backend/data/silver/bach/chorales/bach_chorale_042.krn,bach_chorale_042.krn,bulk_chorales_371,,Chorale,KEEP_PRIMARY,RENAME,BWV requires manifest lookup
/Users/auradelagg/aura-lab/bach-propagation/backend/data/raw/bulk_xml/bach-chorales-371/kern/chor081.krn,/Users/auradelagg/aura-lab/bach-propagation/backend/data/silver/bach/chorales/bach_chorale_081.krn,bach_chorale_081.krn,bulk_chorales_371,,Chorale,KEEP_PRIMARY,RENAME,BWV requires manifest lookup
/Users/auradelagg/aura-lab/bach-propagation/backend/data/raw/bulk_xml/bach-chorales-371/kern/chor056.krn,/Users/auradelagg/aura-lab/bach-propagation/backend/data/silver/bach/chorales/bach_chorale_056.krn,bach_chorale_056.krn,bulk_chorales_371,,Chorale,KEEP_PRIMARY,RENAME,BWV requires manifest lookup
/Users/auradelagg/aura-lab/bach-propagation/backend/data/raw/bulk_xml/bach-chorales-371/kern/chor240.krn,/Users/auradelagg/aura-lab/bach-propagation/backend/data/silver/bach/chorales/bach_chorale_240.krn,bach_chorale_240.krn,bulk_chorales_371,,Chorale,KEEP_PRIMARY,RENAME,BWV requires manifest lookup
/Users/auradelagg/aura-lab/bach-propagation/backend/data/raw/bulk_xml/bach-chorales-371/kern/chor297.krn,/Users/auradelagg/aura-lab/bach-propagation/backend/data/silver/bach/chorales/bach_chorale_297.krn,bach_chorale_297.krn,bulk_chorales_371,,Chorale,KEEP_PRIMARY,RENAME,BWV requires manifest lookup
/Users/auradelagg/aura-lab/bach-propagation/backend/data/raw/bulk_xml/bach-chorales-371/kern/chor283.krn,/Users/auradelagg/aura-lab/bach-propagation/backend/data/silver/bach/chorales/bach_chorale_283.krn,bach_chorale_283.krn,bulk_chorales_371,,Chorale,KEEP_PRIMARY,RENAME,BWV requires manifest lookup
/Users/auradelagg/aura-lab/bach-propagation/backend/data/raw/bulk_xml/bach-chorales-371/kern/chor254.krn,/Users/auradelagg/aura-lab/bach-propagation/backend/data/silver/bach/chorales/bach_chorale_254.krn,bach_chorale_254.krn,bulk_chorales_371,,Chorale,KEEP_PRIMARY,RENAME,BWV requires manifest lookup
/Users/auradelagg/aura-lab/bach-propagation/backend/data/raw/bulk_xml/bach-chorales-371/kern/chor295.krn,/Users/auradelagg/aura-lab/bach-propagation/backend/data/silver/bach/chorales/bach_chorale_295.krn,bach_chorale_295.krn,bulk_chorales_371,,Chorale,KEEP_PRIMARY,RENAME,BWV requires manifest lookup
/Users/auradelagg/aura-lab/bach-propagation/backend/data/raw/bulk_xml/bach-chorales-371/kern/chor268.krn,/Users/auradelagg/aura-lab/bach-propagation/backend/data/silver/bach/chorales/bach_chorale_268.krn,bach_chorale_268.krn,bulk_chorales_371,,Chorale,KEEP_PRIMARY,RENAME,BWV requires manifest lookup
/Users/auradelagg/aura-lab/bach-propagation/backend/data/raw/bulk_xml/bach-chorales-371/kern/chor242.krn,/Users/auradelagg/aura-lab/bach-propagation/backend/data/silver/bach/chorales/bach_chorale_242.krn,bach_chorale_242.krn,bulk_chorales_371,,Chorale,KEEP_PRIMARY,RENAME,BWV requires manifest lookup
/Users/auradelagg/aura-lab/bach-propagation/backend/data/raw/bulk_xml/bach-chorales-371/kern/chor256.krn,/Users/auradelagg/aura-lab/bach-propagation/backend/data/silver/bach/chorales/bach_chorale_256.krn,bach_chorale_256.krn,bulk_chorales_371,,Chorale,KEEP_PRIMARY,RENAME,BWV requires manifest lookup
/Users/auradelagg/aura-lab/bach-propagation/backend/data/raw/bulk_xml/bach-chorales-371/kern/chor040.krn,/Users/auradelagg/aura-lab/bach-propagation/backend/data/silver/bach/chorales/bach_chorale_040.krn,bach_chorale_040.krn,bulk_chorales_371,,Chorale,KEEP_PRIMARY,RENAME,BWV requires manifest lookup
/Users/auradelagg/aura-lab/bach-propagation/backend/data/raw/bulk_xml/bach-chorales-371/kern/chor054.krn,/Users/auradelagg/aura-lab/bach-propagation/backend/data/silver/bach/chorales/bach_chorale_054.krn,bach_chorale_054.krn,bulk_chorales_371,,Chorale,KEEP_PRIMARY,RENAME,BWV requires manifest lookup
/Users/auradelagg/aura-lab/bach-propagation/backend/data/raw/bulk_xml/bach-chorales-371/kern/chor281.krn,/Users/auradelagg/aura-lab/bach-propagation/backend/data/silver/bach/chorales/bach_chorale_281.krn,bach_chorale_281.krn,bulk_chorales_371,,Chorale,KEEP_PRIMARY,RENAME,BWV requires manifest lookup
/Users/auradelagg/aura-lab/bach-propagation/backend/data/raw/bulk_xml/bach-chorales-371/kern/chor068.krn,/Users/auradelagg/aura-lab/bach-propagation/backend/data/silver/bach/chorales/bach_chorale_068.krn,bach_chorale_068.krn,bulk_chorales_371,,Chorale,KEEP_PRIMARY,RENAME,BWV requires manifest lookup
/Users/auradelagg/aura-lab/bach-propagation/backend/data/raw/bulk_xml/bach-chorales-371/kern/chor097.krn,/Users/auradelagg/aura-lab/bach-propagation/backend/data/silver/bach/chorales/bach_chorale_097.krn,bach_chorale_097.krn,bulk_chorales_371,,Chorale,KEEP_PRIMARY,RENAME,BWV requires manifest lookup
/Users/auradelagg/aura-lab/bach-propagation/backend/data/raw/bulk_xml/bach-chorales-371/kern/chor083.krn,/Users/auradelagg/aura-lab/bach-propagation/backend/data/silver/bach/chorales/bach_chorale_083.krn,bach_chorale_083.krn,bulk_chorales_371,,Chorale,KEEP_PRIMARY,RENAME,BWV requires manifest lookup
/Users/auradelagg/aura-lab/bach-propagation/backend/data/raw/bulk_xml/bach-chorales-371/kern/chor120.krn,/Users/auradelagg/aura-lab/bach-propagation/backend/data/silver/bach/chorales/bach_chorale_120.krn,bach_chorale_120.krn,bulk_chorales_371,,Chorale,KEEP_PRIMARY,RENAME,BWV requires manifest lookup
/Users/auradelagg/aura-lab/bach-propagation/backend/data/raw/bulk_xml/bach-chorales-371/kern/chor134.krn,/Users/auradelagg/aura-lab/bach-propagation/backend/data/silver/bach/chorales/bach_chorale_134.krn,bach_chorale_134.krn,bulk_chorales_371,,Chorale,KEEP_PRIMARY,RENAME,BWV requires manifest lookup
/Users/auradelagg/aura-lab/bach-propagation/backend/data/raw/bulk_xml/bach-chorales-371/kern/chor108.krn,/Users/auradelagg/aura-lab/bach-propagation/backend/data/silver/bach/chorales/bach_chorale_108.krn,bach_chorale_108.krn,bulk_chorales_371,,Chorale,KEEP_PRIMARY,RENAME,BWV requires manifest lookup
/Users/auradelagg/aura-lab/bach-propagation/backend/data/raw/bulk_xml/bach-chorales-371/kern/chor336.krn,/Users/auradelagg/aura-lab/bach-propagation/backend/data/silver/bach/chorales/bach_chorale_336.krn,bach_chorale_336.krn,bulk_chorales_371,,Chorale,KEEP_PRIMARY,RENAME,BWV requires manifest lookup
/Users/auradelagg/aura-lab/bach-propagation/backend/data/raw/bulk_xml/bach-chorales-371/kern/chor322.krn,/Users/auradelagg/aura-lab/bach-propagation/backend/data/silver/bach/chorales/bach_chorale_322.krn,bach_chorale_322.krn,bulk_chorales_371,,Chorale,KEEP_PRIMARY,RENAME,BWV requires manifest lookup
/Users/auradelagg/aura-lab/bach-propagation/backend/data/raw/bulk_xml/bach-chorales-371/kern/chor337.krn,/Users/auradelagg/aura-lab/bach-propagation/backend/data/silver/bach/chorales/bach_chorale_337.krn,bach_chorale_337.krn,bulk_chorales_371,,Chorale,KEEP_PRIMARY,RENAME,BWV requires manifest lookup
/Users/auradelagg/aura-lab/bach-propagation/backend/data/raw/bulk_xml/bach-chorales-371/kern/chor323.krn,/Users/auradelagg/aura-lab/bach-propagation/backend/data/silver/bach/chorales/bach_chorale_323.krn,bach_chorale_323.krn,bulk_chorales_371,,Chorale,KEEP_PRIMARY,RENAME,BWV requires manifest lookup
/Users/auradelagg/aura-lab/bach-propagation/backend/data/raw/bulk_xml/bach-chorales-371/kern/chor135.krn,/Users/auradelagg/aura-lab/bach-propagation/backend/data/silver/bach/chorales/bach_chorale_135.krn,bach_chorale_135.krn,bulk_chorales_371,,Chorale,KEEP_PRIMARY,RENAME,BWV requires manifest lookup
/Users/auradelagg/aura-lab/bach-propagation/backend/data/raw/bulk_xml/bach-chorales-371/kern/chor121.krn,/Users/auradelagg/aura-lab/bach-propagation/backend/data/silver/bach/chorales/bach_chorale_121.krn,bach_chorale_121.krn,bulk_chorales_371,,Chorale,KEEP_PRIMARY,RENAME,BWV requires manifest lookup
/Users/auradelagg/aura-lab/bach-propagation/backend/data/raw/bulk_xml/bach-chorales-371/kern/chor096.krn,/Users/auradelagg/aura-lab/bach-propagation/backend/data/silver/bach/chorales/bach_chorale_096.krn,bach_chorale_096.krn,bulk_chorales_371,,Chorale,KEEP_PRIMARY,RENAME,BWV requires manifest lookup
/Users/auradelagg/aura-lab/bach-propagation/backend/data/raw/bulk_xml/bach-chorales-371/kern/chor082.krn,/Users/auradelagg/aura-lab/bach-propagation/backend/data/silver/bach/chorales/bach_chorale_082.krn,bach_chorale_082.krn,bulk_chorales_371,,Chorale,KEEP_PRIMARY,RENAME,BWV requires manifest lookup
/Users/auradelagg/aura-lab/bach-propagation/backend/data/raw/bulk_xml/bach-chorales-371/kern/chor109.krn,/Users/auradelagg/aura-lab/bach-propagation/backend/data/silver/bach/chorales/bach_chorale_109.krn,bach_chorale_109.krn,bulk_chorales_371,,Chorale,KEEP_PRIMARY,RENAME,BWV requires manifest lookup
/Users/auradelagg/aura-lab/bach-propagation/backend/data/raw/bulk_xml/bach-chorales-371/kern/chor041.krn,/Users/auradelagg/aura-lab/bach-propagation/backend/data/silver/bach/chorales/bach_chorale_041.krn,bach_chorale_041.krn,bulk_chorales_371,,Chorale,KEEP_PRIMARY,RENAME,BWV requires manifest lookup
/Users/auradelagg/aura-lab/bach-propagation/backend/data/raw/bulk_xml/bach-chorales-371/kern/chor055.krn,/Users/auradelagg/aura-lab/bach-propagation/backend/data/silver/bach/chorales/bach_chorale_055.krn,bach_chorale_055.krn,bulk_chorales_371,,Chorale,KEEP_PRIMARY,RENAME,BWV requires manifest lookup
/Users/auradelagg/aura-lab/bach-propagation/backend/data/raw/bulk_xml/bach-chorales-371/kern/chor069.krn,/Users/auradelagg/aura-lab/bach-propagation/backend/data/silver/bach/chorales/bach_chorale_069.krn,bach_chorale_069.krn,bulk_chorales_371,,Chorale,KEEP_PRIMARY,RENAME,BWV requires manifest lookup
/Users/auradelagg/aura-lab/bach-propagation/backend/data/raw/bulk_xml/bach-chorales-371/kern/chor257.krn,/Users/auradelagg/aura-lab/bach-propagation/backend/data/silver/bach/chorales/bach_chorale_257.krn,bach_chorale_257.krn,bulk_chorales_371,,Chorale,KEEP_PRIMARY,RENAME,BWV requires manifest lookup
/Users/auradelagg/aura-lab/bach-propagation/backend/data/raw/bulk_xml/bach-chorales-371/kern/chor294.krn,/Users/auradelagg/aura-lab/bach-propagation/backend/data/silver/bach/chorales/bach_chorale_294.krn,bach_chorale_294.krn,bulk_chorales_371,,Chorale,KEEP_PRIMARY,RENAME,BWV requires manifest lookup
/Users/auradelagg/aura-lab/bach-propagation/backend/data/raw/bulk_xml/bach-chorales-371/kern/chor243.krn,/Users/auradelagg/aura-lab/bach-propagation/backend/data/silver/bach/chorales/bach_chorale_243.krn,bach_chorale_243.krn,bulk_chorales_371,,Chorale,KEEP_PRIMARY,RENAME,BWV requires manifest lookup
/Users/auradelagg/aura-lab/bach-propagation/backend/data/raw/bulk_xml/bach-chorales-371/kern/chor253.krn,/Users/auradelagg/aura-lab/bach-propagation/backend/data/silver/bach/chorales/bach_chorale_253.krn,bach_chorale_253.krn,bulk_chorales_371,,Chorale,KEEP_PRIMARY,RENAME,BWV requires manifest lookup
/Users/auradelagg/aura-lab/bach-propagation/backend/data/raw/bulk_xml/bach-chorales-371/kern/chor247.krn,/Users/auradelagg/aura-lab/bach-propagation/backend/data/silver/bach/chorales/bach_chorale_247.krn,bach_chorale_247.krn,bulk_chorales_371,,Chorale,KEEP_PRIMARY,RENAME,BWV requires manifest lookup
/Users/auradelagg/aura-lab/bach-propagation/backend/data/raw/bulk_xml/bach-chorales-371/kern/chor280.krn,/Users/auradelagg/aura-lab/bach-propagation/backend/data/silver/bach/chorales/bach_chorale_280.krn,bach_chorale_280.krn,bulk_chorales_371,,Chorale,KEEP_PRIMARY,RENAME,BWV requires manifest lookup
/Users/auradelagg/aura-lab/bach-propagation/backend/data/raw/bulk_xml/bach-chorales-371/kern/chor290.krn,/Users/auradelagg/aura-lab/bach-propagation/backend/data/silver/bach/chorales/bach_chorale_290.krn,bach_chorale_290.krn,bulk_chorales_371,,Chorale,KEEP_PRIMARY,RENAME,BWV requires manifest lookup
/Users/auradelagg/aura-lab/bach-propagation/backend/data/raw/bulk_xml/bach-chorales-371/kern/chor284.krn,/Users/auradelagg/aura-lab/bach-propagation/backend/data/silver/bach/chorales/bach_chorale_284.krn,bach_chorale_284.krn,bulk_chorales_371,,Chorale,KEEP_PRIMARY,RENAME,BWV requires manifest lookup
/Users/auradelagg/aura-lab/bach-propagation/backend/data/raw/bulk_xml/bach-chorales-371/kern/chor051.krn,/Users/auradelagg/aura-lab/bach-propagation/backend/data/silver/bach/chorales/bach_chorale_051.krn,bach_chorale_051.krn,bulk_chorales_371,,Chorale,KEEP_PRIMARY,RENAME,BWV requires manifest lookup
/Users/auradelagg/aura-lab/bach-propagation/backend/data/raw/bulk_xml/bach-chorales-371/kern/chor079.krn,/Users/auradelagg/aura-lab/bach-propagation/backend/data/silver/bach/chorales/bach_chorale_079.krn,bach_chorale_079.krn,bulk_chorales_371,,Chorale,KEEP_PRIMARY,RENAME,BWV requires manifest lookup
/Users/auradelagg/aura-lab/bach-propagation/backend/data/raw/bulk_xml/bach-chorales-371/kern/chor045.krn,/Users/auradelagg/aura-lab/bach-propagation/backend/data/silver/bach/chorales/bach_chorale_045.krn,bach_chorale_045.krn,bulk_chorales_371,,Chorale,KEEP_PRIMARY,RENAME,BWV requires manifest lookup
/Users/auradelagg/aura-lab/bach-propagation/backend/data/raw/bulk_xml/bach-chorales-371/kern/chor092.krn,/Users/auradelagg/aura-lab/bach-propagation/backend/data/silver/bach/chorales/bach_chorale_092.krn,bach_chorale_092.krn,bulk_chorales_371,,Chorale,KEEP_PRIMARY,RENAME,BWV requires manifest lookup
/Users/auradelagg/aura-lab/bach-propagation/backend/data/raw/bulk_xml/bach-chorales-371/kern/chor086.krn,/Users/auradelagg/aura-lab/bach-propagation/backend/data/silver/bach/chorales/bach_chorale_086.krn,bach_chorale_086.krn,bulk_chorales_371,,Chorale,KEEP_PRIMARY,RENAME,BWV requires manifest lookup
/Users/auradelagg/aura-lab/bach-propagation/backend/data/raw/bulk_xml/bach-chorales-371/kern/chor125.krn,/Users/auradelagg/aura-lab/bach-propagation/backend/data/silver/bach/chorales/bach_chorale_125.krn,bach_chorale_125.krn,bulk_chorales_371,,Chorale,KEEP_PRIMARY,RENAME,BWV requires manifest lookup
/Users/auradelagg/aura-lab/bach-propagation/backend/data/raw/bulk_xml/bach-chorales-371/kern/chor131.krn,/Users/auradelagg/aura-lab/bach-propagation/backend/data/silver/bach/chorales/bach_chorale_131.krn,bach_chorale_131.krn,bulk_chorales_371,,Chorale,KEEP_PRIMARY,RENAME,BWV requires manifest lookup
/Users/auradelagg/aura-lab/bach-propagation/backend/data/raw/bulk_xml/bach-chorales-371/kern/chor327.krn,/Users/auradelagg/aura-lab/bach-propagation/backend/data/silver/bach/chorales/bach_chorale_327.krn,bach_chorale_327.krn,bulk_chorales_371,,Chorale,KEEP_PRIMARY,RENAME,BWV requires manifest lookup
/Users/auradelagg/aura-lab/bach-propagation/backend/data/raw/bulk_xml/bach-chorales-371/kern/chor326.krn,/Users/auradelagg/aura-lab/bach-propagation/backend/data/silver/bach/chorales/bach_chorale_326.krn,bach_chorale_326.krn,bulk_chorales_371,,Chorale,KEEP_PRIMARY,RENAME,BWV requires manifest lookup
/Users/auradelagg/aura-lab/bach-propagation/backend/data/raw/bulk_xml/bach-chorales-371/kern/chor333.krn,/Users/auradelagg/aura-lab/bach-propagation/backend/data/silver/bach/chorales/bach_chorale_333.krn,bach_chorale_333.krn,bulk_chorales_371,,Chorale,KEEP_PRIMARY,RENAME,BWV requires manifest lookup
/Users/auradelagg/aura-lab/bach-propagation/backend/data/raw/bulk_xml/bach-chorales-371/kern/chor119.krn,/Users/auradelagg/aura-lab/bach-propagation/backend/data/silver/bach/chorales/bach_chorale_119.krn,bach_chorale_119.krn,bulk_chorales_371,,Chorale,KEEP_PRIMARY,RENAME,BWV requires manifest lookup
/Users/auradelagg/aura-lab/bach-propagation/backend/data/raw/bulk_xml/bach-chorales-371/kern/chor130.krn,/Users/auradelagg/aura-lab/bach-propagation/backend/data/silver/bach/chorales/bach_chorale_130.krn,bach_chorale_130.krn,bulk_chorales_371,,Chorale,KEEP_PRIMARY,RENAME,BWV requires manifest lookup
/Users/auradelagg/aura-lab/bach-propagation/backend/data/raw/bulk_xml/bach-chorales-371/kern/chor332.krn,/Users/auradelagg/aura-lab/bach-propagation/backend/data/silver/bach/chorales/bach_chorale_332.krn,bach_chorale_332.krn,bulk_chorales_371,,Chorale,KEEP_PRIMARY,RENAME,BWV requires manifest lookup
/Users/auradelagg/aura-lab/bach-propagation/backend/data/raw/bulk_xml/bach-chorales-371/kern/chor124.krn,/Users/auradelagg/aura-lab/bach-propagation/backend/data/silver/bach/chorales/bach_chorale_124.krn,bach_chorale_124.krn,bulk_chorales_371,,Chorale,KEEP_PRIMARY,RENAME,BWV requires manifest lookup
/Users/auradelagg/aura-lab/bach-propagation/backend/data/raw/bulk_xml/bach-chorales-371/kern/chor050.krn,/Users/auradelagg/aura-lab/bach-propagation/backend/data/silver/bach/chorales/bach_chorale_050.krn,bach_chorale_050.krn,bulk_chorales_371,,Chorale,KEEP_PRIMARY,RENAME,BWV requires manifest lookup
/Users/auradelagg/aura-lab/bach-propagation/backend/data/raw/bulk_xml/bach-chorales-371/kern/chor118.krn,/Users/auradelagg/aura-lab/bach-propagation/backend/data/silver/bach/chorales/bach_chorale_118.krn,bach_chorale_118.krn,bulk_chorales_371,,Chorale,KEEP_PRIMARY,RENAME,BWV requires manifest lookup
/Users/auradelagg/aura-lab/bach-propagation/backend/data/raw/bulk_xml/bach-chorales-371/kern/chor078.krn,/Users/auradelagg/aura-lab/bach-propagation/backend/data/silver/bach/chorales/bach_chorale_078.krn,bach_chorale_078.krn,bulk_chorales_371,,Chorale,KEEP_PRIMARY,RENAME,BWV requires manifest lookup
/Users/auradelagg/aura-lab/bach-propagation/backend/data/raw/bulk_xml/bach-chorales-371/kern/chor087.krn,/Users/auradelagg/aura-lab/bach-propagation/backend/data/silver/bach/chorales/bach_chorale_087.krn,bach_chorale_087.krn,bulk_chorales_371,,Chorale,KEEP_PRIMARY,RENAME,BWV requires manifest lookup
/Users/auradelagg/aura-lab/bach-propagation/backend/data/raw/bulk_xml/bach-chorales-371/kern/chor093.krn,/Users/auradelagg/aura-lab/bach-propagation/backend/data/silver/bach/chorales/bach_chorale_093.krn,bach_chorale_093.krn,bulk_chorales_371,,Chorale,KEEP_PRIMARY,RENAME,BWV requires manifest lookup
/Users/auradelagg/aura-lab/bach-propagation/backend/data/raw/bulk_xml/bach-chorales-371/kern/chor044.krn,/Users/auradelagg/aura-lab/bach-propagation/backend/data/silver/bach/chorales/bach_chorale_044.krn,bach_chorale_044.krn,bulk_chorales_371,,Chorale,KEEP_PRIMARY,RENAME,BWV requires manifest lookup
/Users/auradelagg/aura-lab/bach-propagation/backend/data/raw/bulk_xml/bach-chorales-371/kern/chor285.krn,/Users/auradelagg/aura-lab/bach-propagation/backend/data/silver/bach/chorales/bach_chorale_285.krn,bach_chorale_285.krn,bulk_chorales_371,,Chorale,KEEP_PRIMARY,RENAME,BWV requires manifest lookup
/Users/auradelagg/aura-lab/bach-propagation/backend/data/raw/bulk_xml/bach-chorales-371/kern/chor291.krn,/Users/auradelagg/aura-lab/bach-propagation/backend/data/silver/bach/chorales/bach_chorale_291.krn,bach_chorale_291.krn,bulk_chorales_371,,Chorale,KEEP_PRIMARY,RENAME,BWV requires manifest lookup
/Users/auradelagg/aura-lab/bach-propagation/backend/data/raw/bulk_xml/bach-chorales-371/kern/chor246.krn,/Users/auradelagg/aura-lab/bach-propagation/backend/data/silver/bach/chorales/bach_chorale_246.krn,bach_chorale_246.krn,bulk_chorales_371,,Chorale,KEEP_PRIMARY,RENAME,BWV requires manifest lookup
/Users/auradelagg/aura-lab/bach-propagation/backend/data/raw/bulk_xml/bach-chorales-371/kern/chor278.krn,/Users/auradelagg/aura-lab/bach-propagation/backend/data/silver/bach/chorales/bach_chorale_278.krn,bach_chorale_278.krn,bulk_chorales_371,,Chorale,KEEP_PRIMARY,RENAME,BWV requires manifest lookup
/Users/auradelagg/aura-lab/bach-propagation/backend/data/raw/bulk_xml/bach-chorales-371/kern/chor250.krn,/Users/auradelagg/aura-lab/bach-propagation/backend/data/silver/bach/chorales/bach_chorale_250.krn,bach_chorale_250.krn,bulk_chorales_371,,Chorale,KEEP_PRIMARY,RENAME,BWV requires manifest lookup
/Users/auradelagg/aura-lab/bach-propagation/backend/data/raw/bulk_xml/bach-chorales-371/kern/chor287.krn,/Users/auradelagg/aura-lab/bach-propagation/backend/data/silver/bach/chorales/bach_chorale_287.krn,bach_chorale_287.krn,bulk_chorales_371,,Chorale,KEEP_PRIMARY,RENAME,BWV requires manifest lookup
/Users/auradelagg/aura-lab/bach-propagation/backend/data/raw/bulk_xml/bach-chorales-371/kern/chor244.krn,/Users/auradelagg/aura-lab/bach-propagation/backend/data/silver/bach/chorales/bach_chorale_244.krn,bach_chorale_244.krn,bulk_chorales_371,,Chorale,KEEP_PRIMARY,RENAME,BWV requires manifest lookup
/Users/auradelagg/aura-lab/bach-propagation/backend/data/raw/bulk_xml/bach-chorales-371/kern/chor293.krn,/Users/auradelagg/aura-lab/bach-propagation/backend/data/silver/bach/chorales/bach_chorale_293.krn,bach_chorale_293.krn,bulk_chorales_371,,Chorale,KEEP_PRIMARY,RENAME,BWV requires manifest lookup
/Users/auradelagg/aura-lab/bach-propagation/backend/data/raw/bulk_xml/bach-chorales-371/kern/chor046.krn,/Users/auradelagg/aura-lab/bach-propagation/backend/data/silver/bach/chorales/bach_chorale_046.krn,bach_chorale_046.krn,bulk_chorales_371,,Chorale,KEEP_PRIMARY,RENAME,BWV requires manifest lookup
/Users/auradelagg/aura-lab/bach-propagation/backend/data/raw/bulk_xml/bach-chorales-371/kern/chor252.krn,/Users/auradelagg/aura-lab/bach-propagation/backend/data/silver/bach/chorales/bach_chorale_252.krn,bach_chorale_252.krn,bulk_chorales_371,,Chorale,KEEP_PRIMARY,RENAME,BWV requires manifest lookup
/Users/auradelagg/aura-lab/bach-propagation/backend/data/raw/bulk_xml/bach-chorales-371/kern/chor052.krn,/Users/auradelagg/aura-lab/bach-propagation/backend/data/silver/bach/chorales/bach_chorale_052.krn,bach_chorale_052.krn,bulk_chorales_371,,Chorale,KEEP_PRIMARY,RENAME,BWV requires manifest lookup
/Users/auradelagg/aura-lab/bach-propagation/backend/data/raw/bulk_xml/bach-chorales-371/kern/chor085.krn,/Users/auradelagg/aura-lab/bach-propagation/backend/data/silver/bach/chorales/bach_chorale_085.krn,bach_chorale_085.krn,bulk_chorales_371,,Chorale,KEEP_PRIMARY,RENAME,BWV requires manifest lookup
/Users/auradelagg/aura-lab/bach-propagation/backend/data/raw/bulk_xml/bach-chorales-371/kern/chor318.krn,/Users/auradelagg/aura-lab/bach-propagation/backend/data/silver/bach/chorales/bach_chorale_318.krn,bach_chorale_318.krn,bulk_chorales_371,,Chorale,KEEP_PRIMARY,RENAME,BWV requires manifest lookup
/Users/auradelagg/aura-lab/bach-propagation/backend/data/raw/bulk_xml/bach-chorales-371/kern/chor126.krn,/Users/auradelagg/aura-lab/bach-propagation/backend/data/silver/bach/chorales/bach_chorale_126.krn,bach_chorale_126.krn,bulk_chorales_371,,Chorale,KEEP_PRIMARY,RENAME,BWV requires manifest lookup
/Users/auradelagg/aura-lab/bach-propagation/backend/data/raw/bulk_xml/bach-chorales-371/kern/chor330.krn,/Users/auradelagg/aura-lab/bach-propagation/backend/data/silver/bach/chorales/bach_chorale_330.krn,bach_chorale_330.krn,bulk_chorales_371,,Chorale,KEEP_PRIMARY,RENAME,BWV requires manifest lookup
/Users/auradelagg/aura-lab/bach-propagation/backend/data/raw/bulk_xml/bach-chorales-371/kern/chor324.krn,/Users/auradelagg/aura-lab/bach-propagation/backend/data/silver/bach/chorales/bach_chorale_324.krn,bach_chorale_324.krn,bulk_chorales_371,,Chorale,KEEP_PRIMARY,RENAME,BWV requires manifest lookup
/Users/auradelagg/aura-lab/bach-propagation/backend/data/raw/bulk_xml/bach-chorales-371/kern/chor325.krn,/Users/auradelagg/aura-lab/bach-propagation/backend/data/silver/bach/chorales/bach_chorale_325.krn,bach_chorale_325.krn,bulk_chorales_371,,Chorale,KEEP_PRIMARY,RENAME,BWV requires manifest lookup
/Users/auradelagg/aura-lab/bach-propagation/backend/data/raw/bulk_xml/bach-chorales-371/kern/chor091.krn,/Users/auradelagg/aura-lab/bach-propagation/backend/data/silver/bach/chorales/bach_chorale_091.krn,bach_chorale_091.krn,bulk_chorales_371,,Chorale,KEEP_PRIMARY,RENAME,BWV requires manifest lookup
/Users/auradelagg/aura-lab/bach-propagation/backend/data/raw/bulk_xml/bach-chorales-371/kern/chor331.krn,/Users/auradelagg/aura-lab/bach-propagation/backend/data/silver/bach/chorales/bach_chorale_331.krn,bach_chorale_331.krn,bulk_chorales_371,,Chorale,KEEP_PRIMARY,RENAME,BWV requires manifest lookup
/Users/auradelagg/aura-lab/bach-propagation/backend/data/raw/bulk_xml/bach-chorales-371/kern/chor127.krn,/Users/auradelagg/aura-lab/bach-propagation/backend/data/silver/bach/chorales/bach_chorale_127.krn,bach_chorale_127.krn,bulk_chorales_371,,Chorale,KEEP_PRIMARY,RENAME,BWV requires manifest lookup
/Users/auradelagg/aura-lab/bach-propagation/backend/data/raw/bulk_xml/bach-chorales-371/kern/chor319.krn,/Users/auradelagg/aura-lab/bach-propagation/backend/data/silver/bach/chorales/bach_chorale_319.krn,bach_chorale_319.krn,bulk_chorales_371,,Chorale,KEEP_PRIMARY,RENAME,BWV requires manifest lookup
/Users/auradelagg/aura-lab/bach-propagation/backend/data/raw/bulk_xml/bach-chorales-371/kern/chor090.krn,/Users/auradelagg/aura-lab/bach-propagation/backend/data/silver/bach/chorales/bach_chorale_090.krn,bach_chorale_090.krn,bulk_chorales_371,,Chorale,KEEP_PRIMARY,RENAME,BWV requires manifest lookup
/Users/auradelagg/aura-lab/bach-propagation/backend/data/raw/bulk_xml/bach-chorales-371/kern/chor053.krn,/Users/auradelagg/aura-lab/bach-propagation/backend/data/silver/bach/chorales/bach_chorale_053.krn,bach_chorale_053.krn,bulk_chorales_371,,Chorale,KEEP_PRIMARY,RENAME,BWV requires manifest lookup
/Users/auradelagg/aura-lab/bach-propagation/backend/data/raw/bulk_xml/bach-chorales-371/kern/chor047.krn,/Users/auradelagg/aura-lab/bach-propagation/backend/data/silver/bach/chorales/bach_chorale_047.krn,bach_chorale_047.krn,bulk_chorales_371,,Chorale,KEEP_PRIMARY,RENAME,BWV requires manifest lookup
/Users/auradelagg/aura-lab/bach-propagation/backend/data/raw/bulk_xml/bach-chorales-371/kern/chor084.krn,/Users/auradelagg/aura-lab/bach-propagation/backend/data/silver/bach/chorales/bach_chorale_084.krn,bach_chorale_084.krn,bulk_chorales_371,,Chorale,KEEP_PRIMARY,RENAME,BWV requires manifest lookup
/Users/auradelagg/aura-lab/bach-propagation/backend/data/raw/bulk_xml/bach-chorales-371/kern/chor292.krn,/Users/auradelagg/aura-lab/bach-propagation/backend/data/silver/bach/chorales/bach_chorale_292.krn,bach_chorale_292.krn,bulk_chorales_371,,Chorale,KEEP_PRIMARY,RENAME,BWV requires manifest lookup
/Users/auradelagg/aura-lab/bach-propagation/backend/data/raw/bulk_xml/bach-chorales-371/kern/chor132.krn,/Users/auradelagg/aura-lab/bach-propagation/backend/data/silver/bach/chorales/bach_chorale_132.krn,bach_chorale_132.krn,bulk_chorales_371,,Chorale,KEEP_PRIMARY,RENAME,BWV requires manifest lookup
/Users/auradelagg/aura-lab/bach-propagation/backend/data/raw/bulk_xml/bach-chorales-371/kern/chor286.krn,/Users/auradelagg/aura-lab/bach-propagation/backend/data/silver/bach/chorales/bach_chorale_286.krn,bach_chorale_286.krn,bulk_chorales_371,,Chorale,KEEP_PRIMARY,RENAME,BWV requires manifest lookup
/Users/auradelagg/aura-lab/bach-propagation/backend/data/raw/bulk_xml/bach-chorales-371/kern/chor251.krn,/Users/auradelagg/aura-lab/bach-propagation/backend/data/silver/bach/chorales/bach_chorale_251.krn,bach_chorale_251.krn,bulk_chorales_371,,Chorale,KEEP_PRIMARY,RENAME,BWV requires manifest lookup
/Users/auradelagg/aura-lab/bach-propagation/backend/data/raw/bulk_xml/bach-chorales-371/kern/chor245.krn,/Users/auradelagg/aura-lab/bach-propagation/backend/data/silver/bach/chorales/bach_chorale_245.krn,bach_chorale_245.krn,bulk_chorales_371,,Chorale,KEEP_PRIMARY,RENAME,BWV requires manifest lookup
/Users/auradelagg/aura-lab/bach-propagation/backend/data/raw/bulk_xml/bach-chorales-371/kern/chor133.krn,/Users/auradelagg/aura-lab/bach-propagation/backend/data/silver/bach/chorales/bach_chorale_133.krn,bach_chorale_133.krn,bulk_chorales_371,,Chorale,KEEP_PRIMARY,RENAME,BWV requires manifest lookup
/Users/auradelagg/aura-lab/bach-propagation/backend/data/raw/bulk_xml/bach-chorales-371/kern/chor236.krn,/Users/auradelagg/aura-lab/bach-propagation/backend/data/silver/bach/chorales/bach_chorale_236.krn,bach_chorale_236.krn,bulk_chorales_371,,Chorale,KEEP_PRIMARY,RENAME,BWV requires manifest lookup
/Users/auradelagg/aura-lab/bach-propagation/backend/data/raw/bulk_xml/bach-chorales-371/kern/chor279.krn,/Users/auradelagg/aura-lab/bach-propagation/backend/data/silver/bach/chorales/bach_chorale_279.krn,bach_chorale_279.krn,bulk_chorales_371,,Chorale,KEEP_PRIMARY,RENAME,BWV requires manifest lookup
/Users/auradelagg/aura-lab/bach-propagation/backend/data/raw/bulk_xml/bach-chorales-371/kern/chor222.krn,/Users/auradelagg/aura-lab/bach-propagation/backend/data/silver/bach/chorales/bach_chorale_222.krn,bach_chorale_222.krn,bulk_chorales_371,,Chorale,KEEP_PRIMARY,RENAME,BWV requires manifest lookup
/Users/auradelagg/aura-lab/bach-propagation/backend/data/raw/bulk_xml/bach-chorales-371/kern/chor020.krn,/Users/auradelagg/aura-lab/bach-propagation/backend/data/silver/bach/chorales/bach_chorale_020.krn,bach_chorale_020.krn,bulk_chorales_371,,Chorale,KEEP_PRIMARY,RENAME,BWV requires manifest lookup
/Users/auradelagg/aura-lab/bach-propagation/backend/data/raw/bulk_xml/bach-chorales-371/kern/chor154.krn,/Users/auradelagg/aura-lab/bach-propagation/backend/data/silver/bach/chorales/bach_chorale_154.krn,bach_chorale_154.krn,bulk_chorales_371,,Chorale,KEEP_PRIMARY,RENAME,BWV requires manifest lookup
/Users/auradelagg/aura-lab/bach-propagation/backend/data/raw/bulk_xml/bach-chorales-371/kern/chor168.krn,/Users/auradelagg/aura-lab/bach-propagation/backend/data/silver/bach/chorales/bach_chorale_168.krn,bach_chorale_168.krn,bulk_chorales_371,,Chorale,KEEP_PRIMARY,RENAME,BWV requires manifest lookup
/Users/auradelagg/aura-lab/bach-propagation/backend/data/raw/bulk_xml/bach-chorales-371/kern/chor034.krn,/Users/auradelagg/aura-lab/bach-propagation/backend/data/silver/bach/chorales/bach_chorale_034.krn,bach_chorale_034.krn,bulk_chorales_371,,Chorale,KEEP_PRIMARY,RENAME,BWV requires manifest lookup
/Users/auradelagg/aura-lab/bach-propagation/backend/data/raw/bulk_xml/bach-chorales-371/kern/chor140.krn,/Users/auradelagg/aura-lab/bach-propagation/backend/data/silver/bach/chorales/bach_chorale_140.krn,bach_chorale_140.krn,bulk_chorales_371,,Chorale,KEEP_PRIMARY,RENAME,BWV requires manifest lookup
/Users/auradelagg/aura-lab/bach-propagation/backend/data/raw/bulk_xml/bach-chorales-371/kern/chor008.krn,/Users/auradelagg/aura-lab/bach-propagation/backend/data/silver/bach/chorales/bach_chorale_008.krn,bach_chorale_008.krn,bulk_chorales_371,,Chorale,KEEP_PRIMARY,RENAME,BWV requires manifest lookup
/Users/auradelagg/aura-lab/bach-propagation/backend/data/raw/bulk_xml/bach-chorales-371/kern/chor183.krn,/Users/auradelagg/aura-lab/bach-propagation/backend/data/silver/bach/chorales/bach_chorale_183.krn,bach_chorale_183.krn,bulk_chorales_371,,Chorale,KEEP_PRIMARY,RENAME,BWV requires manifest lookup
/Users/auradelagg/aura-lab/bach-propagation/backend/data/raw/bulk_xml/bach-chorales-371/kern/chor356.krn,/Users/auradelagg/aura-lab/bach-propagation/backend/data/silver/bach/chorales/bach_chorale_356.krn,bach_chorale_356.krn,bulk_chorales_371,,Chorale,KEEP_PRIMARY,RENAME,BWV requires manifest lookup
/Users/auradelagg/aura-lab/bach-propagation/backend/data/raw/bulk_xml/bach-chorales-371/kern/chor342.krn,/Users/auradelagg/aura-lab/bach-propagation/backend/data/silver/bach/chorales/bach_chorale_342.krn,bach_chorale_342.krn,bulk_chorales_371,,Chorale,KEEP_PRIMARY,RENAME,BWV requires manifest lookup
/Users/auradelagg/aura-lab/bach-propagation/backend/data/raw/bulk_xml/bach-chorales-371/kern/chor357.krn,/Users/auradelagg/aura-lab/bach-propagation/backend/data/silver/bach/chorales/bach_chorale_357.krn,bach_chorale_357.krn,bulk_chorales_371,,Chorale,KEEP_PRIMARY,RENAME,BWV requires manifest lookup
/Users/auradelagg/aura-lab/bach-propagation/backend/data/raw/bulk_xml/bach-chorales-371/kern/chor182.krn,/Users/auradelagg/aura-lab/bach-propagation/backend/data/silver/bach/chorales/bach_chorale_182.krn,bach_chorale_182.krn,bulk_chorales_371,,Chorale,KEEP_PRIMARY,RENAME,BWV requires manifest lookup
/Users/auradelagg/aura-lab/bach-propagation/backend/data/raw/bulk_xml/bach-chorales-371/kern/chor343.krn,/Users/auradelagg/aura-lab/bach-propagation/backend/data/silver/bach/chorales/bach_chorale_343.krn,bach_chorale_343.krn,bulk_chorales_371,,Chorale,KEEP_PRIMARY,RENAME,BWV requires manifest lookup
/Users/auradelagg/aura-lab/bach-propagation/backend/data/raw/bulk_xml/bach-chorales-371/kern/chor196.krn,/Users/auradelagg/aura-lab/bach-propagation/backend/data/silver/bach/chorales/bach_chorale_196.krn,bach_chorale_196.krn,bulk_chorales_371,,Chorale,KEEP_PRIMARY,RENAME,BWV requires manifest lookup
/Users/auradelagg/aura-lab/bach-propagation/backend/data/raw/bulk_xml/bach-chorales-371/kern/chor197.krn,/Users/auradelagg/aura-lab/bach-propagation/backend/data/silver/bach/chorales/bach_chorale_197.krn,bach_chorale_197.krn,bulk_chorales_371,,Chorale,KEEP_PRIMARY,RENAME,BWV requires manifest lookup
/Users/auradelagg/aura-lab/bach-propagation/backend/data/raw/bulk_xml/bach-chorales-371/kern/chor141.krn,/Users/auradelagg/aura-lab/bach-propagation/backend/data/silver/bach/chorales/bach_chorale_141.krn,bach_chorale_141.krn,bulk_chorales_371,,Chorale,KEEP_PRIMARY,RENAME,BWV requires manifest lookup
/Users/auradelagg/aura-lab/bach-propagation/backend/data/raw/bulk_xml/bach-chorales-371/kern/chor155.krn,/Users/auradelagg/aura-lab/bach-propagation/backend/data/silver/bach/chorales/bach_chorale_155.krn,bach_chorale_155.krn,bulk_chorales_371,,Chorale,KEEP_PRIMARY,RENAME,BWV requires manifest lookup
/Users/auradelagg/aura-lab/bach-propagation/backend/data/raw/bulk_xml/bach-chorales-371/kern/chor035.krn,/Users/auradelagg/aura-lab/bach-propagation/backend/data/silver/bach/chorales/bach_chorale_035.krn,bach_chorale_035.krn,bulk_chorales_371,,Chorale,KEEP_PRIMARY,RENAME,BWV requires manifest lookup
/Users/auradelagg/aura-lab/bach-propagation/backend/data/raw/bulk_xml/bach-chorales-371/kern/chor009.krn,/Users/auradelagg/aura-lab/bach-propagation/backend/data/silver/bach/chorales/bach_chorale_009.krn,bach_chorale_009.krn,bulk_chorales_371,,Chorale,KEEP_PRIMARY,RENAME,BWV requires manifest lookup
/Users/auradelagg/aura-lab/bach-propagation/backend/data/raw/bulk_xml/bach-chorales-371/kern/chor021.krn,/Users/auradelagg/aura-lab/bach-propagation/backend/data/silver/bach/chorales/bach_chorale_021.krn,bach_chorale_021.krn,bulk_chorales_371,,Chorale,KEEP_PRIMARY,RENAME,BWV requires manifest lookup
/Users/auradelagg/aura-lab/bach-propagation/backend/data/raw/bulk_xml/bach-chorales-371/kern/chor237.krn,/Users/auradelagg/aura-lab/bach-propagation/backend/data/silver/bach/chorales/bach_chorale_237.krn,bach_chorale_237.krn,bulk_chorales_371,,Chorale,KEEP_PRIMARY,RENAME,BWV requires manifest lookup
/Users/auradelagg/aura-lab/bach-propagation/backend/data/raw/bulk_xml/bach-chorales-371/kern/chor235.krn,/Users/auradelagg/aura-lab/bach-propagation/backend/data/silver/bach/chorales/bach_chorale_235.krn,bach_chorale_235.krn,bulk_chorales_371,,Chorale,KEEP_PRIMARY,RENAME,BWV requires manifest lookup
/Users/auradelagg/aura-lab/bach-propagation/backend/data/raw/bulk_xml/bach-chorales-371/kern/chor169.krn,/Users/auradelagg/aura-lab/bach-propagation/backend/data/silver/bach/chorales/bach_chorale_169.krn,bach_chorale_169.krn,bulk_chorales_371,,Chorale,KEEP_PRIMARY,RENAME,BWV requires manifest lookup
/Users/auradelagg/aura-lab/bach-propagation/backend/data/raw/bulk_xml/bach-chorales-371/kern/chor221.krn,/Users/auradelagg/aura-lab/bach-propagation/backend/data/silver/bach/chorales/bach_chorale_221.krn,bach_chorale_221.krn,bulk_chorales_371,,Chorale,KEEP_PRIMARY,RENAME,BWV requires manifest lookup
/Users/auradelagg/aura-lab/bach-propagation/backend/data/raw/bulk_xml/bach-chorales-371/kern/chor023.krn,/Users/auradelagg/aura-lab/bach-propagation/backend/data/silver/bach/chorales/bach_chorale_023.krn,bach_chorale_023.krn,bulk_chorales_371,,Chorale,KEEP_PRIMARY,RENAME,BWV requires manifest lookup
/Users/auradelagg/aura-lab/bach-propagation/backend/data/raw/bulk_xml/bach-chorales-371/kern/chor180.krn,/Users/auradelagg/aura-lab/bach-propagation/backend/data/silver/bach/chorales/bach_chorale_180.krn,bach_chorale_180.krn,bulk_chorales_371,,Chorale,KEEP_PRIMARY,RENAME,BWV requires manifest lookup
/Users/auradelagg/aura-lab/bach-propagation/backend/data/raw/bulk_xml/bach-chorales-371/kern/chor223.krn,/Users/auradelagg/aura-lab/bach-propagation/backend/data/silver/bach/chorales/bach_chorale_223.krn,bach_chorale_223.krn,bulk_chorales_371,,Chorale,KEEP_PRIMARY,RENAME,BWV requires manifest lookup
/Users/auradelagg/aura-lab/bach-propagation/backend/data/raw/bulk_xml/bach-chorales-371/kern/chor037.krn,/Users/auradelagg/aura-lab/bach-propagation/backend/data/silver/bach/chorales/bach_chorale_037.krn,bach_chorale_037.krn,bulk_chorales_371,,Chorale,KEEP_PRIMARY,RENAME,BWV requires manifest lookup
/Users/auradelagg/aura-lab/bach-propagation/backend/data/raw/bulk_xml/bach-chorales-371/kern/chor209.krn,/Users/auradelagg/aura-lab/bach-propagation/backend/data/silver/bach/chorales/bach_chorale_209.krn,bach_chorale_209.krn,bulk_chorales_371,,Chorale,KEEP_PRIMARY,RENAME,BWV requires manifest lookup
/Users/auradelagg/aura-lab/bach-propagation/backend/data/raw/bulk_xml/bach-chorales-371/kern/chor355.krn,/Users/auradelagg/aura-lab/bach-propagation/backend/data/silver/bach/chorales/bach_chorale_355.krn,bach_chorale_355.krn,bulk_chorales_371,,Chorale,KEEP_PRIMARY,RENAME,BWV requires manifest lookup
/Users/auradelagg/aura-lab/bach-propagation/backend/data/raw/bulk_xml/bach-chorales-371/kern/chor157.krn,/Users/auradelagg/aura-lab/bach-propagation/backend/data/silver/bach/chorales/bach_chorale_157.krn,bach_chorale_157.krn,bulk_chorales_371,,Chorale,KEEP_PRIMARY,RENAME,BWV requires manifest lookup
/Users/auradelagg/aura-lab/bach-propagation/backend/data/raw/bulk_xml/bach-chorales-371/kern/chor369.krn,/Users/auradelagg/aura-lab/bach-propagation/backend/data/silver/bach/chorales/bach_chorale_369.krn,bach_chorale_369.krn,bulk_chorales_371,,Chorale,KEEP_PRIMARY,RENAME,BWV requires manifest lookup
/Users/auradelagg/aura-lab/bach-propagation/backend/data/raw/bulk_xml/bach-chorales-371/kern/chor194.krn,/Users/auradelagg/aura-lab/bach-propagation/backend/data/silver/bach/chorales/bach_chorale_194.krn,bach_chorale_194.krn,bulk_chorales_371,,Chorale,KEEP_PRIMARY,RENAME,BWV requires manifest lookup
/Users/auradelagg/aura-lab/bach-propagation/backend/data/raw/bulk_xml/bach-chorales-371/kern/chor143.krn,/Users/auradelagg/aura-lab/bach-propagation/backend/data/silver/bach/chorales/bach_chorale_143.krn,bach_chorale_143.krn,bulk_chorales_371,,Chorale,KEEP_PRIMARY,RENAME,BWV requires manifest lookup
/Users/auradelagg/aura-lab/bach-propagation/backend/data/raw/bulk_xml/bach-chorales-371/kern/chor354.krn,/Users/auradelagg/aura-lab/bach-propagation/backend/data/silver/bach/chorales/bach_chorale_354.krn,bach_chorale_354.krn,bulk_chorales_371,,Chorale,KEEP_PRIMARY,RENAME,BWV requires manifest lookup
/Users/auradelagg/aura-lab/bach-propagation/backend/data/raw/bulk_xml/bach-chorales-371/kern/chor368.krn,/Users/auradelagg/aura-lab/bach-propagation/backend/data/silver/bach/chorales/bach_chorale_368.krn,bach_chorale_368.krn,bulk_chorales_371,,Chorale,KEEP_PRIMARY,RENAME,BWV requires manifest lookup
/Users/auradelagg/aura-lab/bach-propagation/backend/data/raw/bulk_xml/bach-chorales-371/kern/chor340.krn,/Users/auradelagg/aura-lab/bach-propagation/backend/data/silver/bach/chorales/bach_chorale_340.krn,bach_chorale_340.krn,bulk_chorales_371,,Chorale,KEEP_PRIMARY,RENAME,BWV requires manifest lookup
/Users/auradelagg/aura-lab/bach-propagation/backend/data/raw/bulk_xml/bach-chorales-371/kern/chor181.krn,/Users/auradelagg/aura-lab/bach-propagation/backend/data/silver/bach/chorales/bach_chorale_181.krn,bach_chorale_181.krn,bulk_chorales_371,,Chorale,KEEP_PRIMARY,RENAME,BWV requires manifest lookup
/Users/auradelagg/aura-lab/bach-propagation/backend/data/raw/bulk_xml/bach-chorales-371/kern/chor195.krn,/Users/auradelagg/aura-lab/bach-propagation/backend/data/silver/bach/chorales/bach_chorale_195.krn,bach_chorale_195.krn,bulk_chorales_371,,Chorale,KEEP_PRIMARY,RENAME,BWV requires manifest lookup
/Users/auradelagg/aura-lab/bach-propagation/backend/data/raw/bulk_xml/bach-chorales-371/kern/chor156.krn,/Users/auradelagg/aura-lab/bach-propagation/backend/data/silver/bach/chorales/bach_chorale_156.krn,bach_chorale_156.krn,bulk_chorales_371,,Chorale,KEEP_PRIMARY,RENAME,BWV requires manifest lookup
/Users/auradelagg/aura-lab/bach-propagation/backend/data/raw/bulk_xml/bach-chorales-371/kern/chor341.krn,/Users/auradelagg/aura-lab/bach-propagation/backend/data/silver/bach/chorales/bach_chorale_341.krn,bach_chorale_341.krn,bulk_chorales_371,,Chorale,KEEP_PRIMARY,RENAME,BWV requires manifest lookup
/Users/auradelagg/aura-lab/bach-propagation/backend/data/raw/bulk_xml/bach-chorales-371/kern/chor142.krn,/Users/auradelagg/aura-lab/bach-propagation/backend/data/silver/bach/chorales/bach_chorale_142.krn,bach_chorale_142.krn,bulk_chorales_371,,Chorale,KEEP_PRIMARY,RENAME,BWV requires manifest lookup
/Users/auradelagg/aura-lab/bach-propagation/backend/data/raw/bulk_xml/bach-chorales-371/kern/chor036.krn,/Users/auradelagg/aura-lab/bach-propagation/backend/data/silver/bach/chorales/bach_chorale_036.krn,bach_chorale_036.krn,bulk_chorales_371,,Chorale,KEEP_PRIMARY,RENAME,BWV requires manifest lookup
/Users/auradelagg/aura-lab/bach-propagation/backend/data/raw/bulk_xml/bach-chorales-371/kern/chor022.krn,/Users/auradelagg/aura-lab/bach-propagation/backend/data/silver/bach/chorales/bach_chorale_022.krn,bach_chorale_022.krn,bulk_chorales_371,,Chorale,KEEP_PRIMARY,RENAME,BWV requires manifest lookup
/Users/auradelagg/aura-lab/bach-propagation/backend/data/raw/bulk_xml/bach-chorales-371/kern/chor208.krn,/Users/auradelagg/aura-lab/bach-propagation/backend/data/silver/bach/chorales/bach_chorale_208.krn,bach_chorale_208.krn,bulk_chorales_371,,Chorale,KEEP_PRIMARY,RENAME,BWV requires manifest lookup
/Users/auradelagg/aura-lab/bach-propagation/backend/data/raw/bulk_xml/bach-chorales-371/kern/chor230.krn,/Users/auradelagg/aura-lab/bach-propagation/backend/data/silver/bach/chorales/bach_chorale_230.krn,bach_chorale_230.krn,bulk_chorales_371,,Chorale,KEEP_PRIMARY,RENAME,BWV requires manifest lookup
/Users/auradelagg/aura-lab/bach-propagation/backend/data/raw/bulk_xml/bach-chorales-371/kern/chor218.krn,/Users/auradelagg/aura-lab/bach-propagation/backend/data/silver/bach/chorales/bach_chorale_218.krn,bach_chorale_218.krn,bulk_chorales_371,,Chorale,KEEP_PRIMARY,RENAME,BWV requires manifest lookup
/Users/auradelagg/aura-lab/bach-propagation/backend/data/raw/bulk_xml/bach-chorales-371/kern/chor224.krn,/Users/auradelagg/aura-lab/bach-propagation/backend/data/silver/bach/chorales/bach_chorale_224.krn,bach_chorale_224.krn,bulk_chorales_371,,Chorale,KEEP_PRIMARY,RENAME,BWV requires manifest lookup
/Users/auradelagg/aura-lab/bach-propagation/backend/data/raw/bulk_xml/bach-chorales-371/kern/chor220.krn,/Users/auradelagg/aura-lab/bach-propagation/backend/data/silver/bach/chorales/bach_chorale_220.krn,bach_chorale_220.krn,bulk_chorales_371,,Chorale,KEEP_PRIMARY,RENAME,BWV requires manifest lookup
/Users/auradelagg/aura-lab/bach-propagation/backend/data/raw/bulk_xml/bach-chorales-371/kern/chor026.krn,/Users/auradelagg/aura-lab/bach-propagation/backend/data/silver/bach/chorales/bach_chorale_026.krn,bach_chorale_026.krn,bulk_chorales_371,,Chorale,KEEP_PRIMARY,RENAME,BWV requires manifest lookup
/Users/auradelagg/aura-lab/bach-propagation/backend/data/raw/bulk_xml/bach-chorales-371/kern/chor032.krn,/Users/auradelagg/aura-lab/bach-propagation/backend/data/silver/bach/chorales/bach_chorale_032.krn,bach_chorale_032.krn,bulk_chorales_371,,Chorale,KEEP_PRIMARY,RENAME,BWV requires manifest lookup
/Users/auradelagg/aura-lab/bach-propagation/backend/data/raw/bulk_xml/bach-chorales-371/kern/chor146.krn,/Users/auradelagg/aura-lab/bach-propagation/backend/data/silver/bach/chorales/bach_chorale_146.krn,bach_chorale_146.krn,bulk_chorales_371,,Chorale,KEEP_PRIMARY,RENAME,BWV requires manifest lookup
/Users/auradelagg/aura-lab/bach-propagation/backend/data/raw/bulk_xml/bach-chorales-371/kern/chor234.krn,/Users/auradelagg/aura-lab/bach-propagation/backend/data/silver/bach/chorales/bach_chorale_234.krn,bach_chorale_234.krn,bulk_chorales_371,,Chorale,KEEP_PRIMARY,RENAME,BWV requires manifest lookup
/Users/auradelagg/aura-lab/bach-propagation/backend/data/raw/bulk_xml/bach-chorales-371/kern/chor185.krn,/Users/auradelagg/aura-lab/bach-propagation/backend/data/silver/bach/chorales/bach_chorale_185.krn,bach_chorale_185.krn,bulk_chorales_371,,Chorale,KEEP_PRIMARY,RENAME,BWV requires manifest lookup
/Users/auradelagg/aura-lab/bach-propagation/backend/data/raw/bulk_xml/bach-chorales-371/kern/chor152.krn,/Users/auradelagg/aura-lab/bach-propagation/backend/data/silver/bach/chorales/bach_chorale_152.krn,bach_chorale_152.krn,bulk_chorales_371,,Chorale,KEEP_PRIMARY,RENAME,BWV requires manifest lookup
/Users/auradelagg/aura-lab/bach-propagation/backend/data/raw/bulk_xml/bach-chorales-371/kern/chor191.krn,/Users/auradelagg/aura-lab/bach-propagation/backend/data/silver/bach/chorales/bach_chorale_191.krn,bach_chorale_191.krn,bulk_chorales_371,,Chorale,KEEP_PRIMARY,RENAME,BWV requires manifest lookup
/Users/auradelagg/aura-lab/bach-propagation/backend/data/raw/bulk_xml/bach-chorales-371/kern/chor344.krn,/Users/auradelagg/aura-lab/bach-propagation/backend/data/silver/bach/chorales/bach_chorale_344.krn,bach_chorale_344.krn,bulk_chorales_371,,Chorale,KEEP_PRIMARY,RENAME,BWV requires manifest lookup
/Users/auradelagg/aura-lab/bach-propagation/backend/data/raw/bulk_xml/bach-chorales-371/kern/chor350.krn,/Users/auradelagg/aura-lab/bach-propagation/backend/data/silver/bach/chorales/bach_chorale_350.krn,bach_chorale_350.krn,bulk_chorales_371,,Chorale,KEEP_PRIMARY,RENAME,BWV requires manifest lookup
/Users/auradelagg/aura-lab/bach-propagation/backend/data/raw/bulk_xml/bach-chorales-371/kern/chor190.krn,/Users/auradelagg/aura-lab/bach-propagation/backend/data/silver/bach/chorales/bach_chorale_190.krn,bach_chorale_190.krn,bulk_chorales_371,,Chorale,KEEP_PRIMARY,RENAME,BWV requires manifest lookup
/Users/auradelagg/aura-lab/bach-propagation/backend/data/raw/bulk_xml/bach-chorales-371/kern/chor345.krn,/Users/auradelagg/aura-lab/bach-propagation/backend/data/silver/bach/chorales/bach_chorale_345.krn,bach_chorale_345.krn,bulk_chorales_371,,Chorale,KEEP_PRIMARY,RENAME,BWV requires manifest lookup
/Users/auradelagg/aura-lab/bach-propagation/backend/data/raw/bulk_xml/bach-chorales-371/kern/chor184.krn,/Users/auradelagg/aura-lab/bach-propagation/backend/data/silver/bach/chorales/bach_chorale_184.krn,bach_chorale_184.krn,bulk_chorales_371,,Chorale,KEEP_PRIMARY,RENAME,BWV requires manifest lookup
/Users/auradelagg/aura-lab/bach-propagation/backend/data/raw/bulk_xml/bach-chorales-371/kern/chor351.krn,/Users/auradelagg/aura-lab/bach-propagation/backend/data/silver/bach/chorales/bach_chorale_351.krn,bach_chorale_351.krn,bulk_chorales_371,,Chorale,KEEP_PRIMARY,RENAME,BWV requires manifest lookup
/Users/auradelagg/aura-lab/bach-propagation/backend/data/raw/bulk_xml/bach-chorales-371/kern/chor153.krn,/Users/auradelagg/aura-lab/bach-propagation/backend/data/silver/bach/chorales/bach_chorale_153.krn,bach_chorale_153.krn,bulk_chorales_371,,Chorale,KEEP_PRIMARY,RENAME,BWV requires manifest lookup
/Users/auradelagg/aura-lab/bach-propagation/backend/data/raw/bulk_xml/bach-chorales-371/kern/chor027.krn,/Users/auradelagg/aura-lab/bach-propagation/backend/data/silver/bach/chorales/bach_chorale_027.krn,bach_chorale_027.krn,bulk_chorales_371,,Chorale,KEEP_PRIMARY,RENAME,BWV requires manifest lookup
/Users/auradelagg/aura-lab/bach-propagation/backend/data/raw/bulk_xml/bach-chorales-371/kern/chor147.krn,/Users/auradelagg/aura-lab/bach-propagation/backend/data/silver/bach/chorales/bach_chorale_147.krn,bach_chorale_147.krn,bulk_chorales_371,,Chorale,KEEP_PRIMARY,RENAME,BWV requires manifest lookup
/Users/auradelagg/aura-lab/bach-propagation/backend/data/raw/bulk_xml/bach-chorales-371/kern/chor033.krn,/Users/auradelagg/aura-lab/bach-propagation/backend/data/silver/bach/chorales/bach_chorale_033.krn,bach_chorale_033.krn,bulk_chorales_371,,Chorale,KEEP_PRIMARY,RENAME,BWV requires manifest lookup
/Users/auradelagg/aura-lab/bach-propagation/backend/data/raw/bulk_xml/bach-chorales-371/kern/chor231.krn,/Users/auradelagg/aura-lab/bach-propagation/backend/data/silver/bach/chorales/bach_chorale_231.krn,bach_chorale_231.krn,bulk_chorales_371,,Chorale,KEEP_PRIMARY,RENAME,BWV requires manifest lookup
/Users/auradelagg/aura-lab/bach-propagation/backend/data/raw/bulk_xml/bach-chorales-371/kern/chor225.krn,/Users/auradelagg/aura-lab/bach-propagation/backend/data/silver/bach/chorales/bach_chorale_225.krn,bach_chorale_225.krn,bulk_chorales_371,,Chorale,KEEP_PRIMARY,RENAME,BWV requires manifest lookup
/Users/auradelagg/aura-lab/bach-propagation/backend/data/raw/bulk_xml/bach-chorales-371/kern/chor219.krn,/Users/auradelagg/aura-lab/bach-propagation/backend/data/silver/bach/chorales/bach_chorale_219.krn,bach_chorale_219.krn,bulk_chorales_371,,Chorale,KEEP_PRIMARY,RENAME,BWV requires manifest lookup
/Users/auradelagg/aura-lab/bach-propagation/backend/data/raw/bulk_xml/bach-chorales-371/kern/chor233.krn,/Users/auradelagg/aura-lab/bach-propagation/backend/data/silver/bach/chorales/bach_chorale_233.krn,bach_chorale_233.krn,bulk_chorales_371,,Chorale,KEEP_PRIMARY,RENAME,BWV requires manifest lookup
/Users/auradelagg/aura-lab/bach-propagation/backend/data/raw/bulk_xml/bach-chorales-371/kern/chor019.krn,/Users/auradelagg/aura-lab/bach-propagation/backend/data/silver/bach/chorales/bach_chorale_019.krn,bach_chorale_019.krn,bulk_chorales_371,,Chorale,KEEP_PRIMARY,RENAME,BWV requires manifest lookup
/Users/auradelagg/aura-lab/bach-propagation/backend/data/raw/bulk_xml/bach-chorales-371/kern/chor227.krn,/Users/auradelagg/aura-lab/bach-propagation/backend/data/silver/bach/chorales/bach_chorale_227.krn,bach_chorale_227.krn,bulk_chorales_371,,Chorale,KEEP_PRIMARY,RENAME,BWV requires manifest lookup
/Users/auradelagg/aura-lab/bach-propagation/backend/data/raw/bulk_xml/bach-chorales-371/kern/chor025.krn,/Users/auradelagg/aura-lab/bach-propagation/backend/data/silver/bach/chorales/bach_chorale_025.krn,bach_chorale_025.krn,bulk_chorales_371,,Chorale,KEEP_PRIMARY,RENAME,BWV requires manifest lookup
/Users/auradelagg/aura-lab/bach-propagation/backend/data/raw/bulk_xml/bach-chorales-371/kern/chor031.krn,/Users/auradelagg/aura-lab/bach-propagation/backend/data/silver/bach/chorales/bach_chorale_031.krn,bach_chorale_031.krn,bulk_chorales_371,,Chorale,KEEP_PRIMARY,RENAME,BWV requires manifest lookup
/Users/auradelagg/aura-lab/bach-propagation/backend/data/raw/bulk_xml/bach-chorales-371/kern/chor151.krn,/Users/auradelagg/aura-lab/bach-propagation/backend/data/silver/bach/chorales/bach_chorale_151.krn,bach_chorale_151.krn,bulk_chorales_371,,Chorale,KEEP_PRIMARY,RENAME,BWV requires manifest lookup
/Users/auradelagg/aura-lab/bach-propagation/backend/data/raw/bulk_xml/bach-chorales-371/kern/chor145.krn,/Users/auradelagg/aura-lab/bach-propagation/backend/data/silver/bach/chorales/bach_chorale_145.krn,bach_chorale_145.krn,bulk_chorales_371,,Chorale,KEEP_PRIMARY,RENAME,BWV requires manifest lookup
/Users/auradelagg/aura-lab/bach-propagation/backend/data/raw/bulk_xml/bach-chorales-371/kern/chor192.krn,/Users/auradelagg/aura-lab/bach-propagation/backend/data/silver/bach/chorales/bach_chorale_192.krn,bach_chorale_192.krn,bulk_chorales_371,,Chorale,KEEP_PRIMARY,RENAME,BWV requires manifest lookup
/Users/auradelagg/aura-lab/bach-propagation/backend/data/raw/bulk_xml/bach-chorales-371/kern/chor186.krn,/Users/auradelagg/aura-lab/bach-propagation/backend/data/silver/bach/chorales/bach_chorale_186.krn,bach_chorale_186.krn,bulk_chorales_371,,Chorale,KEEP_PRIMARY,RENAME,BWV requires manifest lookup
/Users/auradelagg/aura-lab/bach-propagation/backend/data/raw/bulk_xml/bach-chorales-371/kern/chor179.krn,/Users/auradelagg/aura-lab/bach-propagation/backend/data/silver/bach/chorales/bach_chorale_179.krn,bach_chorale_179.krn,bulk_chorales_371,,Chorale,KEEP_PRIMARY,RENAME,BWV requires manifest lookup
/Users/auradelagg/aura-lab/bach-propagation/backend/data/raw/bulk_xml/bach-chorales-371/kern/chor347.krn,/Users/auradelagg/aura-lab/bach-propagation/backend/data/silver/bach/chorales/bach_chorale_347.krn,bach_chorale_347.krn,bulk_chorales_371,,Chorale,KEEP_PRIMARY,RENAME,BWV requires manifest lookup
/Users/auradelagg/aura-lab/bach-propagation/backend/data/raw/bulk_xml/bach-chorales-371/kern/chor353.krn,/Users/auradelagg/aura-lab/bach-propagation/backend/data/silver/bach/chorales/bach_chorale_353.krn,bach_chorale_353.krn,bulk_chorales_371,,Chorale,KEEP_PRIMARY,RENAME,BWV requires manifest lookup
/Users/auradelagg/aura-lab/bach-propagation/backend/data/raw/bulk_xml/bach-chorales-371/kern/chor187.krn,/Users/auradelagg/aura-lab/bach-propagation/backend/data/silver/bach/chorales/bach_chorale_187.krn,bach_chorale_187.krn,bulk_chorales_371,,Chorale,KEEP_PRIMARY,RENAME,BWV requires manifest lookup
/Users/auradelagg/aura-lab/bach-propagation/backend/data/raw/bulk_xml/bach-chorales-371/kern/chor346.krn,/Users/auradelagg/aura-lab/bach-propagation/backend/data/silver/bach/chorales/bach_chorale_346.krn,bach_chorale_346.krn,bulk_chorales_371,,Chorale,KEEP_PRIMARY,RENAME,BWV requires manifest lookup
/Users/auradelagg/aura-lab/bach-propagation/backend/data/raw/bulk_xml/bach-chorales-371/kern/chor193.krn,/Users/auradelagg/aura-lab/bach-propagation/backend/data/silver/bach/chorales/bach_chorale_193.krn,bach_chorale_193.krn,bulk_chorales_371,,Chorale,KEEP_PRIMARY,RENAME,BWV requires manifest lookup
/Users/auradelagg/aura-lab/bach-propagation/backend/data/raw/bulk_xml/bach-chorales-371/kern/chor352.krn,/Users/auradelagg/aura-lab/bach-propagation/backend/data/silver/bach/chorales/bach_chorale_352.krn,bach_chorale_352.krn,bulk_chorales_371,,Chorale,KEEP_PRIMARY,RENAME,BWV requires manifest lookup
/Users/auradelagg/aura-lab/bach-propagation/backend/data/raw/bulk_xml/bach-chorales-371/kern/chor178.krn,/Users/auradelagg/aura-lab/bach-propagation/backend/data/silver/bach/chorales/bach_chorale_178.krn,bach_chorale_178.krn,bulk_chorales_371,,Chorale,KEEP_PRIMARY,RENAME,BWV requires manifest lookup
/Users/auradelagg/aura-lab/bach-propagation/backend/data/raw/bulk_xml/bach-chorales-371/kern/chor144.krn,/Users/auradelagg/aura-lab/bach-propagation/backend/data/silver/bach/chorales/bach_chorale_144.krn,bach_chorale_144.krn,bulk_chorales_371,,Chorale,KEEP_PRIMARY,RENAME,BWV requires manifest lookup
/Users/auradelagg/aura-lab/bach-propagation/backend/data/raw/bulk_xml/bach-chorales-371/kern/chor030.krn,/Users/auradelagg/aura-lab/bach-propagation/backend/data/silver/bach/chorales/bach_chorale_030.krn,bach_chorale_030.krn,bulk_chorales_371,,Chorale,KEEP_PRIMARY,RENAME,BWV requires manifest lookup
/Users/auradelagg/aura-lab/bach-propagation/backend/data/raw/bulk_xml/bach-chorales-371/kern/chor024.krn,/Users/auradelagg/aura-lab/bach-propagation/backend/data/silver/bach/chorales/bach_chorale_024.krn,bach_chorale_024.krn,bulk_chorales_371,,Chorale,KEEP_PRIMARY,RENAME,BWV requires manifest lookup
/Users/auradelagg/aura-lab/bach-propagation/backend/data/raw/bulk_xml/bach-chorales-371/kern/chor018.krn,/Users/auradelagg/aura-lab/bach-propagation/backend/data/silver/bach/chorales/bach_chorale_018.krn,bach_chorale_018.krn,bulk_chorales_371,,Chorale,KEEP_PRIMARY,RENAME,BWV requires manifest lookup
/Users/auradelagg/aura-lab/bach-propagation/backend/data/raw/bulk_xml/bach-chorales-371/kern/chor232.krn,/Users/auradelagg/aura-lab/bach-propagation/backend/data/silver/bach/chorales/bach_chorale_232.krn,bach_chorale_232.krn,bulk_chorales_371,,Chorale,KEEP_PRIMARY,RENAME,BWV requires manifest lookup
/Users/auradelagg/aura-lab/bach-propagation/backend/data/raw/bulk_xml/bach-chorales-371/kern/chor226.krn,/Users/auradelagg/aura-lab/bach-propagation/backend/data/silver/bach/chorales/bach_chorale_226.krn,bach_chorale_226.krn,bulk_chorales_371,,Chorale,KEEP_PRIMARY,RENAME,BWV requires manifest lookup
/Users/auradelagg/aura-lab/bach-propagation/backend/data/raw/bach_js/bach/bwv810e_mid/bach_bwv810e_mid_bwv810e_full.mid,/Users/auradelagg/aura-lab/bach-propagation/backend/data/silver/bach/midi/bach_BWV810e.mid,bach_BWV810e.mid,kunstderfuge_js,BWV810e,,KEEP_PRIMARY,RENAME,
/Users/auradelagg/aura-lab/bach-propagation/backend/data/raw/bach_js/bach/bwv810d_mid/bach_bwv810d_mid_bwv810d_full.mid,/Users/auradelagg/aura-lab/bach-propagation/backend/data/silver/bach/midi/bach_BWV810d.mid,bach_BWV810d.mid,kunstderfuge_js,BWV810d,,KEEP_PRIMARY,RENAME,
/Users/auradelagg/aura-lab/bach-propagation/backend/data/raw/bach_js/bach/bwv806d_mid/bach_bwv806d_mid_bwv806d_full.mid,/Users/auradelagg/aura-lab/bach-propagation/backend/data/silver/bach/midi/bach_BWV806d.mid,bach_BWV806d.mid,kunstderfuge_js,BWV806d,,KEEP_PRIMARY,RENAME,
/Users/auradelagg/aura-lab/bach-propagation/backend/data/raw/bach_js/bach/bwv806e_mid/bach_bwv806e_mid_bwv806e_full.mid,/Users/auradelagg/aura-lab/bach-propagation/backend/data/silver/bach/midi/bach_BWV806e.mid,bach_BWV806e.mid,kunstderfuge_js,BWV806e,,KEEP_PRIMARY,RENAME,
/Users/auradelagg/aura-lab/bach-propagation/backend/data/raw/bach_js/bach/bwv0541p_mid/bach_bwv0541p_mid_bwv0541p_full.mid,/Users/auradelagg/aura-lab/bach-propagation/backend/data/silver/bach/midi/bach_BWV541p.mid,bach_BWV541p.mid,kunstderfuge_js,BWV541p,,KEEP_PRIMARY,RENAME,
/Users/auradelagg/aura-lab/bach-propagation/backend/data/raw/bach_js/bach/cs6_2all_mid/bach_cs6_2all_mid_unknown_full.mid,/Users/auradelagg/aura-lab/bach-propagation/backend/data/silver/bach/midi/bach_unknown_bach_cs6_2all_mid_unknown_full.mid,bach_unknown_bach_cs6_2all_mid_unknown_full.mid,kunstderfuge_js,,,KEEP_PRIMARY,RENAME,BWV not resolved
/Users/auradelagg/aura-lab/bach-propagation/backend/data/raw/bach_js/bach/bwv0541f_mid/bach_bwv0541f_mid_bwv0541f_full.mid,/Users/auradelagg/aura-lab/bach-propagation/backend/data/silver/bach/midi/bach_BWV541f.mid,bach_BWV541f.mid,kunstderfuge_js,BWV541f,,KEEP_PRIMARY,RENAME,
/Users/auradelagg/aura-lab/bach-propagation/backend/data/raw/bach_js/bach/bwv806g_mid/bach_bwv806g_mid_bwv806g_full.mid,/Users/auradelagg/aura-lab/bach-propagation/backend/data/silver/bach/midi/bach_BWV806g.mid,bach_BWV806g.mid,kunstderfuge_js,BWV806g,,KEEP_PRIMARY,RENAME,
/Users/auradelagg/aura-lab/bach-propagation/backend/data/raw/bach_js/bach/bwv807a_mid/bach_bwv807a_mid_bwv807a_full.mid,/Users/auradelagg/aura-lab/bach-propagation/backend/data/silver/bach/midi/bach_BWV807a.mid,bach_BWV807a.mid,kunstderfuge_js,BWV807a,,KEEP_PRIMARY,RENAME,
/Users/auradelagg/aura-lab/bach-propagation/backend/data/raw/bach_js/bach/bwv1086_mid/bach_bwv1086_mid_bwv1086_full.mid,/Users/auradelagg/aura-lab/bach-propagation/backend/data/silver/bach/midi/bach_BWV1086.mid,bach_BWV1086.mid,kunstderfuge_js,BWV1086,,KEEP_PRIMARY,RENAME,
/Users/auradelagg/aura-lab/bach-propagation/backend/data/raw/bach_js/bach/bwv807c_mid/bach_bwv807c_mid_bwv807c_full.mid,/Users/auradelagg/aura-lab/bach-propagation/backend/data/silver/bach/midi/bach_BWV807c.mid,bach_BWV807c.mid,kunstderfuge_js,BWV807c,,KEEP_PRIMARY,RENAME,
/Users/auradelagg/aura-lab/bach-propagation/backend/data/raw/bach_js/bach/jsbwv549_mid/bach_jsbwv549_mid_unknown_full.mid,/Users/auradelagg/aura-lab/bach-propagation/backend/data/silver/bach/midi/bach_BWV549.mid,bach_BWV549.mid,kunstderfuge_js,BWV549,,KEEP_PRIMARY,RENAME,
/Users/auradelagg/aura-lab/bach-propagation/backend/data/raw/bach_js/bach/bwv811a_mid/bach_bwv811a_mid_bwv811a_full.mid,/Users/auradelagg/aura-lab/bach-propagation/backend/data/silver/bach/midi/bach_BWV811a.mid,bach_BWV811a.mid,kunstderfuge_js,BWV811a,,KEEP_PRIMARY,RENAME,
/Users/auradelagg/aura-lab/bach-propagation/backend/data/raw/bach_js/bach/bwv811c_mid/bach_bwv811c_mid_bwv811c_full.mid,/Users/auradelagg/aura-lab/bach-propagation/backend/data/silver/bach/midi/bach_BWV811c.mid,bach_BWV811c.mid,kunstderfuge_js,BWV811c,,KEEP_PRIMARY,RENAME,
/Users/auradelagg/aura-lab/bach-propagation/backend/data/raw/bach_js/bach/pfa_2fug_mid/bach_pfa_2fug_mid_unknown_full.mid,/Users/auradelagg/aura-lab/bach-propagation/backend/data/silver/bach/midi/bach_unknown_bach_pfa_2fug_mid_unknown_full.mid,bach_unknown_bach_pfa_2fug_mid_unknown_full.mid,kunstderfuge_js,,,KEEP_PRIMARY,RENAME,BWV not resolved
/Users/auradelagg/aura-lab/bach-propagation/backend/data/raw/bach_js/bach/bwv805th_mid/bach_bwv805th_mid_bwv805t_full.mid,/Users/auradelagg/aura-lab/bach-propagation/backend/data/silver/bach/midi/bach_BWV805t.mid,bach_BWV805t.mid,kunstderfuge_js,BWV805t,,KEEP_PRIMARY,RENAME,
/Users/auradelagg/aura-lab/bach-propagation/backend/data/raw/bach_js/bach/vs2_1gra_mid/bach_vs2_1gra_mid_unknown_full.mid,/Users/auradelagg/aura-lab/bach-propagation/backend/data/silver/bach/midi/bach_unknown_bach_vs2_1gra_mid_unknown_full.mid,bach_unknown_bach_vs2_1gra_mid_unknown_full.mid,kunstderfuge_js,,,KEEP_PRIMARY,RENAME,BWV not resolved
/Users/auradelagg/aura-lab/bach-propagation/backend/data/raw/bach_js/bach/bwv810g_mid/bach_bwv810g_mid_bwv810g_full.mid,/Users/auradelagg/aura-lab/bach-propagation/backend/data/silver/bach/midi/bach_BWV810g.mid,bach_BWV810g.mid,kunstderfuge_js,BWV810g,,KEEP_PRIMARY,RENAME,
/Users/auradelagg/aura-lab/bach-propagation/backend/data/raw/bach_js/bach/vp3_1pre_mid/bach_vp3_1pre_mid_unknown_full.mid,/Users/auradelagg/aura-lab/bach-propagation/backend/data/silver/bach/midi/bach_unknown_bach_vp3_1pre_mid_unknown_full.mid,bach_unknown_bach_vp3_1pre_mid_unknown_full.mid,kunstderfuge_js,,,KEEP_PRIMARY,RENAME,BWV not resolved
/Users/auradelagg/aura-lab/bach-propagation/backend/data/raw/bach_js/bach/bwv29sin_mid/bach_bwv29sin_mid_bwv29s_full.mid,/Users/auradelagg/aura-lab/bach-propagation/backend/data/silver/bach/midi/bach_BWV29s.mid,bach_BWV29s.mid,kunstderfuge_js,BWV29s,,KEEP_PRIMARY,RENAME,
/Users/auradelagg/aura-lab/bach-propagation/backend/data/raw/bach_js/bach/cs2_1pre_mid/bach_cs2_1pre_mid_unknown_full.mid,/Users/auradelagg/aura-lab/bach-propagation/backend/data/silver/bach/midi/bach_unknown_bach_cs2_1pre_mid_unknown_full.mid,bach_unknown_bach_cs2_1pre_mid_unknown_full.mid,kunstderfuge_js,,,KEEP_PRIMARY,RENAME,BWV not resolved
/Users/auradelagg/aura-lab/bach-propagation/backend/data/raw/bach_js/bach/cs3_1pre_mid/bach_cs3_1pre_mid_unknown_full.mid,/Users/auradelagg/aura-lab/bach-propagation/backend/data/silver/bach/midi/bach_unknown_bach_cs3_1pre_mid_unknown_full.mid,bach_unknown_bach_cs3_1pre_mid_unknown_full.mid,kunstderfuge_js,,,KEEP_PRIMARY,RENAME,BWV not resolved
/Users/auradelagg/aura-lab/bach-propagation/backend/data/raw/bach_js/bach/bwv810f_mid/bach_bwv810f_mid_bwv810f_full.mid,/Users/auradelagg/aura-lab/bach-propagation/backend/data/silver/bach/midi/bach_BWV810f.mid,bach_BWV810f.mid,kunstderfuge_js,BWV810f,,KEEP_PRIMARY,RENAME,
/Users/auradelagg/aura-lab/bach-propagation/backend/data/raw/bach_js/bach/vp1_4cod_mid/bach_vp1_4cod_mid_unknown_full.mid,/Users/auradelagg/aura-lab/bach-propagation/backend/data/silver/bach/midi/bach_unknown_bach_vp1_4cod_mid_unknown_full.mid,bach_unknown_bach_vp1_4cod_mid_unknown_full.mid,kunstderfuge_js,,,KEEP_PRIMARY,RENAME,BWV not resolved
/Users/auradelagg/aura-lab/bach-propagation/backend/data/raw/bach_js/bach/bwv811b_mid/bach_bwv811b_mid_bwv811b_full.mid,/Users/auradelagg/aura-lab/bach-propagation/backend/data/silver/bach/midi/bach_BWV811b.mid,bach_BWV811b.mid,kunstderfuge_js,BWV811b,,KEEP_PRIMARY,RENAME,
/Users/auradelagg/aura-lab/bach-propagation/backend/data/raw/bach_js/bach/bwv772_mid/bach_bwv772_mid_bwv772_full.mid,/Users/auradelagg/aura-lab/bach-propagation/backend/data/silver/bach/midi/bach_BWV772.mid,bach_BWV772.mid,kunstderfuge_js,BWV772,,KEEP_PRIMARY,RENAME,
/Users/auradelagg/aura-lab/bach-propagation/backend/data/raw/bach_js/bach/bwv807b_mid/bach_bwv807b_mid_bwv807b_full.mid,/Users/auradelagg/aura-lab/bach-propagation/backend/data/silver/bach/midi/bach_BWV807b.mid,bach_BWV807b.mid,kunstderfuge_js,BWV807b,,KEEP_PRIMARY,RENAME,
/Users/auradelagg/aura-lab/bach-propagation/backend/data/raw/bach_js/bach/vs1_2fug_mid/bach_vs1_2fug_mid_unknown_full.mid,/Users/auradelagg/aura-lab/bach-propagation/backend/data/silver/bach/midi/bach_unknown_bach_vs1_2fug_mid_unknown_full.mid,bach_unknown_bach_vs1_2fug_mid_unknown_full.mid,kunstderfuge_js,,,KEEP_PRIMARY,RENAME,BWV not resolved
/Users/auradelagg/aura-lab/bach-propagation/backend/data/raw/bach_js/bach/bwv1087_mid/bach_bwv1087_mid_bwv1087_full.mid,/Users/auradelagg/aura-lab/bach-propagation/backend/data/silver/bach/midi/bach_BWV1087.mid,bach_BWV1087.mid,kunstderfuge_js,BWV1087,,KEEP_PRIMARY,RENAME,
/Users/auradelagg/aura-lab/bach-propagation/backend/data/raw/bach_js/bach/bwv640sc_mid/bach_bwv640sc_mid_bwv640s_full.mid,/Users/auradelagg/aura-lab/bach-propagation/backend/data/silver/bach/midi/bach_BWV640s.mid,bach_BWV640s.mid,kunstderfuge_js,BWV640s,,KEEP_PRIMARY,RENAME,
/Users/auradelagg/aura-lab/bach-propagation/backend/data/raw/bach_js/bach/bwv1078_mid/bach_bwv1078_mid_bwv1078_full.mid,/Users/auradelagg/aura-lab/bach-propagation/backend/data/silver/bach/midi/bach_BWV1078.mid,bach_BWV1078.mid,kunstderfuge_js,BWV1078,,KEEP_PRIMARY,RENAME,
/Users/auradelagg/aura-lab/bach-propagation/backend/data/raw/bach_js/bach/bwv572_mid/bach_bwv572_mid_bwv572_full.mid,/Users/auradelagg/aura-lab/bach-propagation/backend/data/silver/bach/midi/bach_BWV572.mid,bach_BWV572.mid,kunstderfuge_js,BWV572,,KEEP_PRIMARY,RENAME,
/Users/auradelagg/aura-lab/bach-propagation/backend/data/raw/bach_js/bach/bwv806f_mid/bach_bwv806f_mid_bwv806f_full.mid,/Users/auradelagg/aura-lab/bach-propagation/backend/data/silver/bach/midi/bach_BWV806f.mid,bach_BWV806f.mid,kunstderfuge_js,BWV806f,,KEEP_PRIMARY,RENAME,
/Users/auradelagg/aura-lab/bach-propagation/backend/data/raw/bach_js/bach/bjsbmm01_mid/bach_bjsbmm01_mid_bwv232_full.mid,/Users/auradelagg/aura-lab/bach-propagation/backend/data/silver/bach/midi/bach_BWV232_01.mid,bach_BWV232_01.mid,kunstderfuge_js,BWV232,,KEEP_PRIMARY,RENAME,
/Users/auradelagg/aura-lab/bach-propagation/backend/data/raw/bach_js/bach/bwv811f_mid/bach_bwv811f_mid_bwv811f_full.mid,/Users/auradelagg/aura-lab/bach-propagation/backend/data/silver/bach/midi/bach_BWV811f.mid,bach_BWV811f.mid,kunstderfuge_js,BWV811f,,KEEP_PRIMARY,RENAME,
/Users/auradelagg/aura-lab/bach-propagation/backend/data/raw/bach_js/bach/bwv807f_mid/bach_bwv807f_mid_bwv807f_full.mid,/Users/auradelagg/aura-lab/bach-propagation/backend/data/silver/bach/midi/bach_BWV807f.mid,bach_BWV807f.mid,kunstderfuge_js,BWV807f,,KEEP_PRIMARY,RENAME,
/Users/auradelagg/aura-lab/bach-propagation/backend/data/raw/bach_js/bach/bwv810b_mid/bach_bwv810b_mid_bwv810b_full.mid,/Users/auradelagg/aura-lab/bach-propagation/backend/data/silver/bach/midi/bach_BWV810b.mid,bach_BWV810b.mid,kunstderfuge_js,BWV810b,,KEEP_PRIMARY,RENAME,
/Users/auradelagg/aura-lab/bach-propagation/backend/data/raw/bach_js/bach/cs5_3cou_mid/bach_cs5_3cou_mid_unknown_full.mid,/Users/auradelagg/aura-lab/bach-propagation/backend/data/silver/bach/midi/bach_unknown_bach_cs5_3cou_mid_unknown_full.mid,bach_unknown_bach_cs5_3cou_mid_unknown_full.mid,kunstderfuge_js,,,KEEP_PRIMARY,RENAME,BWV not resolved
/Users/auradelagg/aura-lab/bach-propagation/backend/data/raw/bach_js/bach/bwv806b_mid/bach_bwv806b_mid_bwv806b_full.mid,/Users/auradelagg/aura-lab/bach-propagation/backend/data/silver/bach/midi/bach_BWV806b.mid,bach_BWV806b.mid,kunstderfuge_js,BWV806b,,KEEP_PRIMARY,RENAME,
/Users/auradelagg/aura-lab/bach-propagation/backend/data/raw/bach_js/bach/cs6_4sar_mid/bach_cs6_4sar_mid_unknown_full.mid,/Users/auradelagg/aura-lab/bach-propagation/backend/data/silver/bach/midi/bach_unknown_bach_cs6_4sar_mid_unknown_full.mid,bach_unknown_bach_cs6_4sar_mid_unknown_full.mid,kunstderfuge_js,,,KEEP_PRIMARY,RENAME,BWV not resolved
/Users/auradelagg/aura-lab/bach-propagation/backend/data/raw/bach_js/bach/bwv811g_mid/bach_bwv811g_mid_bwv811g_full.mid,/Users/auradelagg/aura-lab/bach-propagation/backend/data/silver/bach/midi/bach_BWV811g.mid,bach_BWV811g.mid,kunstderfuge_js,BWV811g,,KEEP_PRIMARY,RENAME,
/Users/auradelagg/aura-lab/bach-propagation/backend/data/raw/bach_js/bach/cs4_3cou_mid/bach_cs4_3cou_mid_unknown_full.mid,/Users/auradelagg/aura-lab/bach-propagation/backend/data/silver/bach/midi/bach_unknown_bach_cs4_3cou_mid_unknown_full.mid,bach_unknown_bach_cs4_3cou_mid_unknown_full.mid,kunstderfuge_js,,,KEEP_PRIMARY,RENAME,BWV not resolved
/Users/auradelagg/aura-lab/bach-propagation/backend/data/raw/bach_js/bach/cs4_5bou_mid/bach_cs4_5bou_mid_unknown_full.mid,/Users/auradelagg/aura-lab/bach-propagation/backend/data/silver/bach/midi/bach_unknown_bach_cs4_5bou_mid_unknown_full.mid,bach_unknown_bach_cs4_5bou_mid_unknown_full.mid,kunstderfuge_js,,,KEEP_PRIMARY,RENAME,BWV not resolved
/Users/auradelagg/aura-lab/bach-propagation/backend/data/raw/bach_js/bach/bwv810c_mid/bach_bwv810c_mid_bwv810c_full.mid,/Users/auradelagg/aura-lab/bach-propagation/backend/data/silver/bach/midi/bach_BWV810c.mid,bach_BWV810c.mid,kunstderfuge_js,BWV810c,,KEEP_PRIMARY,RENAME,
/Users/auradelagg/aura-lab/bach-propagation/backend/data/raw/bach_js/bach/bwv807g_mid/bach_bwv807g_mid_bwv807g_full.mid,/Users/auradelagg/aura-lab/bach-propagation/backend/data/silver/bach/midi/bach_BWV807g.mid,bach_BWV807g.mid,kunstderfuge_js,BWV807g,,KEEP_PRIMARY,RENAME,
/Users/auradelagg/aura-lab/bach-propagation/backend/data/raw/bach_js/bach/bwv806c_mid/bach_bwv806c_mid_bwv806c_full.mid,/Users/auradelagg/aura-lab/bach-propagation/backend/data/silver/bach/midi/bach_BWV806c.mid,bach_BWV806c.mid,kunstderfuge_js,BWV806c,,KEEP_PRIMARY,RENAME,
/Users/auradelagg/aura-lab/bach-propagation/backend/data/raw/bach_js/bach/bwv808h_mid/bach_bwv808h_mid_bwv808h_full.mid,/Users/auradelagg/aura-lab/bach-propagation/backend/data/silver/bach/midi/bach_BWV808h.mid,bach_BWV808h.mid,kunstderfuge_js,BWV808h,,KEEP_PRIMARY,RENAME,
/Users/auradelagg/aura-lab/bach-propagation/backend/data/raw/bach_js/bach/bwv1000h_mid/bach_bwv1000h_mid_bwv1000h_full.mid,/Users/auradelagg/aura-lab/bach-propagation/backend/data/silver/bach/midi/bach_BWV1000h.mid,bach_BWV1000h.mid,kunstderfuge_js,BWV1000h,,KEEP_PRIMARY,RENAME,
/Users/auradelagg/aura-lab/bach-propagation/backend/data/raw/bach_js/bach/bwv807e_mid/bach_bwv807e_mid_bwv807e_full.mid,/Users/auradelagg/aura-lab/bach-propagation/backend/data/silver/bach/midi/bach_BWV807e.mid,bach_BWV807e.mid,kunstderfuge_js,BWV807e,,KEEP_PRIMARY,RENAME,
/Users/auradelagg/aura-lab/bach-propagation/backend/data/raw/bach_js/bach/bwv806a_mid/bach_bwv806a_mid_bwv806a_full.mid,/Users/auradelagg/aura-lab/bach-propagation/backend/data/silver/bach/midi/bach_BWV806a.mid,bach_BWV806a.mid,kunstderfuge_js,BWV806a,,KEEP_PRIMARY,RENAME,
/Users/auradelagg/aura-lab/bach-propagation/backend/data/raw/bach_js/bach/bwv996_mid/bach_bwv996_mid_bwv996_full.mid,/Users/auradelagg/aura-lab/bach-propagation/backend/data/silver/bach/midi/bach_BWV996.mid,bach_BWV996.mid,kunstderfuge_js,BWV996,,KEEP_PRIMARY,RENAME,
/Users/auradelagg/aura-lab/bach-propagation/backend/data/raw/bach_js/bach/vp2_3sar_mid/bach_vp2_3sar_mid_unknown_full.mid,/Users/auradelagg/aura-lab/bach-propagation/backend/data/silver/bach/midi/bach_unknown_bach_vp2_3sar_mid_unknown_full.mid,bach_unknown_bach_vp2_3sar_mid_unknown_full.mid,kunstderfuge_js,,,KEEP_PRIMARY,RENAME,BWV not resolved
/Users/auradelagg/aura-lab/bach-propagation/backend/data/raw/bach_js/bach/bwv811e_mid/bach_bwv811e_mid_bwv811e_full.mid,/Users/auradelagg/aura-lab/bach-propagation/backend/data/silver/bach/midi/bach_BWV811e.mid,bach_BWV811e.mid,kunstderfuge_js,BWV811e,,KEEP_PRIMARY,RENAME,
/Users/auradelagg/aura-lab/bach-propagation/backend/data/raw/bach_js/bach/bwv588_mid/bach_bwv588_mid_bwv588_full.mid,/Users/auradelagg/aura-lab/bach-propagation/backend/data/silver/bach/midi/bach_BWV588.mid,bach_BWV588.mid,kunstderfuge_js,BWV588,,KEEP_PRIMARY,RENAME,
/Users/auradelagg/aura-lab/bach-propagation/backend/data/raw/bach_js/bach/bwv811d_mid/bach_bwv811d_mid_bwv811d_full.mid,/Users/auradelagg/aura-lab/bach-propagation/backend/data/silver/bach/midi/bach_BWV811d.mid,bach_BWV811d.mid,kunstderfuge_js,BWV811d,,KEEP_PRIMARY,RENAME,
/Users/auradelagg/aura-lab/bach-propagation/backend/data/raw/bach_js/bach/cs6_5gav_mid/bach_cs6_5gav_mid_unknown_full.mid,/Users/auradelagg/aura-lab/bach-propagation/backend/data/silver/bach/midi/bach_unknown_bach_cs6_5gav_mid_unknown_full.mid,bach_unknown_bach_cs6_5gav_mid_unknown_full.mid,kunstderfuge_js,,,KEEP_PRIMARY,RENAME,BWV not resolved
/Users/auradelagg/aura-lab/bach-propagation/backend/data/raw/bach_js/bach/bwv807d_mid/bach_bwv807d_mid_bwv807d_full.mid,/Users/auradelagg/aura-lab/bach-propagation/backend/data/silver/bach/midi/bach_BWV807d.mid,bach_BWV807d.mid,kunstderfuge_js,BWV807d,,KEEP_PRIMARY,RENAME,
/Users/auradelagg/aura-lab/bach-propagation/backend/data/raw/bach_js/bach/cs6_6gig_mid/bach_cs6_6gig_mid_unknown_full.mid,/Users/auradelagg/aura-lab/bach-propagation/backend/data/silver/bach/midi/bach_unknown_bach_cs6_6gig_mid_unknown_full.mid,bach_unknown_bach_cs6_6gig_mid_unknown_full.mid,kunstderfuge_js,,,KEEP_PRIMARY,RENAME,BWV not resolved
/Users/auradelagg/aura-lab/bach-propagation/backend/data/raw/bach_js/bach/bwv810a_mid/bach_bwv810a_mid_bwv810a_full.mid,/Users/auradelagg/aura-lab/bach-propagation/backend/data/silver/bach/midi/bach_BWV810a.mid,bach_BWV810a.mid,kunstderfuge_js,BWV810a,,KEEP_PRIMARY,RENAME,
/Users/auradelagg/aura-lab/bach-propagation/backend/data/raw/bach_js/bach/vp1_1al_mid/bach_vp1_1al_mid_unknown_full.mid,/Users/auradelagg/aura-lab/bach-propagation/backend/data/silver/bach/midi/bach_unknown_bach_vp1_1al_mid_unknown_full.mid,bach_unknown_bach_vp1_1al_mid_unknown_full.mid,kunstderfuge_js,,,KEEP_PRIMARY,RENAME,BWV not resolved
/Users/auradelagg/aura-lab/bach-propagation/backend/data/raw/bach_js/bach/1079_03_mid/bach_1079_03_mid_unknown_full.mid,/Users/auradelagg/aura-lab/bach-propagation/backend/data/silver/bach/midi/bach_BWV1079_03.mid,bach_BWV1079_03.mid,kunstderfuge_js,BWV1079,,KEEP_PRIMARY,RENAME,
/Users/auradelagg/aura-lab/bach-propagation/backend/data/raw/bach_js/bach/cs2_3cou_mid/bach_cs2_3cou_mid_unknown_full.mid,/Users/auradelagg/aura-lab/bach-propagation/backend/data/silver/bach/midi/bach_unknown_bach_cs2_3cou_mid_unknown_full.mid,bach_unknown_bach_cs2_3cou_mid_unknown_full.mid,kunstderfuge_js,,,KEEP_PRIMARY,RENAME,BWV not resolved
/Users/auradelagg/aura-lab/bach-propagation/backend/data/raw/bach_js/bach/cs3_3cou_mid/bach_cs3_3cou_mid_unknown_full.mid,/Users/auradelagg/aura-lab/bach-propagation/backend/data/silver/bach/midi/bach_unknown_bach_cs3_3cou_mid_unknown_full.mid,bach_unknown_bach_cs3_3cou_mid_unknown_full.mid,kunstderfuge_js,,,KEEP_PRIMARY,RENAME,BWV not resolved
/Users/auradelagg/aura-lab/bach-propagation/backend/data/raw/bach_js/bach/988_v02_mid/bach_988_v02_mid_bwv988_988_full.mid,/Users/auradelagg/aura-lab/bach-propagation/backend/data/silver/bach/midi/bach_BWV988_02_variation_02.mid,bach_BWV988_02_variation_02.mid,kunstderfuge_js,BWV988,Variation_02,KEEP_PRIMARY,RENAME,
/Users/auradelagg/aura-lab/bach-propagation/backend/data/raw/bach_js/bach/vp3_5bou_mid/bach_vp3_5bou_mid_unknown_full.mid,/Users/auradelagg/aura-lab/bach-propagation/backend/data/silver/bach/midi/bach_unknown_bach_vp3_5bou_mid_unknown_full.mid,bach_unknown_bach_vp3_5bou_mid_unknown_full.mid,kunstderfuge_js,,,KEEP_PRIMARY,RENAME,BWV not resolved
/Users/auradelagg/aura-lab/bach-propagation/backend/data/raw/bach_js/bach/bwv539_mid/bach_bwv539_mid_bwv539_full.mid,/Users/auradelagg/aura-lab/bach-propagation/backend/data/silver/bach/midi/bach_BWV539.mid,bach_BWV539.mid,kunstderfuge_js,BWV539,,KEEP_PRIMARY,RENAME,
/Users/auradelagg/aura-lab/bach-propagation/backend/data/raw/bach_js/bach/cs3_5bou_mid/bach_cs3_5bou_mid_unknown_full.mid,/Users/auradelagg/aura-lab/bach-propagation/backend/data/silver/bach/midi/bach_unknown_bach_cs3_5bou_mid_unknown_full.mid,bach_unknown_bach_cs3_5bou_mid_unknown_full.mid,kunstderfuge_js,,,KEEP_PRIMARY,RENAME,BWV not resolved
/Users/auradelagg/aura-lab/bach-propagation/backend/data/raw/bach_js/bach/988_v17_mid/bach_988_v17_mid_bwv988_988_full.mid,/Users/auradelagg/aura-lab/bach-propagation/backend/data/silver/bach/midi/bach_BWV988_17_variation_17.mid,bach_BWV988_17_variation_17.mid,kunstderfuge_js,BWV988,Variation_17,KEEP_PRIMARY,RENAME,
/Users/auradelagg/aura-lab/bach-propagation/backend/data/raw/bach_js/bach/cs1_4sar_mid/bach_cs1_4sar_mid_unknown_full.mid,/Users/auradelagg/aura-lab/bach-propagation/backend/data/silver/bach/midi/bach_unknown_bach_cs1_4sar_mid_unknown_full.mid,bach_unknown_bach_cs1_4sar_mid_unknown_full.mid,kunstderfuge_js,,,KEEP_PRIMARY,RENAME,BWV not resolved
/Users/auradelagg/aura-lab/bach-propagation/backend/data/raw/bach_js/bach/988_v03_mid/bach_988_v03_mid_bwv988_988_full.mid,/Users/auradelagg/aura-lab/bach-propagation/backend/data/silver/bach/midi/bach_BWV988_03_variation_03.mid,bach_BWV988_03_variation_03.mid,kunstderfuge_js,BWV988,Variation_03,KEEP_PRIMARY,RENAME,
/Users/auradelagg/aura-lab/bach-propagation/backend/data/raw/bach_js/bach/1079_02_mid/bach_1079_02_mid_unknown_full.mid,/Users/auradelagg/aura-lab/bach-propagation/backend/data/silver/bach/midi/bach_BWV1079_02.mid,bach_BWV1079_02.mid,kunstderfuge_js,BWV1079,,KEEP_PRIMARY,RENAME,
/Users/auradelagg/aura-lab/bach-propagation/backend/data/raw/bach_js/bach/bwv666_mid/bach_bwv666_mid_bwv666_full.mid,/Users/auradelagg/aura-lab/bach-propagation/backend/data/silver/bach/midi/bach_BWV666.mid,bach_BWV666.mid,kunstderfuge_js,BWV666,,KEEP_PRIMARY,RENAME,
/Users/auradelagg/aura-lab/bach-propagation/backend/data/raw/bach_js/bach/bwv667_mid/bach_bwv667_mid_bwv667_full.mid,/Users/auradelagg/aura-lab/bach-propagation/backend/data/silver/bach/midi/bach_BWV667.mid,bach_BWV667.mid,kunstderfuge_js,BWV667,,KEEP_PRIMARY,RENAME,
/Users/auradelagg/aura-lab/bach-propagation/backend/data/raw/bach_js/bach/988_v16_mid/bach_988_v16_mid_bwv988_988_full.mid,/Users/auradelagg/aura-lab/bach-propagation/backend/data/silver/bach/midi/bach_BWV988_16_variation_16.mid,bach_BWV988_16_variation_16.mid,kunstderfuge_js,BWV988,Variation_16,KEEP_PRIMARY,RENAME,
/Users/auradelagg/aura-lab/bach-propagation/backend/data/raw/bach_js/bach/cs2_5men_mid/bach_cs2_5men_mid_unknown_full.mid,/Users/auradelagg/aura-lab/bach-propagation/backend/data/silver/bach/midi/bach_unknown_bach_cs2_5men_mid_unknown_full.mid,bach_unknown_bach_cs2_5men_mid_unknown_full.mid,kunstderfuge_js,,,KEEP_PRIMARY,RENAME,BWV not resolved
/Users/auradelagg/aura-lab/bach-propagation/backend/data/raw/bach_js/bach/997_4gig_mid/bach_997_4gig_mid_unknown_full.mid,/Users/auradelagg/aura-lab/bach-propagation/backend/data/silver/bach/midi/bach_BWV997_04_gigue.mid,bach_BWV997_04_gigue.mid,kunstderfuge_js,BWV997,Gigue,KEEP_PRIMARY,RENAME,
/Users/auradelagg/aura-lab/bach-propagation/backend/data/raw/bach_js/bach/bwv658_mid/bach_bwv658_mid_bwv658_full.mid,/Users/auradelagg/aura-lab/bach-propagation/backend/data/silver/bach/midi/bach_BWV658.mid,bach_BWV658.mid,kunstderfuge_js,BWV658,,KEEP_PRIMARY,RENAME,
/Users/auradelagg/aura-lab/bach-propagation/backend/data/raw/bach_js/bach/bwv664_mid/bach_bwv664_mid_bwv664_full.mid,/Users/auradelagg/aura-lab/bach-propagation/backend/data/silver/bach/midi/bach_BWV664.mid,bach_BWV664.mid,kunstderfuge_js,BWV664,,KEEP_PRIMARY,RENAME,
/Users/auradelagg/aura-lab/bach-propagation/backend/data/raw/bach_js/bach/bwv1030_mid/bach_bwv1030_mid_bwv1030_full.mid,/Users/auradelagg/aura-lab/bach-propagation/backend/data/silver/bach/midi/bach_BWV1030.mid,bach_BWV1030.mid,kunstderfuge_js,BWV1030,,KEEP_PRIMARY,RENAME,
/Users/auradelagg/aura-lab/bach-propagation/backend/data/raw/bach_js/bach/988_v29_mid/bach_988_v29_mid_bwv988_988_full.mid,/Users/auradelagg/aura-lab/bach-propagation/backend/data/silver/bach/midi/bach_BWV988_29_variation_29.mid,bach_BWV988_29_variation_29.mid,kunstderfuge_js,BWV988,Variation_29,KEEP_PRIMARY,RENAME,
/Users/auradelagg/aura-lab/bach-propagation/backend/data/raw/bach_js/bach/988_v15_mid/bach_988_v15_mid_bwv988_988_full.mid,/Users/auradelagg/aura-lab/bach-propagation/backend/data/silver/bach/midi/bach_BWV988_15_variation_15.mid,bach_BWV988_15_variation_15.mid,kunstderfuge_js,BWV988,Variation_15,KEEP_PRIMARY,RENAME,
/Users/auradelagg/aura-lab/bach-propagation/backend/data/raw/bach_js/bach/988_v01_mid/bach_988_v01_mid_bwv988_988_full.mid,/Users/auradelagg/aura-lab/bach-propagation/backend/data/silver/bach/midi/bach_BWV988_01_variation_01.mid,bach_BWV988_01_variation_01.mid,kunstderfuge_js,BWV988,Variation_01,KEEP_PRIMARY,RENAME,
/Users/auradelagg/aura-lab/bach-propagation/backend/data/raw/bach_js/bach/bwv0202_mid/bach_bwv0202_mid_bwv0202_full.mid,/Users/auradelagg/aura-lab/bach-propagation/backend/data/silver/bach/midi/bach_BWV202.mid,bach_BWV202.mid,kunstderfuge_js,BWV202,,KEEP_PRIMARY,RENAME,
/Users/auradelagg/aura-lab/bach-propagation/backend/data/raw/bach_js/bach/988_v14_mid/bach_988_v14_mid_bwv988_988_full.mid,/Users/auradelagg/aura-lab/bach-propagation/backend/data/silver/bach/midi/bach_BWV988_14_variation_14.mid,bach_BWV988_14_variation_14.mid,kunstderfuge_js,BWV988,Variation_14,KEEP_PRIMARY,RENAME,
/Users/auradelagg/aura-lab/bach-propagation/backend/data/raw/bach_js/bach/cs1_6gig_mid/bach_cs1_6gig_mid_unknown_full.mid,/Users/auradelagg/aura-lab/bach-propagation/backend/data/silver/bach/midi/bach_unknown_bach_cs1_6gig_mid_unknown_full.mid,bach_unknown_bach_cs1_6gig_mid_unknown_full.mid,kunstderfuge_js,,,KEEP_PRIMARY,RENAME,BWV not resolved
/Users/auradelagg/aura-lab/bach-propagation/backend/data/raw/bach_js/bach/988_v28_mid/bach_988_v28_mid_bwv988_988_full.mid,/Users/auradelagg/aura-lab/bach-propagation/backend/data/silver/bach/midi/bach_BWV988_28_variation_28.mid,bach_BWV988_28_variation_28.mid,kunstderfuge_js,BWV988,Variation_28,KEEP_PRIMARY,RENAME,
/Users/auradelagg/aura-lab/bach-propagation/backend/data/raw/bach_js/bach/bwv659_mid/bach_bwv659_mid_bwv659_full.mid,/Users/auradelagg/aura-lab/bach-propagation/backend/data/silver/bach/midi/bach_BWV659.mid,bach_BWV659.mid,kunstderfuge_js,BWV659,,KEEP_PRIMARY,RENAME,
/Users/auradelagg/aura-lab/bach-propagation/backend/data/raw/bach_js/bach/bwv665_mid/bach_bwv665_mid_bwv665_full.mid,/Users/auradelagg/aura-lab/bach-propagation/backend/data/silver/bach/midi/bach_BWV665.mid,bach_BWV665.mid,kunstderfuge_js,BWV665,,KEEP_PRIMARY,RENAME,
/Users/auradelagg/aura-lab/bach-propagation/backend/data/raw/bach_js/bach/bwv1052a_mid/bach_bwv1052a_mid_bwv1052a_full.mid,/Users/auradelagg/aura-lab/bach-propagation/backend/data/silver/bach/midi/bach_BWV1052a.mid,bach_BWV1052a.mid,kunstderfuge_js,BWV1052a,,KEEP_PRIMARY,RENAME,
/Users/auradelagg/aura-lab/bach-propagation/backend/data/raw/bach_js/bach/pfa_1pre_mid/bach_pfa_1pre_mid_unknown_full.mid,/Users/auradelagg/aura-lab/bach-propagation/backend/data/silver/bach/midi/bach_unknown_bach_pfa_1pre_mid_unknown_full.mid,bach_unknown_bach_pfa_1pre_mid_unknown_full.mid,kunstderfuge_js,,,KEEP_PRIMARY,RENAME,BWV not resolved
/Users/auradelagg/aura-lab/bach-propagation/backend/data/raw/bach_js/bach/1079_05_mid/bach_1079_05_mid_unknown_full.mid,/Users/auradelagg/aura-lab/bach-propagation/backend/data/silver/bach/midi/bach_BWV1079_05.mid,bach_BWV1079_05.mid,kunstderfuge_js,BWV1079,,KEEP_PRIMARY,RENAME,
/Users/auradelagg/aura-lab/bach-propagation/backend/data/raw/bach_js/bach/bwv530_2_mid/bach_bwv530_2_mid_bwv530_full.mid,/Users/auradelagg/aura-lab/bach-propagation/backend/data/silver/bach/midi/bach_BWV530_02.mid,bach_BWV530_02.mid,kunstderfuge_js,BWV530,,KEEP_PRIMARY,RENAME,
/Users/auradelagg/aura-lab/bach-propagation/backend/data/raw/bach_js/bach/bwv1027_mid/bach_bwv1027_mid_bwv1027_full.mid,/Users/auradelagg/aura-lab/bach-propagation/backend/data/silver/bach/midi/bach_BWV1027.mid,bach_BWV1027.mid,kunstderfuge_js,BWV1027,,KEEP_PRIMARY,RENAME,
/Users/auradelagg/aura-lab/bach-propagation/backend/data/raw/bach_js/bach/988_v10_mid/bach_988_v10_mid_bwv988_988_full.mid,/Users/auradelagg/aura-lab/bach-propagation/backend/data/silver/bach/midi/bach_BWV988_10_variation_10.mid,bach_BWV988_10_variation_10.mid,kunstderfuge_js,BWV988,Variation_10,KEEP_PRIMARY,RENAME,
/Users/auradelagg/aura-lab/bach-propagation/backend/data/raw/bach_js/bach/988_v04_mid/bach_988_v04_mid_bwv988_988_full.mid,/Users/auradelagg/aura-lab/bach-propagation/backend/data/silver/bach/midi/bach_BWV988_04_variation_04.mid,bach_BWV988_04_variation_04.mid,kunstderfuge_js,BWV988,Variation_04,KEEP_PRIMARY,RENAME,
/Users/auradelagg/aura-lab/bach-propagation/backend/data/raw/bach_js/bach/bwv529_3_mid/bach_bwv529_3_mid_bwv529_full.mid,/Users/auradelagg/aura-lab/bach-propagation/backend/data/silver/bach/midi/bach_BWV529_03.mid,bach_BWV529_03.mid,kunstderfuge_js,BWV529,,KEEP_PRIMARY,RENAME,
/Users/auradelagg/aura-lab/bach-propagation/backend/data/raw/bach_js/bach/fp_2cou_mid/bach_fp_2cou_mid_unknown_full.mid,/Users/auradelagg/aura-lab/bach-propagation/backend/data/silver/bach/midi/bach_unknown_bach_fp_2cou_mid_unknown_full.mid,bach_unknown_bach_fp_2cou_mid_unknown_full.mid,kunstderfuge_js,,,KEEP_PRIMARY,RENAME,BWV not resolved
/Users/auradelagg/aura-lab/bach-propagation/backend/data/raw/bach_js/bach/vp3_2lou_mid/bach_vp3_2lou_mid_unknown_full.mid,/Users/auradelagg/aura-lab/bach-propagation/backend/data/silver/bach/midi/bach_unknown_bach_vp3_2lou_mid_unknown_full.mid,bach_unknown_bach_vp3_2lou_mid_unknown_full.mid,kunstderfuge_js,,,KEEP_PRIMARY,RENAME,BWV not resolved
/Users/auradelagg/aura-lab/bach-propagation/backend/data/raw/bach_js/bach/bwv661_mid/bach_bwv661_mid_bwv661_full.mid,/Users/auradelagg/aura-lab/bach-propagation/backend/data/silver/bach/midi/bach_BWV661.mid,bach_BWV661.mid,kunstderfuge_js,BWV661,,KEEP_PRIMARY,RENAME,
/Users/auradelagg/aura-lab/bach-propagation/backend/data/raw/bach_js/bach/988_v05_mid/bach_988_v05_mid_bwv988_988_full.mid,/Users/auradelagg/aura-lab/bach-propagation/backend/data/silver/bach/midi/bach_BWV988_05_variation_05.mid,bach_BWV988_05_variation_05.mid,kunstderfuge_js,BWV988,Variation_05,KEEP_PRIMARY,RENAME,
/Users/auradelagg/aura-lab/bach-propagation/backend/data/raw/bach_js/bach/bwv529_2_mid/bach_bwv529_2_mid_bwv529_full.mid,/Users/auradelagg/aura-lab/bach-propagation/backend/data/silver/bach/midi/bach_BWV529_02.mid,bach_BWV529_02.mid,kunstderfuge_js,BWV529,,KEEP_PRIMARY,RENAME,
/Users/auradelagg/aura-lab/bach-propagation/backend/data/raw/bach_js/bach/fp_4bou_mid/bach_fp_4bou_mid_unknown_full.mid,/Users/auradelagg/aura-lab/bach-propagation/backend/data/silver/bach/midi/bach_unknown_bach_fp_4bou_mid_unknown_full.mid,bach_unknown_bach_fp_4bou_mid_unknown_full.mid,kunstderfuge_js,,,KEEP_PRIMARY,RENAME,BWV not resolved
/Users/auradelagg/aura-lab/bach-propagation/backend/data/raw/bach_js/bach/988_v11_mid/bach_988_v11_mid_bwv988_988_full.mid,/Users/auradelagg/aura-lab/bach-propagation/backend/data/silver/bach/midi/bach_BWV988_11_variation_11.mid,bach_BWV988_11_variation_11.mid,kunstderfuge_js,BWV988,Variation_11,KEEP_PRIMARY,RENAME,
/Users/auradelagg/aura-lab/bach-propagation/backend/data/raw/bach_js/bach/bwv660_mid/bach_bwv660_mid_bwv660_full.mid,/Users/auradelagg/aura-lab/bach-propagation/backend/data/silver/bach/midi/bach_BWV660.mid,bach_BWV660.mid,kunstderfuge_js,BWV660,,KEEP_PRIMARY,RENAME,
/Users/auradelagg/aura-lab/bach-propagation/backend/data/raw/bach_js/bach/1079_04_mid/bach_1079_04_mid_unknown_full.mid,/Users/auradelagg/aura-lab/bach-propagation/backend/data/silver/bach/midi/bach_BWV1079_04.mid,bach_BWV1079_04.mid,kunstderfuge_js,BWV1079,,KEEP_PRIMARY,RENAME,
/Users/auradelagg/aura-lab/bach-propagation/backend/data/raw/bach_js/bach/cs1_2all_mid/bach_cs1_2all_mid_unknown_full.mid,/Users/auradelagg/aura-lab/bach-propagation/backend/data/silver/bach/midi/bach_unknown_bach_cs1_2all_mid_unknown_full.mid,bach_unknown_bach_cs1_2all_mid_unknown_full.mid,kunstderfuge_js,,,KEEP_PRIMARY,RENAME,BWV not resolved
/Users/auradelagg/aura-lab/bach-propagation/backend/data/raw/bach_js/bach/bwv530_3_mid/bach_bwv530_3_mid_bwv530_full.mid,/Users/auradelagg/aura-lab/bach-propagation/backend/data/silver/bach/midi/bach_BWV530_03.mid,bach_BWV530_03.mid,kunstderfuge_js,BWV530,,KEEP_PRIMARY,RENAME,
/Users/auradelagg/aura-lab/bach-propagation/backend/data/raw/bach_js/bach/bwv0212_mid/bach_bwv0212_mid_bwv0212_full.mid,/Users/auradelagg/aura-lab/bach-propagation/backend/data/silver/bach/midi/bach_BWV212.mid,bach_BWV212.mid,kunstderfuge_js,BWV212,,KEEP_PRIMARY,RENAME,
/Users/auradelagg/aura-lab/bach-propagation/backend/data/raw/bach_js/bach/bwv530_1_mid/bach_bwv530_1_mid_bwv530_full.mid,/Users/auradelagg/aura-lab/bach-propagation/backend/data/silver/bach/midi/bach_BWV530_01.mid,bach_BWV530_01.mid,kunstderfuge_js,BWV530,,KEEP_PRIMARY,RENAME,
/Users/auradelagg/aura-lab/bach-propagation/backend/data/raw/bach_js/bach/bwv639sc_mid/bach_bwv639sc_mid_bwv639s_full.mid,/Users/auradelagg/aura-lab/bach-propagation/backend/data/silver/bach/midi/bach_BWV639s.mid,bach_BWV639s.mid,kunstderfuge_js,BWV639s,,KEEP_PRIMARY,RENAME,
/Users/auradelagg/aura-lab/bach-propagation/backend/data/raw/bach_js/bach/vs1_1ada_mid/bach_vs1_1ada_mid_unknown_full.mid,/Users/auradelagg/aura-lab/bach-propagation/backend/data/silver/bach/midi/bach_unknown_bach_vs1_1ada_mid_unknown_full.mid,bach_unknown_bach_vs1_1ada_mid_unknown_full.mid,kunstderfuge_js,,,KEEP_PRIMARY,RENAME,BWV not resolved
/Users/auradelagg/aura-lab/bach-propagation/backend/data/raw/bach_js/bach/vp2_5cha_mid/bach_vp2_5cha_mid_unknown_full.mid,/Users/auradelagg/aura-lab/bach-propagation/backend/data/silver/bach/midi/bach_unknown_bach_vp2_5cha_mid_unknown_full.mid,bach_unknown_bach_vp2_5cha_mid_unknown_full.mid,kunstderfuge_js,,,KEEP_PRIMARY,RENAME,BWV not resolved
/Users/auradelagg/aura-lab/bach-propagation/backend/data/raw/bach_js/bach/bwv0248c_mid/bach_bwv0248c_mid_bwv0248c_full.mid,/Users/auradelagg/aura-lab/bach-propagation/backend/data/silver/bach/midi/bach_BWV248c.mid,bach_BWV248c.mid,kunstderfuge_js,BWV248c,,KEEP_PRIMARY,RENAME,
/Users/auradelagg/aura-lab/bach-propagation/backend/data/raw/bach_js/bach/bwv552f_mid/bach_bwv552f_mid_bwv552f_full.mid,/Users/auradelagg/aura-lab/bach-propagation/backend/data/silver/bach/midi/bach_BWV552f.mid,bach_BWV552f.mid,kunstderfuge_js,BWV552f,,KEEP_PRIMARY,RENAME,
/Users/auradelagg/aura-lab/bach-propagation/backend/data/raw/bach_js/bach/988_v07_mid/bach_988_v07_mid_bwv988_988_full.mid,/Users/auradelagg/aura-lab/bach-propagation/backend/data/silver/bach/midi/bach_BWV988_07_variation_07.mid,bach_BWV988_07_variation_07.mid,kunstderfuge_js,BWV988,Variation_07,KEEP_PRIMARY,RENAME,
/Users/auradelagg/aura-lab/bach-propagation/backend/data/raw/bach_js/bach/988_v13_mid/bach_988_v13_mid_bwv988_988_full.mid,/Users/auradelagg/aura-lab/bach-propagation/backend/data/silver/bach/midi/bach_BWV988_13_variation_13.mid,bach_BWV988_13_variation_13.mid,kunstderfuge_js,BWV988,Variation_13,KEEP_PRIMARY,RENAME,
/Users/auradelagg/aura-lab/bach-propagation/backend/data/raw/bach_js/bach/bwv662_mid/bach_bwv662_mid_bwv662_full.mid,/Users/auradelagg/aura-lab/bach-propagation/backend/data/silver/bach/midi/bach_BWV662.mid,bach_BWV662.mid,kunstderfuge_js,BWV662,,KEEP_PRIMARY,RENAME,
/Users/auradelagg/aura-lab/bach-propagation/backend/data/raw/bach_js/bach/bwv772a_mid/bach_bwv772a_mid_bwv772a_full.mid,/Users/auradelagg/aura-lab/bach-propagation/backend/data/silver/bach/midi/bach_BWV772a.mid,bach_BWV772a.mid,kunstderfuge_js,BWV772a,,KEEP_PRIMARY,RENAME,
/Users/auradelagg/aura-lab/bach-propagation/backend/data/raw/bach_js/bach/cs4_1pre_mid/bach_cs4_1pre_mid_unknown_full.mid,/Users/auradelagg/aura-lab/bach-propagation/backend/data/silver/bach/midi/bach_unknown_bach_cs4_1pre_mid_unknown_full.mid,bach_unknown_bach_cs4_1pre_mid_unknown_full.mid,kunstderfuge_js,,,KEEP_PRIMARY,RENAME,BWV not resolved
/Users/auradelagg/aura-lab/bach-propagation/backend/data/raw/bach_js/bach/cs5_1pre_mid/bach_cs5_1pre_mid_unknown_full.mid,/Users/auradelagg/aura-lab/bach-propagation/backend/data/silver/bach/midi/bach_unknown_bach_cs5_1pre_mid_unknown_full.mid,bach_unknown_bach_cs5_1pre_mid_unknown_full.mid,kunstderfuge_js,,,KEEP_PRIMARY,RENAME,BWV not resolved
/Users/auradelagg/aura-lab/bach-propagation/backend/data/raw/bach_js/bach/988_v12_mid/bach_988_v12_mid_bwv988_988_full.mid,/Users/auradelagg/aura-lab/bach-propagation/backend/data/silver/bach/midi/bach_BWV988_12_variation_12.mid,bach_BWV988_12_variation_12.mid,kunstderfuge_js,BWV988,Variation_12,KEEP_PRIMARY,RENAME,
/Users/auradelagg/aura-lab/bach-propagation/backend/data/raw/bach_js/bach/bwv529_1_mid/bach_bwv529_1_mid_bwv529_full.mid,/Users/auradelagg/aura-lab/bach-propagation/backend/data/silver/bach/midi/bach_BWV529_01.mid,bach_BWV529_01.mid,kunstderfuge_js,BWV529,,KEEP_PRIMARY,RENAME,
/Users/auradelagg/aura-lab/bach-propagation/backend/data/raw/bach_js/bach/988_v06_mid/bach_988_v06_mid_bwv988_988_full.mid,/Users/auradelagg/aura-lab/bach-propagation/backend/data/silver/bach/midi/bach_BWV988_06_variation_06.mid,bach_BWV988_06_variation_06.mid,kunstderfuge_js,BWV988,Variation_06,KEEP_PRIMARY,RENAME,
/Users/auradelagg/aura-lab/bach-propagation/backend/data/raw/bach_js/bach/bwv663_mid/bach_bwv663_mid_bwv663_full.mid,/Users/auradelagg/aura-lab/bach-propagation/backend/data/silver/bach/midi/bach_BWV663.mid,bach_BWV663.mid,kunstderfuge_js,BWV663,,KEEP_PRIMARY,RENAME,
/Users/auradelagg/aura-lab/bach-propagation/backend/data/raw/bach_js/bach/vp1_6sad_mid/bach_vp1_6sad_mid_unknown_full.mid,/Users/auradelagg/aura-lab/bach-propagation/backend/data/silver/bach/midi/bach_unknown_bach_vp1_6sad_mid_unknown_full.mid,bach_unknown_bach_vp1_6sad_mid_unknown_full.mid,kunstderfuge_js,,,KEEP_PRIMARY,RENAME,BWV not resolved
/Users/auradelagg/aura-lab/bach-propagation/backend/data/raw/bach_js/bach/bwv552p_mid/bach_bwv552p_mid_bwv552p_full.mid,/Users/auradelagg/aura-lab/bach-propagation/backend/data/silver/bach/midi/bach_BWV552p.mid,bach_BWV552p.mid,kunstderfuge_js,BWV552p,,KEEP_PRIMARY,RENAME,
/Users/auradelagg/aura-lab/bach-propagation/backend/data/raw/bach_js/bach/fp_3sar_mid/bach_fp_3sar_mid_unknown_full.mid,/Users/auradelagg/aura-lab/bach-propagation/backend/data/silver/bach/midi/bach_unknown_bach_fp_3sar_mid_unknown_full.mid,bach_unknown_bach_fp_3sar_mid_unknown_full.mid,kunstderfuge_js,,,KEEP_PRIMARY,RENAME,BWV not resolved
/Users/auradelagg/aura-lab/bach-propagation/backend/data/raw/bach_js/bach/vp2_1all_mid/bach_vp2_1all_mid_unknown_full.mid,/Users/auradelagg/aura-lab/bach-propagation/backend/data/silver/bach/midi/bach_unknown_bach_vp2_1all_mid_unknown_full.mid,bach_unknown_bach_vp2_1all_mid_unknown_full.mid,kunstderfuge_js,,,KEEP_PRIMARY,RENAME,BWV not resolved
/Users/auradelagg/aura-lab/bach-propagation/backend/data/raw/bach_js/bach/vs2_3and_mid/bach_vs2_3and_mid_unknown_full.mid,/Users/auradelagg/aura-lab/bach-propagation/backend/data/silver/bach/midi/bach_unknown_bach_vs2_3and_mid_unknown_full.mid,bach_unknown_bach_vs2_3and_mid_unknown_full.mid,kunstderfuge_js,,,KEEP_PRIMARY,RENAME,BWV not resolved
/Users/auradelagg/aura-lab/bach-propagation/backend/data/raw/bach_js/bach/988_v23_mid/bach_988_v23_mid_bwv988_988_full.mid,/Users/auradelagg/aura-lab/bach-propagation/backend/data/silver/bach/midi/bach_BWV988_23_variation_23.mid,bach_BWV988_23_variation_23.mid,kunstderfuge_js,BWV988,Variation_23,KEEP_PRIMARY,RENAME,
/Users/auradelagg/aura-lab/bach-propagation/backend/data/raw/bach_js/bach/bwv652_mid/bach_bwv652_mid_bwv652_full.mid,/Users/auradelagg/aura-lab/bach-propagation/backend/data/silver/bach/midi/bach_BWV652.mid,bach_BWV652.mid,kunstderfuge_js,BWV652,,KEEP_PRIMARY,RENAME,
/Users/auradelagg/aura-lab/bach-propagation/backend/data/raw/bach_js/bach/bwv525_1_mid/bach_bwv525_1_mid_bwv525_full.mid,/Users/auradelagg/aura-lab/bach-propagation/backend/data/silver/bach/midi/bach_BWV525_01.mid,bach_BWV525_01.mid,kunstderfuge_js,BWV525,,KEEP_PRIMARY,RENAME,
/Users/auradelagg/aura-lab/bach-propagation/backend/data/raw/bach_js/bach/bwv0248d_mid/bach_bwv0248d_mid_bwv0248d_full.mid,/Users/auradelagg/aura-lab/bach-propagation/backend/data/silver/bach/midi/bach_BWV248d.mid,bach_BWV248d.mid,kunstderfuge_js,BWV248d,,KEEP_PRIMARY,RENAME,
/Users/auradelagg/aura-lab/bach-propagation/backend/data/raw/bach_js/bach/cs5_5gav_mid/bach_cs5_5gav_mid_unknown_full.mid,/Users/auradelagg/aura-lab/bach-propagation/backend/data/silver/bach/midi/bach_unknown_bach_cs5_5gav_mid_unknown_full.mid,bach_unknown_bach_cs5_5gav_mid_unknown_full.mid,kunstderfuge_js,,,KEEP_PRIMARY,RENAME,BWV not resolved
/Users/auradelagg/aura-lab/bach-propagation/backend/data/raw/bach_js/bach/cs4_6gig_mid/bach_cs4_6gig_mid_unknown_full.mid,/Users/auradelagg/aura-lab/bach-propagation/backend/data/silver/bach/midi/bach_unknown_bach_cs4_6gig_mid_unknown_full.mid,bach_unknown_bach_cs4_6gig_mid_unknown_full.mid,kunstderfuge_js,,,KEEP_PRIMARY,RENAME,BWV not resolved
/Users/auradelagg/aura-lab/bach-propagation/backend/data/raw/bach_js/bach/988_v22_mid/bach_988_v22_mid_bwv988_988_full.mid,/Users/auradelagg/aura-lab/bach-propagation/backend/data/silver/bach/midi/bach_BWV988_22_variation_22.mid,bach_BWV988_22_variation_22.mid,kunstderfuge_js,BWV988,Variation_22,KEEP_PRIMARY,RENAME,
/Users/auradelagg/aura-lab/bach-propagation/backend/data/raw/bach_js/bach/cs5_6gig_mid/bach_cs5_6gig_mid_unknown_full.mid,/Users/auradelagg/aura-lab/bach-propagation/backend/data/silver/bach/midi/bach_unknown_bach_cs5_6gig_mid_unknown_full.mid,bach_unknown_bach_cs5_6gig_mid_unknown_full.mid,kunstderfuge_js,,,KEEP_PRIMARY,RENAME,BWV not resolved
/Users/auradelagg/aura-lab/bach-propagation/backend/data/raw/bach_js/bach/prelude_for_solo_cello/bach_prelude_for_solo_cello_unknown_full.mid,/Users/auradelagg/aura-lab/bach-propagation/backend/data/silver/bach/midi/bach_unknown_bach_prelude_for_solo_cello_unknown_full.mid,bach_unknown_bach_prelude_for_solo_cello_unknown_full.mid,kunstderfuge_js,,,KEEP_PRIMARY,RENAME,kdf_js_pattern_mismatch
/Users/auradelagg/aura-lab/bach-propagation/backend/data/raw/bach_js/bach/bwv653_mid/bach_bwv653_mid_bwv653_full.mid,/Users/auradelagg/aura-lab/bach-propagation/backend/data/silver/bach/midi/bach_BWV653.mid,bach_BWV653.mid,kunstderfuge_js,BWV653,,KEEP_PRIMARY,RENAME,
/Users/auradelagg/aura-lab/bach-propagation/backend/data/raw/bach_js/bach/bwv0248e_mid/bach_bwv0248e_mid_bwv0248e_full.mid,/Users/auradelagg/aura-lab/bach-propagation/backend/data/silver/bach/midi/bach_BWV248e.mid,bach_BWV248e.mid,kunstderfuge_js,BWV248e,,KEEP_PRIMARY,RENAME,
/Users/auradelagg/aura-lab/bach-propagation/backend/data/raw/bach_js/bach/997_1pre_mid/bach_997_1pre_mid_unknown_full.mid,/Users/auradelagg/aura-lab/bach-propagation/backend/data/silver/bach/midi/bach_BWV997_01_prelude.mid,bach_BWV997_01_prelude.mid,kunstderfuge_js,BWV997,Prelude,KEEP_PRIMARY,RENAME,
/Users/auradelagg/aura-lab/bach-propagation/backend/data/raw/bach_js/bach/bwv733_mid/bach_bwv733_mid_bwv733_full.mid,/Users/auradelagg/aura-lab/bach-propagation/backend/data/silver/bach/midi/bach_BWV733.mid,bach_BWV733.mid,kunstderfuge_js,BWV733,,KEEP_PRIMARY,RENAME,
/Users/auradelagg/aura-lab/bach-propagation/backend/data/raw/bach_js/bach/988_v08_mid/bach_988_v08_mid_bwv988_988_full.mid,/Users/auradelagg/aura-lab/bach-propagation/backend/data/silver/bach/midi/bach_BWV988_08_variation_08.mid,bach_BWV988_08_variation_08.mid,kunstderfuge_js,BWV988,Variation_08,KEEP_PRIMARY,RENAME,
/Users/auradelagg/aura-lab/bach-propagation/backend/data/raw/bach_js/bach/vs1_4prs_mid/bach_vs1_4prs_mid_unknown_full.mid,/Users/auradelagg/aura-lab/bach-propagation/backend/data/silver/bach/midi/bach_unknown_bach_vs1_4prs_mid_unknown_full.mid,bach_unknown_bach_vs1_4prs_mid_unknown_full.mid,kunstderfuge_js,,,KEEP_PRIMARY,RENAME,BWV not resolved
/Users/auradelagg/aura-lab/bach-propagation/backend/data/raw/bach_js/bach/988_v20_mid/bach_988_v20_mid_bwv988_988_full.mid,/Users/auradelagg/aura-lab/bach-propagation/backend/data/silver/bach/midi/bach_BWV988_20_variation_20.mid,bach_BWV988_20_variation_20.mid,kunstderfuge_js,BWV988,Variation_20,KEEP_PRIMARY,RENAME,
/Users/auradelagg/aura-lab/bach-propagation/backend/data/raw/bach_js/bach/cs6_3cou_mid/bach_cs6_3cou_mid_unknown_full.mid,/Users/auradelagg/aura-lab/bach-propagation/backend/data/silver/bach/midi/bach_unknown_bach_cs6_3cou_mid_unknown_full.mid,bach_unknown_bach_cs6_3cou_mid_unknown_full.mid,kunstderfuge_js,,,KEEP_PRIMARY,RENAME,BWV not resolved
/Users/auradelagg/aura-lab/bach-propagation/backend/data/raw/bach_js/bach/vp1_5sa_mid/bach_vp1_5sa_mid_unknown_full.mid,/Users/auradelagg/aura-lab/bach-propagation/backend/data/silver/bach/midi/bach_unknown_bach_vp1_5sa_mid_unknown_full.mid,bach_unknown_bach_vp1_5sa_mid_unknown_full.mid,kunstderfuge_js,,,KEEP_PRIMARY,RENAME,BWV not resolved
/Users/auradelagg/aura-lab/bach-propagation/backend/data/raw/bach_js/bach/bwv525_2_mid/bach_bwv525_2_mid_bwv525_full.mid,/Users/auradelagg/aura-lab/bach-propagation/backend/data/silver/bach/midi/bach_BWV525_02.mid,bach_BWV525_02.mid,kunstderfuge_js,BWV525,,KEEP_PRIMARY,RENAME,
/Users/auradelagg/aura-lab/bach-propagation/backend/data/raw/bach_js/bach/cs5_4sar_mid/bach_cs5_4sar_mid_unknown_full.mid,/Users/auradelagg/aura-lab/bach-propagation/backend/data/silver/bach/midi/bach_unknown_bach_cs5_4sar_mid_unknown_full.mid,bach_unknown_bach_cs5_4sar_mid_unknown_full.mid,kunstderfuge_js,,,KEEP_PRIMARY,RENAME,BWV not resolved
/Users/auradelagg/aura-lab/bach-propagation/backend/data/raw/bach_js/bach/cs4_4sar_mid/bach_cs4_4sar_mid_unknown_full.mid,/Users/auradelagg/aura-lab/bach-propagation/backend/data/silver/bach/midi/bach_unknown_bach_cs4_4sar_mid_unknown_full.mid,bach_unknown_bach_cs4_4sar_mid_unknown_full.mid,kunstderfuge_js,,,KEEP_PRIMARY,RENAME,BWV not resolved
/Users/auradelagg/aura-lab/bach-propagation/backend/data/raw/bach_js/bach/bwv686_mid/bach_bwv686_mid_bwv686_full.mid,/Users/auradelagg/aura-lab/bach-propagation/backend/data/silver/bach/midi/bach_BWV686.mid,bach_BWV686.mid,kunstderfuge_js,BWV686,,KEEP_PRIMARY,RENAME,
/Users/auradelagg/aura-lab/bach-propagation/backend/data/raw/bach_js/bach/988_v21_mid/bach_988_v21_mid_bwv988_988_full.mid,/Users/auradelagg/aura-lab/bach-propagation/backend/data/silver/bach/midi/bach_BWV988_21_variation_21.mid,bach_BWV988_21_variation_21.mid,kunstderfuge_js,BWV988,Variation_21,KEEP_PRIMARY,RENAME,
/Users/auradelagg/aura-lab/bach-propagation/backend/data/raw/bach_js/bach/bwv525_3_mid/bach_bwv525_3_mid_bwv525_full.mid,/Users/auradelagg/aura-lab/bach-propagation/backend/data/silver/bach/midi/bach_BWV525_03.mid,bach_BWV525_03.mid,kunstderfuge_js,BWV525,,KEEP_PRIMARY,RENAME,
/Users/auradelagg/aura-lab/bach-propagation/backend/data/raw/bach_js/bach/988_v09_mid/bach_988_v09_mid_bwv988_988_full.mid,/Users/auradelagg/aura-lab/bach-propagation/backend/data/silver/bach/midi/bach_BWV988_09_variation_09.mid,bach_BWV988_09_variation_09.mid,kunstderfuge_js,BWV988,Variation_09,KEEP_PRIMARY,RENAME,
/Users/auradelagg/aura-lab/bach-propagation/backend/data/raw/bach_js/bach/vs2_4alg_mid/bach_vs2_4alg_mid_unknown_full.mid,/Users/auradelagg/aura-lab/bach-propagation/backend/data/silver/bach/midi/bach_unknown_bach_vs2_4alg_mid_unknown_full.mid,bach_unknown_bach_vs2_4alg_mid_unknown_full.mid,kunstderfuge_js,,,KEEP_PRIMARY,RENAME,BWV not resolved
/Users/auradelagg/aura-lab/bach-propagation/backend/data/raw/bach_js/bach/vs3_4alg_mid/bach_vs3_4alg_mid_unknown_full.mid,/Users/auradelagg/aura-lab/bach-propagation/backend/data/silver/bach/midi/bach_unknown_bach_vs3_4alg_mid_unknown_full.mid,bach_unknown_bach_vs3_4alg_mid_unknown_full.mid,kunstderfuge_js,,,KEEP_PRIMARY,RENAME,BWV not resolved
/Users/auradelagg/aura-lab/bach-propagation/backend/data/raw/bach_js/bach/1080_c02_mid/bach_1080_c02_mid_unknown_full.mid,/Users/auradelagg/aura-lab/bach-propagation/backend/data/silver/bach/midi/bach_BWV1080_02_contrapunctus_02.mid,bach_BWV1080_02_contrapunctus_02.mid,kunstderfuge_js,BWV1080,Contrapunctus_02,KEEP_PRIMARY,COLLISION_RESOLVED,collision with 1 other file(s) — kept as primary
/Users/auradelagg/aura-lab/bach-propagation/backend/data/raw/bach_js/bach/1080_c12_mid/bach_1080_c12_mid_unknown_full.mid,/Users/auradelagg/aura-lab/bach-propagation/backend/data/silver/bach/midi/bach_BWV1080_12_contrapunctus_12.mid,bach_BWV1080_12_contrapunctus_12.mid,kunstderfuge_js,BWV1080,Contrapunctus_12,KEEP_PRIMARY,RENAME,
/Users/auradelagg/aura-lab/bach-propagation/backend/data/raw/bach_js/bach/bwv0248b_mid/bach_bwv0248b_mid_bwv0248b_full.mid,/Users/auradelagg/aura-lab/bach-propagation/backend/data/silver/bach/midi/bach_BWV248b.mid,bach_BWV248b.mid,kunstderfuge_js,BWV248b,,KEEP_PRIMARY,RENAME,
/Users/auradelagg/aura-lab/bach-propagation/backend/data/raw/bach_js/bach/jsb212sf_mid/bach_jsb212sf_mid_unknown_full.mid,/Users/auradelagg/aura-lab/bach-propagation/backend/data/silver/bach/midi/bach_unknown_bach_jsb212sf_mid_unknown_full.mid,bach_unknown_bach_jsb212sf_mid_unknown_full.mid,kunstderfuge_js,,,KEEP_PRIMARY,RENAME,BWV not resolved
/Users/auradelagg/aura-lab/bach-propagation/backend/data/raw/bach_js/bach/988_v25_mid/bach_988_v25_mid_bwv988_988_full.mid,/Users/auradelagg/aura-lab/bach-propagation/backend/data/silver/bach/midi/bach_BWV988_25_variation_25.mid,bach_BWV988_25_variation_25.mid,kunstderfuge_js,BWV988,Variation_25,KEEP_PRIMARY,RENAME,
/Users/auradelagg/aura-lab/bach-propagation/backend/data/raw/bach_js/bach/988_v19_mid/bach_988_v19_mid_bwv988_988_full.mid,/Users/auradelagg/aura-lab/bach-propagation/backend/data/silver/bach/midi/bach_BWV988_19_variation_19.mid,bach_BWV988_19_variation_19.mid,kunstderfuge_js,BWV988,Variation_19,KEEP_PRIMARY,RENAME,
/Users/auradelagg/aura-lab/bach-propagation/backend/data/raw/bach_js/bach/bjs1031b_mid/bach_bjs1031b_mid_unknown_full.mid,/Users/auradelagg/aura-lab/bach-propagation/backend/data/silver/bach/midi/bach_unknown_bach_bjs1031b_mid_unknown_full.mid,bach_unknown_bach_bjs1031b_mid_unknown_full.mid,kunstderfuge_js,,,KEEP_PRIMARY,RENAME,BWV not resolved
/Users/auradelagg/aura-lab/bach-propagation/backend/data/raw/bach_js/bach/bwv668_mid/bach_bwv668_mid_bwv668_full.mid,/Users/auradelagg/aura-lab/bach-propagation/backend/data/silver/bach/midi/bach_BWV668.mid,bach_BWV668.mid,kunstderfuge_js,BWV668,,KEEP_PRIMARY,RENAME,
/Users/auradelagg/aura-lab/bach-propagation/backend/data/raw/bach_js/bach/bjs1031c_mid/bach_bjs1031c_mid_unknown_full.mid,/Users/auradelagg/aura-lab/bach-propagation/backend/data/silver/bach/midi/bach_unknown_bach_bjs1031c_mid_unknown_full.mid,bach_unknown_bach_bjs1031c_mid_unknown_full.mid,kunstderfuge_js,,,KEEP_PRIMARY,RENAME,BWV not resolved
/Users/auradelagg/aura-lab/bach-propagation/backend/data/raw/bach_js/bach/bwv654_mid/bach_bwv654_mid_bwv654_full.mid,/Users/auradelagg/aura-lab/bach-propagation/backend/data/silver/bach/midi/bach_BWV654.mid,bach_BWV654.mid,kunstderfuge_js,BWV654,,KEEP_PRIMARY,RENAME,
/Users/auradelagg/aura-lab/bach-propagation/backend/data/raw/bach_js/bach/jsbwv532_mid/bach_jsbwv532_mid_unknown_full.mid,/Users/auradelagg/aura-lab/bach-propagation/backend/data/silver/bach/midi/bach_BWV532.mid,bach_BWV532.mid,kunstderfuge_js,BWV532,,KEEP_PRIMARY,RENAME,
/Users/auradelagg/aura-lab/bach-propagation/backend/data/raw/bach_js/bach/1080c02b_mid/bach_1080c02b_mid_unknown_full.mid,/Users/auradelagg/aura-lab/bach-propagation/backend/data/silver/bach/midi/bach_BWV1080_02_contrapunctus_02_b.mid,bach_BWV1080_02_contrapunctus_02_b.mid,kunstderfuge_js,BWV1080,Contrapunctus_02,KEEP_PRIMARY,COLLISION_RESOLVED,Art of Fugue variant (b)
/Users/auradelagg/aura-lab/bach-propagation/backend/data/raw/bach_js/bach/988_v18_mid/bach_988_v18_mid_bwv988_988_full.mid,/Users/auradelagg/aura-lab/bach-propagation/backend/data/silver/bach/midi/bach_BWV988_18_variation_18.mid,bach_BWV988_18_variation_18.mid,kunstderfuge_js,BWV988,Variation_18,KEEP_PRIMARY,RENAME,
/Users/auradelagg/aura-lab/bach-propagation/backend/data/raw/bach_js/bach/cs1_1pre_mid/bach_cs1_1pre_mid_unknown_full.mid,/Users/auradelagg/aura-lab/bach-propagation/backend/data/silver/bach/midi/bach_unknown_bach_cs1_1pre_mid_unknown_full.mid,bach_unknown_bach_cs1_1pre_mid_unknown_full.mid,kunstderfuge_js,,,KEEP_PRIMARY,RENAME,BWV not resolved
/Users/auradelagg/aura-lab/bach-propagation/backend/data/raw/bach_js/bach/988_v24_mid/bach_988_v24_mid_bwv988_988_full.mid,/Users/auradelagg/aura-lab/bach-propagation/backend/data/silver/bach/midi/bach_BWV988_24_variation_24.mid,bach_BWV988_24_variation_24.mid,kunstderfuge_js,BWV988,Variation_24,KEEP_PRIMARY,RENAME,
/Users/auradelagg/aura-lab/bach-propagation/backend/data/raw/bach_js/bach/bwv906a_mid/bach_bwv906a_mid_bwv906a_full.mid,/Users/auradelagg/aura-lab/bach-propagation/backend/data/silver/bach/midi/bach_BWV906a.mid,bach_BWV906a.mid,kunstderfuge_js,BWV906a,,KEEP_PRIMARY,RENAME,
/Users/auradelagg/aura-lab/bach-propagation/backend/data/raw/bach_js/bach/vp1_2ald_mid/bach_vp1_2ald_mid_unknown_full.mid,/Users/auradelagg/aura-lab/bach-propagation/backend/data/silver/bach/midi/bach_unknown_bach_vp1_2ald_mid_unknown_full.mid,bach_unknown_bach_vp1_2ald_mid_unknown_full.mid,kunstderfuge_js,,,KEEP_PRIMARY,RENAME,BWV not resolved
/Users/auradelagg/aura-lab/bach-propagation/backend/data/raw/bach_js/bach/bwv651_mid/bach_bwv651_mid_bwv651_full.mid,/Users/auradelagg/aura-lab/bach-propagation/backend/data/silver/bach/midi/bach_BWV651.mid,bach_BWV651.mid,kunstderfuge_js,BWV651,,KEEP_PRIMARY,RENAME,
/Users/auradelagg/aura-lab/bach-propagation/backend/data/raw/bach_js/bach/jsbwv533_mid/bach_jsbwv533_mid_unknown_full.mid,/Users/auradelagg/aura-lab/bach-propagation/backend/data/silver/bach/midi/bach_BWV533.mid,bach_BWV533.mid,kunstderfuge_js,BWV533,,KEEP_PRIMARY,RENAME,
/Users/auradelagg/aura-lab/bach-propagation/backend/data/raw/bach_js/bach/988_v30_mid/bach_988_v30_mid_bwv988_988_full.mid,/Users/auradelagg/aura-lab/bach-propagation/backend/data/silver/bach/midi/bach_BWV988_30_variation_30.mid,bach_BWV988_30_variation_30.mid,kunstderfuge_js,BWV988,Variation_30,KEEP_PRIMARY,RENAME,
/Users/auradelagg/aura-lab/bach-propagation/backend/data/raw/bach_js/bach/vs2_2fug_mid/bach_vs2_2fug_mid_unknown_full.mid,/Users/auradelagg/aura-lab/bach-propagation/backend/data/silver/bach/midi/bach_unknown_bach_vs2_2fug_mid_unknown_full.mid,bach_unknown_bach_vs2_2fug_mid_unknown_full.mid,kunstderfuge_js,,,KEEP_PRIMARY,RENAME,BWV not resolved
/Users/auradelagg/aura-lab/bach-propagation/backend/data/raw/bach_js/bach/1080_c01_mid/bach_1080_c01_mid_unknown_full.mid,/Users/auradelagg/aura-lab/bach-propagation/backend/data/silver/bach/midi/bach_BWV1080_01_contrapunctus_01.mid,bach_BWV1080_01_contrapunctus_01.mid,kunstderfuge_js,BWV1080,Contrapunctus_01,KEEP_PRIMARY,RENAME,
/Users/auradelagg/aura-lab/bach-propagation/backend/data/raw/bach_js/bach/bwv655_mid/bach_bwv655_mid_bwv655_full.mid,/Users/auradelagg/aura-lab/bach-propagation/backend/data/silver/bach/midi/bach_BWV655.mid,bach_BWV655.mid,kunstderfuge_js,BWV655,,KEEP_PRIMARY,RENAME,
/Users/auradelagg/aura-lab/bach-propagation/backend/data/raw/bach_js/bach/vs3_2fug_mid/bach_vs3_2fug_mid_unknown_full.mid,/Users/auradelagg/aura-lab/bach-propagation/backend/data/silver/bach/midi/bach_unknown_bach_vs3_2fug_mid_unknown_full.mid,bach_unknown_bach_vs3_2fug_mid_unknown_full.mid,kunstderfuge_js,,,KEEP_PRIMARY,RENAME,BWV not resolved
/Users/auradelagg/aura-lab/bach-propagation/backend/data/raw/bach_js/bach/bwv537_mid/bach_bwv537_mid_bwv537_full.mid,/Users/auradelagg/aura-lab/bach-propagation/backend/data/silver/bach/midi/bach_BWV537.mid,bach_BWV537.mid,kunstderfuge_js,BWV537,,KEEP_PRIMARY,RENAME,
/Users/auradelagg/aura-lab/bach-propagation/backend/data/raw/bach_js/bach/988_v26_mid/bach_988_v26_mid_bwv988_988_full.mid,/Users/auradelagg/aura-lab/bach-propagation/backend/data/silver/bach/midi/bach_BWV988_26_variation_26.mid,bach_BWV988_26_variation_26.mid,kunstderfuge_js,BWV988,Variation_26,KEEP_PRIMARY,RENAME,
/Users/auradelagg/aura-lab/bach-propagation/backend/data/raw/bach_js/bach/bwv982js_mid/bach_bwv982js_mid_bwv982j_full.mid,/Users/auradelagg/aura-lab/bach-propagation/backend/data/silver/bach/midi/bach_BWV982j.mid,bach_BWV982j.mid,kunstderfuge_js,BWV982j,,KEEP_PRIMARY,RENAME,
/Users/auradelagg/aura-lab/bach-propagation/backend/data/raw/bach_js/bach/bwv657_mid/bach_bwv657_mid_bwv657_full.mid,/Users/auradelagg/aura-lab/bach-propagation/backend/data/silver/bach/midi/bach_BWV657.mid,bach_BWV657.mid,kunstderfuge_js,BWV657,,KEEP_PRIMARY,RENAME,
/Users/auradelagg/aura-lab/bach-propagation/backend/data/raw/bach_js/bach/997_3sar_mid/bach_997_3sar_mid_unknown_full.mid,/Users/auradelagg/aura-lab/bach-propagation/backend/data/silver/bach/midi/bach_BWV997_03_sarabande.mid,bach_BWV997_03_sarabande.mid,kunstderfuge_js,BWV997,Sarabande,KEEP_PRIMARY,RENAME,
/Users/auradelagg/aura-lab/bach-propagation/backend/data/raw/bach_js/bach/bwv906b_mid/bach_bwv906b_mid_bwv906b_full.mid,/Users/auradelagg/aura-lab/bach-propagation/backend/data/silver/bach/midi/bach_BWV906b.mid,bach_BWV906b.mid,kunstderfuge_js,BWV906b,,KEEP_PRIMARY,RENAME,
/Users/auradelagg/aura-lab/bach-propagation/backend/data/raw/bach_js/bach/bjs1031a_mid/bach_bjs1031a_mid_unknown_full.mid,/Users/auradelagg/aura-lab/bach-propagation/backend/data/silver/bach/midi/bach_unknown_bach_bjs1031a_mid_unknown_full.mid,bach_unknown_bach_bjs1031a_mid_unknown_full.mid,kunstderfuge_js,,,KEEP_PRIMARY,RENAME,BWV not resolved
/Users/auradelagg/aura-lab/bach-propagation/backend/data/raw/bach_js/bach/bwv1029_mid/bach_bwv1029_mid_bwv1029_full.mid,/Users/auradelagg/aura-lab/bach-propagation/backend/data/silver/bach/midi/bach_BWV1029.mid,bach_BWV1029.mid,kunstderfuge_js,BWV1029,,KEEP_PRIMARY,RENAME,
/Users/auradelagg/aura-lab/bach-propagation/backend/data/raw/bach_js/bach/988_v27_mid/bach_988_v27_mid_bwv988_988_full.mid,/Users/auradelagg/aura-lab/bach-propagation/backend/data/silver/bach/midi/bach_BWV988_27_variation_27.mid,bach_BWV988_27_variation_27.mid,kunstderfuge_js,BWV988,Variation_27,KEEP_PRIMARY,RENAME,
/Users/auradelagg/aura-lab/bach-propagation/backend/data/raw/bach_js/bach/bwv971a_mid/bach_bwv971a_mid_bwv971a_full.mid,/Users/auradelagg/aura-lab/bach-propagation/backend/data/silver/bach/midi/bach_BWV971a.mid,bach_BWV971a.mid,kunstderfuge_js,BWV971a,,KEEP_PRIMARY,RENAME,
/Users/auradelagg/aura-lab/bach-propagation/backend/data/raw/bach_js/bach/bwv1000_mid/bach_bwv1000_mid_bwv1000_full.mid,/Users/auradelagg/aura-lab/bach-propagation/backend/data/silver/bach/midi/bach_BWV1000.mid,bach_BWV1000.mid,kunstderfuge_js,BWV1000,,KEEP_PRIMARY,RENAME,
/Users/auradelagg/aura-lab/bach-propagation/backend/data/raw/bach_js/bach/cs5_2all_mid/bach_cs5_2all_mid_unknown_full.mid,/Users/auradelagg/aura-lab/bach-propagation/backend/data/silver/bach/midi/bach_unknown_bach_cs5_2all_mid_unknown_full.mid,bach_unknown_bach_cs5_2all_mid_unknown_full.mid,kunstderfuge_js,,,KEEP_PRIMARY,RENAME,BWV not resolved
/Users/auradelagg/aura-lab/bach-propagation/backend/data/raw/bach_js/bach/vp3_3gav_mid/bach_vp3_3gav_mid_unknown_full.mid,/Users/auradelagg/aura-lab/bach-propagation/backend/data/silver/bach/midi/bach_unknown_bach_vp3_3gav_mid_unknown_full.mid,bach_unknown_bach_vp3_3gav_mid_unknown_full.mid,kunstderfuge_js,,,KEEP_PRIMARY,RENAME,BWV not resolved
/Users/auradelagg/aura-lab/bach-propagation/backend/data/raw/bach_js/bach/vs3_3lar_mid/bach_vs3_3lar_mid_unknown_full.mid,/Users/auradelagg/aura-lab/bach-propagation/backend/data/silver/bach/midi/bach_unknown_bach_vs3_3lar_mid_unknown_full.mid,bach_unknown_bach_vs3_3lar_mid_unknown_full.mid,kunstderfuge_js,,,KEEP_PRIMARY,RENAME,BWV not resolved
/Users/auradelagg/aura-lab/bach-propagation/backend/data/raw/bach_js/bach/cs4_2all_mid/bach_cs4_2all_mid_unknown_full.mid,/Users/auradelagg/aura-lab/bach-propagation/backend/data/silver/bach/midi/bach_unknown_bach_cs4_2all_mid_unknown_full.mid,bach_unknown_bach_cs4_2all_mid_unknown_full.mid,kunstderfuge_js,,,KEEP_PRIMARY,RENAME,BWV not resolved
/Users/auradelagg/aura-lab/bach-propagation/backend/data/raw/bach_js/bach/bwv0248f_mid/bach_bwv0248f_mid_bwv0248f_full.mid,/Users/auradelagg/aura-lab/bach-propagation/backend/data/silver/bach/midi/bach_BWV248f.mid,bach_BWV248f.mid,kunstderfuge_js,BWV248f,,KEEP_PRIMARY,RENAME,
/Users/auradelagg/aura-lab/bach-propagation/backend/data/raw/bach_js/bach/bwv1073_mid/bach_bwv1073_mid_bwv1073_full.mid,/Users/auradelagg/aura-lab/bach-propagation/backend/data/silver/bach/midi/bach_BWV1073.mid,bach_BWV1073.mid,kunstderfuge_js,BWV1073,,KEEP_PRIMARY,RENAME,
/Users/auradelagg/aura-lab/bach-propagation/backend/data/raw/bach_js/bach/bwv808f_mid/bach_bwv808f_mid_bwv808f_full.mid,/Users/auradelagg/aura-lab/bach-propagation/backend/data/silver/bach/midi/bach_BWV808f.mid,bach_BWV808f.mid,kunstderfuge_js,BWV808f,,KEEP_PRIMARY,RENAME,
/Users/auradelagg/aura-lab/bach-propagation/backend/data/raw/bach_js/bach/bwv809b_mid/bach_bwv809b_mid_bwv809b_full.mid,/Users/auradelagg/aura-lab/bach-propagation/backend/data/silver/bach/midi/bach_BWV809b.mid,bach_BWV809b.mid,kunstderfuge_js,BWV809b,,KEEP_PRIMARY,RENAME,
/Users/auradelagg/aura-lab/bach-propagation/backend/data/raw/bach_js/bach/bwv0248a_mid/bach_bwv0248a_mid_bwv0248a_full.mid,/Users/auradelagg/aura-lab/bach-propagation/backend/data/silver/bach/midi/bach_BWV248a.mid,bach_BWV248a.mid,kunstderfuge_js,BWV248a,,KEEP_PRIMARY,RENAME,
/Users/auradelagg/aura-lab/bach-propagation/backend/data/raw/bach_js/bach/vs3_1ada_mid/bach_vs3_1ada_mid_unknown_full.mid,/Users/auradelagg/aura-lab/bach-propagation/backend/data/silver/bach/midi/bach_unknown_bach_vs3_1ada_mid_unknown_full.mid,bach_unknown_bach_vs3_1ada_mid_unknown_full.mid,kunstderfuge_js,,,KEEP_PRIMARY,RENAME,BWV not resolved
/Users/auradelagg/aura-lab/bach-propagation/backend/data/raw/bach_js/bach/bwv802_mid/bach_bwv802_mid_bwv802_full.mid,/Users/auradelagg/aura-lab/bach-propagation/backend/data/silver/bach/midi/bach_BWV802.mid,bach_BWV802.mid,kunstderfuge_js,BWV802,,KEEP_PRIMARY,RENAME,
/Users/auradelagg/aura-lab/bach-propagation/backend/data/raw/bach_js/bach/cs6_1pre_mid/bach_cs6_1pre_mid_unknown_full.mid,/Users/auradelagg/aura-lab/bach-propagation/backend/data/silver/bach/midi/bach_unknown_bach_cs6_1pre_mid_unknown_full.mid,bach_unknown_bach_cs6_1pre_mid_unknown_full.mid,kunstderfuge_js,,,KEEP_PRIMARY,RENAME,BWV not resolved
/Users/auradelagg/aura-lab/bach-propagation/backend/data/raw/bach_js/bach/988_aria_mid/bach_988_aria_mid_bwv988_988_full.mid,/Users/auradelagg/aura-lab/bach-propagation/backend/data/silver/bach/midi/bach_BWV988_00_aria.mid,bach_BWV988_00_aria.mid,kunstderfuge_js,BWV988,Aria,KEEP_PRIMARY,RENAME,
/Users/auradelagg/aura-lab/bach-propagation/backend/data/raw/bach_js/bach/vp3_4min_mid/bach_vp3_4min_mid_unknown_full.mid,/Users/auradelagg/aura-lab/bach-propagation/backend/data/silver/bach/midi/bach_unknown_bach_vp3_4min_mid_unknown_full.mid,bach_unknown_bach_vp3_4min_mid_unknown_full.mid,kunstderfuge_js,,,KEEP_PRIMARY,RENAME,BWV not resolved
/Users/auradelagg/aura-lab/bach-propagation/backend/data/raw/bach_js/bach/jsbwv543_mid/bach_jsbwv543_mid_unknown_full.mid,/Users/auradelagg/aura-lab/bach-propagation/backend/data/silver/bach/midi/bach_BWV543.mid,bach_BWV543.mid,kunstderfuge_js,BWV543,,KEEP_PRIMARY,RENAME,
/Users/auradelagg/aura-lab/bach-propagation/backend/data/raw/bach_js/bach/bwv803_mid/bach_bwv803_mid_bwv803_full.mid,/Users/auradelagg/aura-lab/bach-propagation/backend/data/silver/bach/midi/bach_BWV803.mid,bach_BWV803.mid,kunstderfuge_js,BWV803,,KEEP_PRIMARY,RENAME,
/Users/auradelagg/aura-lab/bach-propagation/backend/data/raw/bach_js/bach/bwv808g_mid/bach_bwv808g_mid_bwv808g_full.mid,/Users/auradelagg/aura-lab/bach-propagation/backend/data/silver/bach/midi/bach_BWV808g.mid,bach_BWV808g.mid,kunstderfuge_js,BWV808g,,KEEP_PRIMARY,RENAME,
/Users/auradelagg/aura-lab/bach-propagation/backend/data/raw/bach_js/bach/bwv809c_mid/bach_bwv809c_mid_bwv809c_full.mid,/Users/auradelagg/aura-lab/bach-propagation/backend/data/silver/bach/midi/bach_BWV809c.mid,bach_BWV809c.mid,kunstderfuge_js,BWV809c,,KEEP_PRIMARY,RENAME,
/Users/auradelagg/aura-lab/bach-propagation/backend/data/raw/bach_js/bach/fp_1all_mid/bach_fp_1all_mid_unknown_full.mid,/Users/auradelagg/aura-lab/bach-propagation/backend/data/silver/bach/midi/bach_unknown_bach_fp_1all_mid_unknown_full.mid,bach_unknown_bach_fp_1all_mid_unknown_full.mid,kunstderfuge_js,,,KEEP_PRIMARY,RENAME,BWV not resolved
/Users/auradelagg/aura-lab/bach-propagation/backend/data/raw/bach_js/bach/bwv1074i_mid/bach_bwv1074i_mid_bwv1074i_full.mid,/Users/auradelagg/aura-lab/bach-propagation/backend/data/silver/bach/midi/bach_BWV1074i.mid,bach_BWV1074i.mid,kunstderfuge_js,BWV1074i,,KEEP_PRIMARY,RENAME,
/Users/auradelagg/aura-lab/bach-propagation/backend/data/raw/bach_js/bach/bwv1072_mid/bach_bwv1072_mid_bwv1072_full.mid,/Users/auradelagg/aura-lab/bach-propagation/backend/data/silver/bach/midi/bach_BWV1072.mid,bach_BWV1072.mid,kunstderfuge_js,BWV1072,,KEEP_PRIMARY,RENAME,
/Users/auradelagg/aura-lab/bach-propagation/backend/data/raw/bach_js/bach/bwv811h_mid/bach_bwv811h_mid_bwv811h_full.mid,/Users/auradelagg/aura-lab/bach-propagation/backend/data/silver/bach/midi/bach_BWV811h.mid,bach_BWV811h.mid,kunstderfuge_js,BWV811h,,KEEP_PRIMARY,RENAME,
/Users/auradelagg/aura-lab/bach-propagation/backend/data/raw/bach_js/bach/vp1_8tbd_mid/bach_vp1_8tbd_mid_unknown_full.mid,/Users/auradelagg/aura-lab/bach-propagation/backend/data/silver/bach/midi/bach_unknown_bach_vp1_8tbd_mid_unknown_full.mid,bach_unknown_bach_vp1_8tbd_mid_unknown_full.mid,kunstderfuge_js,,,KEEP_PRIMARY,RENAME,BWV not resolved
/Users/auradelagg/aura-lab/bach-propagation/backend/data/raw/bach_js/bach/bwv1028_mid/bach_bwv1028_mid_bwv1028_full.mid,/Users/auradelagg/aura-lab/bach-propagation/backend/data/silver/bach/midi/bach_BWV1028.mid,bach_BWV1028.mid,kunstderfuge_js,BWV1028,,KEEP_PRIMARY,RENAME,
/Users/auradelagg/aura-lab/bach-propagation/backend/data/raw/bach_js/bach/vp2_4gig_mid/bach_vp2_4gig_mid_unknown_full.mid,/Users/auradelagg/aura-lab/bach-propagation/backend/data/silver/bach/midi/bach_unknown_bach_vp2_4gig_mid_unknown_full.mid,bach_unknown_bach_vp2_4gig_mid_unknown_full.mid,kunstderfuge_js,,,KEEP_PRIMARY,RENAME,BWV not resolved
/Users/auradelagg/aura-lab/bach-propagation/backend/data/raw/bach_js/bach/bwv656_mid/bach_bwv656_mid_bwv656_full.mid,/Users/auradelagg/aura-lab/bach-propagation/backend/data/silver/bach/midi/bach_BWV656.mid,bach_BWV656.mid,kunstderfuge_js,BWV656,,KEEP_PRIMARY,RENAME,
/Users/auradelagg/aura-lab/bach-propagation/backend/data/raw/bach_js/bach/bwv808e_mid/bach_bwv808e_mid_bwv808e_full.mid,/Users/auradelagg/aura-lab/bach-propagation/backend/data/silver/bach/midi/bach_BWV808e.mid,bach_BWV808e.mid,kunstderfuge_js,BWV808e,,KEEP_PRIMARY,RENAME,
/Users/auradelagg/aura-lab/bach-propagation/backend/data/raw/bach_js/bach/vp2_2cou_mid/bach_vp2_2cou_mid_unknown_full.mid,/Users/auradelagg/aura-lab/bach-propagation/backend/data/silver/bach/midi/bach_unknown_bach_vp2_2cou_mid_unknown_full.mid,bach_unknown_bach_vp2_2cou_mid_unknown_full.mid,kunstderfuge_js,,,KEEP_PRIMARY,RENAME,BWV not resolved
/Users/auradelagg/aura-lab/bach-propagation/backend/data/raw/bach_js/bach/bwv784_mid/bach_bwv784_mid_bwv784_full.mid,/Users/auradelagg/aura-lab/bach-propagation/backend/data/silver/bach/midi/bach_BWV784.mid,bach_BWV784.mid,kunstderfuge_js,BWV784,,KEEP_PRIMARY,RENAME,
/Users/auradelagg/aura-lab/bach-propagation/backend/data/raw/bach_js/bach/bwv801_mid/bach_bwv801_mid_bwv801_full.mid,/Users/auradelagg/aura-lab/bach-propagation/backend/data/silver/bach/midi/bach_BWV801.mid,bach_BWV801.mid,kunstderfuge_js,BWV801,,KEEP_PRIMARY,RENAME,
/Users/auradelagg/aura-lab/bach-propagation/backend/data/raw/bach_js/bach/cs2_2all_mid/bach_cs2_2all_mid_unknown_full.mid,/Users/auradelagg/aura-lab/bach-propagation/backend/data/silver/bach/midi/bach_unknown_bach_cs2_2all_mid_unknown_full.mid,bach_unknown_bach_cs2_2all_mid_unknown_full.mid,kunstderfuge_js,,,KEEP_PRIMARY,RENAME,BWV not resolved
/Users/auradelagg/aura-lab/bach-propagation/backend/data/raw/bach_js/bach/bwv808d_mid/bach_bwv808d_mid_bwv808d_full.mid,/Users/auradelagg/aura-lab/bach-propagation/backend/data/silver/bach/midi/bach_BWV808d.mid,bach_BWV808d.mid,kunstderfuge_js,BWV808d,,KEEP_PRIMARY,RENAME,
/Users/auradelagg/aura-lab/bach-propagation/backend/data/raw/bach_js/bach/bwv809a_mid/bach_bwv809a_mid_bwv809a_full.mid,/Users/auradelagg/aura-lab/bach-propagation/backend/data/silver/bach/midi/bach_BWV809a.mid,bach_BWV809a.mid,kunstderfuge_js,BWV809a,,KEEP_PRIMARY,RENAME,
/Users/auradelagg/aura-lab/bach-propagation/backend/data/raw/bach_js/bach/bwv807h_mid/bach_bwv807h_mid_bwv807h_full.mid,/Users/auradelagg/aura-lab/bach-propagation/backend/data/silver/bach/midi/bach_BWV807h.mid,bach_BWV807h.mid,kunstderfuge_js,BWV807h,,KEEP_PRIMARY,RENAME,
/Users/auradelagg/aura-lab/bach-propagation/backend/data/raw/bach_js/bach/cs3_2all_mid/bach_cs3_2all_mid_unknown_full.mid,/Users/auradelagg/aura-lab/bach-propagation/backend/data/silver/bach/midi/bach_unknown_bach_cs3_2all_mid_unknown_full.mid,bach_unknown_bach_cs3_2all_mid_unknown_full.mid,kunstderfuge_js,,,KEEP_PRIMARY,RENAME,BWV not resolved
/Users/auradelagg/aura-lab/bach-propagation/backend/data/raw/bach_js/bach/bwv630sc_mid/bach_bwv630sc_mid_bwv630s_full.mid,/Users/auradelagg/aura-lab/bach-propagation/backend/data/silver/bach/midi/bach_BWV630s.mid,bach_BWV630s.mid,kunstderfuge_js,BWV630s,,KEEP_PRIMARY,RENAME,
/Users/auradelagg/aura-lab/bach-propagation/backend/data/raw/bach_js/bach/997_5dou_mid/bach_997_5dou_mid_unknown_full.mid,/Users/auradelagg/aura-lab/bach-propagation/backend/data/silver/bach/midi/bach_BWV997_05_double.mid,bach_BWV997_05_double.mid,kunstderfuge_js,BWV997,Double,KEEP_PRIMARY,RENAME,
/Users/auradelagg/aura-lab/bach-propagation/backend/data/raw/bach_js/bach/bwv539_1_mid/bach_bwv539_1_mid_bwv539_full.mid,/Users/auradelagg/aura-lab/bach-propagation/backend/data/silver/bach/midi/bach_BWV539_01.mid,bach_BWV539_01.mid,kunstderfuge_js,BWV539,,KEEP_PRIMARY,RENAME,
/Users/auradelagg/aura-lab/bach-propagation/backend/data/raw/bach_js/bach/bwv1075_mid/bach_bwv1075_mid_bwv1075_full.mid,/Users/auradelagg/aura-lab/bach-propagation/backend/data/silver/bach/midi/bach_BWV1075.mid,bach_BWV1075.mid,kunstderfuge_js,BWV1075,,KEEP_PRIMARY,RENAME,
/Users/auradelagg/aura-lab/bach-propagation/backend/data/raw/bach_js/bach/997_2fug_mid/bach_997_2fug_mid_unknown_full.mid,/Users/auradelagg/aura-lab/bach-propagation/backend/data/silver/bach/midi/bach_BWV997_02_fugue.mid,bach_BWV997_02_fugue.mid,kunstderfuge_js,BWV997,Fugue,KEEP_PRIMARY,RENAME,
/Users/auradelagg/aura-lab/bach-propagation/backend/data/raw/bach_js/bach/bwv809d_mid/bach_bwv809d_mid_bwv809d_full.mid,/Users/auradelagg/aura-lab/bach-propagation/backend/data/silver/bach/midi/bach_BWV809d.mid,bach_BWV809d.mid,kunstderfuge_js,BWV809d,,KEEP_PRIMARY,RENAME,
/Users/auradelagg/aura-lab/bach-propagation/backend/data/raw/bach_js/bach/vp3_6gig_mid/bach_vp3_6gig_mid_unknown_full.mid,/Users/auradelagg/aura-lab/bach-propagation/backend/data/silver/bach/midi/bach_unknown_bach_vp3_6gig_mid_unknown_full.mid,bach_unknown_bach_vp3_6gig_mid_unknown_full.mid,kunstderfuge_js,,,KEEP_PRIMARY,RENAME,BWV not resolved
/Users/auradelagg/aura-lab/bach-propagation/backend/data/raw/bach_js/bach/bwv804_mid/bach_bwv804_mid_bwv804_full.mid,/Users/auradelagg/aura-lab/bach-propagation/backend/data/silver/bach/midi/bach_BWV804.mid,bach_BWV804.mid,kunstderfuge_js,BWV804,,KEEP_PRIMARY,RENAME,
/Users/auradelagg/aura-lab/bach-propagation/backend/data/raw/bach_js/bach/pfa_3alg_mid/bach_pfa_3alg_mid_unknown_full.mid,/Users/auradelagg/aura-lab/bach-propagation/backend/data/silver/bach/midi/bach_unknown_bach_pfa_3alg_mid_unknown_full.mid,bach_unknown_bach_pfa_3alg_mid_unknown_full.mid,kunstderfuge_js,,,KEEP_PRIMARY,RENAME,BWV not resolved
/Users/auradelagg/aura-lab/bach-propagation/backend/data/raw/bach_js/bach/vs1_3sic_mid/bach_vs1_3sic_mid_unknown_full.mid,/Users/auradelagg/aura-lab/bach-propagation/backend/data/silver/bach/midi/bach_unknown_bach_vs1_3sic_mid_unknown_full.mid,bach_unknown_bach_vs1_3sic_mid_unknown_full.mid,kunstderfuge_js,,,KEEP_PRIMARY,RENAME,BWV not resolved
/Users/auradelagg/aura-lab/bach-propagation/backend/data/raw/bach_js/bach/jsbwv541_mid/bach_jsbwv541_mid_unknown_full.mid,/Users/auradelagg/aura-lab/bach-propagation/backend/data/silver/bach/midi/bach_BWV541.mid,bach_BWV541.mid,kunstderfuge_js,BWV541,,KEEP_PRIMARY,RENAME,
/Users/auradelagg/aura-lab/bach-propagation/backend/data/raw/bach_js/bach/cs2_6gig_mid/bach_cs2_6gig_mid_unknown_full.mid,/Users/auradelagg/aura-lab/bach-propagation/backend/data/silver/bach/midi/bach_unknown_bach_cs2_6gig_mid_unknown_full.mid,bach_unknown_bach_cs2_6gig_mid_unknown_full.mid,kunstderfuge_js,,,KEEP_PRIMARY,RENAME,BWV not resolved
/Users/auradelagg/aura-lab/bach-propagation/backend/data/raw/bach_js/bach/bwv805_mid/bach_bwv805_mid_bwv805_full.mid,/Users/auradelagg/aura-lab/bach-propagation/backend/data/silver/bach/midi/bach_BWV805.mid,bach_BWV805.mid,kunstderfuge_js,BWV805,,KEEP_PRIMARY,RENAME,
/Users/auradelagg/aura-lab/bach-propagation/backend/data/raw/bach_js/bach/bwv809e_mid/bach_bwv809e_mid_bwv809e_full.mid,/Users/auradelagg/aura-lab/bach-propagation/backend/data/silver/bach/midi/bach_BWV809e.mid,bach_BWV809e.mid,kunstderfuge_js,BWV809e,,KEEP_PRIMARY,RENAME,
/Users/auradelagg/aura-lab/bach-propagation/backend/data/raw/bach_js/bach/cs3_6gig_mid/bach_cs3_6gig_mid_unknown_full.mid,/Users/auradelagg/aura-lab/bach-propagation/backend/data/silver/bach/midi/bach_unknown_bach_cs3_6gig_mid_unknown_full.mid,bach_unknown_bach_cs3_6gig_mid_unknown_full.mid,kunstderfuge_js,,,KEEP_PRIMARY,RENAME,BWV not resolved
/Users/auradelagg/aura-lab/bach-propagation/backend/data/raw/bach_js/bach/bwv0205_mid/bach_bwv0205_mid_bwv0205_full.mid,/Users/auradelagg/aura-lab/bach-propagation/backend/data/silver/bach/midi/bach_BWV205.mid,bach_BWV205.mid,kunstderfuge_js,BWV205,,KEEP_PRIMARY,RENAME,
/Users/auradelagg/aura-lab/bach-propagation/backend/data/raw/bach_js/bach/bwv1074_mid/bach_bwv1074_mid_bwv1074_full.mid,/Users/auradelagg/aura-lab/bach-propagation/backend/data/silver/bach/midi/bach_BWV1074.mid,bach_BWV1074.mid,kunstderfuge_js,BWV1074,,KEEP_PRIMARY,RENAME,
/Users/auradelagg/aura-lab/bach-propagation/backend/data/raw/bach_js/bach/bwv806j_mid/bach_bwv806j_mid_bwv806j_full.mid,/Users/auradelagg/aura-lab/bach-propagation/backend/data/silver/bach/midi/bach_BWV806j.mid,bach_BWV806j.mid,kunstderfuge_js,BWV806j,,KEEP_PRIMARY,RENAME,
/Users/auradelagg/aura-lab/bach-propagation/backend/data/raw/bach_js/bach/bwv1041a_mid/bach_bwv1041a_mid_bwv1041a_full.mid,/Users/auradelagg/aura-lab/bach-propagation/backend/data/silver/bach/midi/bach_BWV1041a.mid,bach_BWV1041a.mid,kunstderfuge_js,BWV1041a,,KEEP_PRIMARY,RENAME,
/Users/auradelagg/aura-lab/bach-propagation/backend/data/raw/bach_js/bach/bwv808a_mid/bach_bwv808a_mid_bwv808a_full.mid,/Users/auradelagg/aura-lab/bach-propagation/backend/data/silver/bach/midi/bach_BWV808a.mid,bach_BWV808a.mid,kunstderfuge_js,BWV808a,,KEEP_PRIMARY,RENAME,
/Users/auradelagg/aura-lab/bach-propagation/backend/data/raw/bach_js/bach/bwv1076_mid/bach_bwv1076_mid_bwv1076_full.mid,/Users/auradelagg/aura-lab/bach-propagation/backend/data/silver/bach/midi/bach_BWV1076.mid,bach_BWV1076.mid,kunstderfuge_js,BWV1076,,KEEP_PRIMARY,RENAME,
/Users/auradelagg/aura-lab/bach-propagation/backend/data/raw/bach_js/bach/bwv806h_mid/bach_bwv806h_mid_bwv806h_full.mid,/Users/auradelagg/aura-lab/bach-propagation/backend/data/silver/bach/midi/bach_BWV806h.mid,bach_BWV806h.mid,kunstderfuge_js,BWV806h,,KEEP_PRIMARY,RENAME,
/Users/auradelagg/aura-lab/bach-propagation/backend/data/raw/bach_js/bach/bwv582_mid/bach_bwv582_mid_bwv582_full.mid,/Users/auradelagg/aura-lab/bach-propagation/backend/data/silver/bach/midi/bach_BWV582.mid,bach_BWV582.mid,kunstderfuge_js,BWV582,,KEEP_PRIMARY,RENAME,
/Users/auradelagg/aura-lab/bach-propagation/backend/data/raw/bach_js/bach/bwv809g_mid/bach_bwv809g_mid_bwv809g_full.mid,/Users/auradelagg/aura-lab/bach-propagation/backend/data/silver/bach/midi/bach_BWV809g.mid,bach_BWV809g.mid,kunstderfuge_js,BWV809g,,KEEP_PRIMARY,RENAME,
/Users/auradelagg/aura-lab/bach-propagation/backend/data/raw/bach_js/bach/bwv539_2_mid/bach_bwv539_2_mid_bwv539_full.mid,/Users/auradelagg/aura-lab/bach-propagation/backend/data/silver/bach/midi/bach_BWV539_02.mid,bach_BWV539_02.mid,kunstderfuge_js,BWV539,,KEEP_PRIMARY,RENAME,
/Users/auradelagg/aura-lab/bach-propagation/backend/data/raw/bach_js/bach/cs1_3cou_mid/bach_cs1_3cou_mid_unknown_full.mid,/Users/auradelagg/aura-lab/bach-propagation/backend/data/silver/bach/midi/bach_unknown_bach_cs1_3cou_mid_unknown_full.mid,bach_unknown_bach_cs1_3cou_mid_unknown_full.mid,kunstderfuge_js,,,KEEP_PRIMARY,RENAME,BWV not resolved
/Users/auradelagg/aura-lab/bach-propagation/backend/data/raw/bach_js/bach/bwv808c_mid/bach_bwv808c_mid_bwv808c_full.mid,/Users/auradelagg/aura-lab/bach-propagation/backend/data/silver/bach/midi/bach_BWV808c.mid,bach_BWV808c.mid,kunstderfuge_js,BWV808c,,KEEP_PRIMARY,RENAME,
/Users/auradelagg/aura-lab/bach-propagation/backend/data/raw/bach_js/bach/bwv1041b_mid/bach_bwv1041b_mid_bwv1041b_full.mid,/Users/auradelagg/aura-lab/bach-propagation/backend/data/silver/bach/midi/bach_BWV1041b.mid,bach_BWV1041b.mid,kunstderfuge_js,BWV1041b,,KEEP_PRIMARY,RENAME,
/Users/auradelagg/aura-lab/bach-propagation/backend/data/raw/bach_js/bach/vp1_7tb_mid/bach_vp1_7tb_mid_unknown_full.mid,/Users/auradelagg/aura-lab/bach-propagation/backend/data/silver/bach/midi/bach_unknown_bach_vp1_7tb_mid_unknown_full.mid,bach_unknown_bach_vp1_7tb_mid_unknown_full.mid,kunstderfuge_js,,,KEEP_PRIMARY,RENAME,BWV not resolved
/Users/auradelagg/aura-lab/bach-propagation/backend/data/raw/bach_js/bach/cs2_4sar_mid/bach_cs2_4sar_mid_unknown_full.mid,/Users/auradelagg/aura-lab/bach-propagation/backend/data/silver/bach/midi/bach_unknown_bach_cs2_4sar_mid_unknown_full.mid,bach_unknown_bach_cs2_4sar_mid_unknown_full.mid,kunstderfuge_js,,,KEEP_PRIMARY,RENAME,BWV not resolved
/Users/auradelagg/aura-lab/bach-propagation/backend/data/raw/bach_js/bach/cs3_4sar_mid/bach_cs3_4sar_mid_unknown_full.mid,/Users/auradelagg/aura-lab/bach-propagation/backend/data/silver/bach/midi/bach_unknown_bach_cs3_4sar_mid_unknown_full.mid,bach_unknown_bach_cs3_4sar_mid_unknown_full.mid,kunstderfuge_js,,,KEEP_PRIMARY,RENAME,BWV not resolved
/Users/auradelagg/aura-lab/bach-propagation/backend/data/raw/bach_js/bach/bwv1041c_mid/bach_bwv1041c_mid_bwv1041c_full.mid,/Users/auradelagg/aura-lab/bach-propagation/backend/data/silver/bach/midi/bach_BWV1041c.mid,bach_BWV1041c.mid,kunstderfuge_js,BWV1041c,,KEEP_PRIMARY,RENAME,
/Users/auradelagg/aura-lab/bach-propagation/backend/data/raw/bach_js/bach/bwv809f_mid/bach_bwv809f_mid_bwv809f_full.mid,/Users/auradelagg/aura-lab/bach-propagation/backend/data/silver/bach/midi/bach_BWV809f.mid,bach_BWV809f.mid,kunstderfuge_js,BWV809f,,KEEP_PRIMARY,RENAME,
/Users/auradelagg/aura-lab/bach-propagation/backend/data/raw/bach_js/bach/jsbwv552_mid/bach_jsbwv552_mid_unknown_full.mid,/Users/auradelagg/aura-lab/bach-propagation/backend/data/silver/bach/midi/bach_BWV552.mid,bach_BWV552.mid,kunstderfuge_js,BWV552,,KEEP_PRIMARY,RENAME,
/Users/auradelagg/aura-lab/bach-propagation/backend/data/raw/bach_js/bach/bwv808b_mid/bach_bwv808b_mid_bwv808b_full.mid,/Users/auradelagg/aura-lab/bach-propagation/backend/data/silver/bach/midi/bach_BWV808b.mid,bach_BWV808b.mid,kunstderfuge_js,BWV808b,,KEEP_PRIMARY,RENAME,
/Users/auradelagg/aura-lab/bach-propagation/backend/data/raw/bach_js/bach/bwv1077_mid/bach_bwv1077_mid_bwv1077_full.mid,/Users/auradelagg/aura-lab/bach-propagation/backend/data/silver/bach/midi/bach_BWV1077.mid,bach_BWV1077.mid,kunstderfuge_js,BWV1077,,KEEP_PRIMARY,RENAME,
/Users/auradelagg/aura-lab/bach-propagation/backend/data/raw/bach_js/bach/vp1_3co_mid/bach_vp1_3co_mid_unknown_full.mid,/Users/auradelagg/aura-lab/bach-propagation/backend/data/silver/bach/midi/bach_unknown_bach_vp1_3co_mid_unknown_full.mid,bach_unknown_bach_vp1_3co_mid_unknown_full.mid,kunstderfuge_js,,,KEEP_PRIMARY,RENAME,BWV not resolved
/Users/auradelagg/aura-lab/bach-propagation/backend/data/raw/bach_js/bach/bwv806i_mid/bach_bwv806i_mid_bwv806i_full.mid,/Users/auradelagg/aura-lab/bach-propagation/backend/data/silver/bach/midi/bach_BWV806i.mid,bach_BWV806i.mid,kunstderfuge_js,BWV806i,,KEEP_PRIMARY,RENAME,
/Users/auradelagg/aura-lab/bach-propagation/backend/data/raw/bach/inventions/inven01.krn,/Users/auradelagg/aura-lab/bach-propagation/backend/data/silver/bach/inventions/bach_BWV772_01.krn,bach_BWV772_01.krn,kernscores_inventions,BWV772,,KEEP_PRIMARY,RENAME,
/Users/auradelagg/aura-lab/bach-propagation/backend/data/raw/bach/inventions/inven15.krn,/Users/auradelagg/aura-lab/bach-propagation/backend/data/silver/bach/inventions/bach_BWV786_01.krn,bach_BWV786_01.krn,kernscores_inventions,BWV786,,KEEP_PRIMARY,RENAME,
/Users/auradelagg/aura-lab/bach-propagation/backend/data/raw/bach_js/bach/cs1_5men_mid/bach_cs1_5men_mid_unknown_full.mid,/Users/auradelagg/aura-lab/bach-propagation/backend/data/silver/bach/midi/bach_unknown_bach_cs1_5men_mid_unknown_full.mid,bach_unknown_bach_cs1_5men_mid_unknown_full.mid,kunstderfuge_js,,,KEEP_PRIMARY,RENAME,BWV not resolved
/Users/auradelagg/aura-lab/bach-propagation/backend/data/raw/bach/inventions/inven14.krn,/Users/auradelagg/aura-lab/bach-propagation/backend/data/silver/bach/inventions/bach_BWV785_01.krn,bach_BWV785_01.krn,kernscores_inventions,BWV785,,KEEP_PRIMARY,RENAME,
/Users/auradelagg/aura-lab/bach-propagation/backend/data/raw/bach/inventions/sinfo08.krn,/Users/auradelagg/aura-lab/bach-propagation/backend/data/silver/bach/inventions/bach_BWV794_01.krn,bach_BWV794_01.krn,kernscores_inventions,BWV794,,KEEP_PRIMARY,RENAME,
/Users/auradelagg/aura-lab/bach-propagation/backend/data/raw/bach/inventions/inven02.krn,/Users/auradelagg/aura-lab/bach-propagation/backend/data/silver/bach/inventions/bach_BWV773_01.krn,bach_BWV773_01.krn,kernscores_inventions,BWV773,,KEEP_PRIMARY,RENAME,
/Users/auradelagg/aura-lab/bach-propagation/backend/data/raw/bach/inventions/inven03.krn,/Users/auradelagg/aura-lab/bach-propagation/backend/data/silver/bach/inventions/bach_BWV774_01.krn,bach_BWV774_01.krn,kernscores_inventions,BWV774,,KEEP_PRIMARY,RENAME,
/Users/auradelagg/aura-lab/bach-propagation/backend/data/raw/bach/inventions/sinfo09.krn,/Users/auradelagg/aura-lab/bach-propagation/backend/data/silver/bach/inventions/bach_BWV795_01.krn,bach_BWV795_01.krn,kernscores_inventions,BWV795,,KEEP_PRIMARY,RENAME,
/Users/auradelagg/aura-lab/bach-propagation/backend/data/raw/bach/inventions/inven13.krn,/Users/auradelagg/aura-lab/bach-propagation/backend/data/silver/bach/inventions/bach_BWV784_01.krn,bach_BWV784_01.krn,kernscores_inventions,BWV784,,KEEP_PRIMARY,RENAME,
/Users/auradelagg/aura-lab/bach-propagation/backend/data/raw/bach/inventions/inven07.krn,/Users/auradelagg/aura-lab/bach-propagation/backend/data/silver/bach/inventions/bach_BWV778_01.krn,bach_BWV778_01.krn,kernscores_inventions,BWV778,,KEEP_PRIMARY,RENAME,
/Users/auradelagg/aura-lab/bach-propagation/backend/data/raw/bach/inventions/inven06.krn,/Users/auradelagg/aura-lab/bach-propagation/backend/data/silver/bach/inventions/bach_BWV777_01.krn,bach_BWV777_01.krn,kernscores_inventions,BWV777,,KEEP_PRIMARY,RENAME,
/Users/auradelagg/aura-lab/bach-propagation/backend/data/raw/bach/inventions/inven12.krn,/Users/auradelagg/aura-lab/bach-propagation/backend/data/silver/bach/inventions/bach_BWV783_01.krn,bach_BWV783_01.krn,kernscores_inventions,BWV783,,KEEP_PRIMARY,RENAME,
/Users/auradelagg/aura-lab/bach-propagation/backend/data/raw/bach/inventions/inven04.krn,/Users/auradelagg/aura-lab/bach-propagation/backend/data/silver/bach/inventions/bach_BWV775_01.krn,bach_BWV775_01.krn,kernscores_inventions,BWV775,,KEEP_PRIMARY,RENAME,
/Users/auradelagg/aura-lab/bach-propagation/backend/data/raw/bach/inventions/inven10.krn,/Users/auradelagg/aura-lab/bach-propagation/backend/data/silver/bach/inventions/bach_BWV781_01.krn,bach_BWV781_01.krn,kernscores_inventions,BWV781,,KEEP_PRIMARY,RENAME,
/Users/auradelagg/aura-lab/bach-propagation/backend/data/raw/bach/inventions/inven11.krn,/Users/auradelagg/aura-lab/bach-propagation/backend/data/silver/bach/inventions/bach_BWV782_01.krn,bach_BWV782_01.krn,kernscores_inventions,BWV782,,KEEP_PRIMARY,RENAME,
/Users/auradelagg/aura-lab/bach-propagation/backend/data/raw/bach/inventions/inven05.krn,/Users/auradelagg/aura-lab/bach-propagation/backend/data/silver/bach/inventions/bach_BWV776_01.krn,bach_BWV776_01.krn,kernscores_inventions,BWV776,,KEEP_PRIMARY,RENAME,
/Users/auradelagg/aura-lab/bach-propagation/backend/data/raw/bach/inventions/sinfo02.krn,/Users/auradelagg/aura-lab/bach-propagation/backend/data/silver/bach/inventions/bach_BWV788_01.krn,bach_BWV788_01.krn,kernscores_inventions,BWV788,,KEEP_PRIMARY,RENAME,
/Users/auradelagg/aura-lab/bach-propagation/backend/data/raw/bach/inventions/inven08.krn,/Users/auradelagg/aura-lab/bach-propagation/backend/data/silver/bach/inventions/bach_BWV779_01.krn,bach_BWV779_01.krn,kernscores_inventions,BWV779,,KEEP_PRIMARY,RENAME,
/Users/auradelagg/aura-lab/bach-propagation/backend/data/raw/bach/inventions/inven09.krn,/Users/auradelagg/aura-lab/bach-propagation/backend/data/silver/bach/inventions/bach_BWV780_01.krn,bach_BWV780_01.krn,kernscores_inventions,BWV780,,KEEP_PRIMARY,RENAME,
/Users/auradelagg/aura-lab/bach-propagation/backend/data/raw/bach_js/bach/bwv1062_mid/bach_bwv1062_mid_bwv1062_full.mid,/Users/auradelagg/aura-lab/bach-propagation/backend/data/silver/bach/midi/bach_BWV1062.mid,bach_BWV1062.mid,kunstderfuge_js,BWV1062,,KEEP_PRIMARY,RENAME,
/Users/auradelagg/aura-lab/bach-propagation/backend/data/raw/bach/inventions/sinfo03.krn,/Users/auradelagg/aura-lab/bach-propagation/backend/data/silver/bach/inventions/bach_BWV789_01.krn,bach_BWV789_01.krn,kernscores_inventions,BWV789,,KEEP_PRIMARY,RENAME,
/Users/auradelagg/aura-lab/bach-propagation/backend/data/raw/bach/inventions/sinfo01.krn,/Users/auradelagg/aura-lab/bach-propagation/backend/data/silver/bach/inventions/bach_BWV787_01.krn,bach_BWV787_01.krn,kernscores_inventions,BWV787,,KEEP_PRIMARY,RENAME,
/Users/auradelagg/aura-lab/bach-propagation/backend/data/raw/bach/inventions/sinfo15.krn,/Users/auradelagg/aura-lab/bach-propagation/backend/data/silver/bach/inventions/bach_BWV801_01.krn,bach_BWV801_01.krn,kernscores_inventions,BWV801,,KEEP_PRIMARY,RENAME,
/Users/auradelagg/aura-lab/bach-propagation/backend/data/raw/bach/inventions/sinfo14.krn,/Users/auradelagg/aura-lab/bach-propagation/backend/data/silver/bach/inventions/bach_BWV800_01.krn,bach_BWV800_01.krn,kernscores_inventions,BWV800,,KEEP_PRIMARY,RENAME,
/Users/auradelagg/aura-lab/bach-propagation/backend/data/raw/bach/inventions/sinfo04.krn,/Users/auradelagg/aura-lab/bach-propagation/backend/data/silver/bach/inventions/bach_BWV790_01.krn,bach_BWV790_01.krn,kernscores_inventions,BWV790,,KEEP_PRIMARY,RENAME,
/Users/auradelagg/aura-lab/bach-propagation/backend/data/raw/bach_js/bach/bwv971_mid/bach_bwv971_mid_bwv971_full.mid,/Users/auradelagg/aura-lab/bach-propagation/backend/data/silver/bach/midi/bach_BWV971.mid,bach_BWV971.mid,kunstderfuge_js,BWV971,,KEEP_PRIMARY,RENAME,
/Users/auradelagg/aura-lab/bach-propagation/backend/data/raw/bach/inventions/sinfo05.krn,/Users/auradelagg/aura-lab/bach-propagation/backend/data/silver/bach/inventions/bach_BWV791_01.krn,bach_BWV791_01.krn,kernscores_inventions,BWV791,,KEEP_PRIMARY,RENAME,
/Users/auradelagg/aura-lab/bach-propagation/backend/data/raw/bach/inventions/sinfo11.krn,/Users/auradelagg/aura-lab/bach-propagation/backend/data/silver/bach/inventions/bach_BWV797_01.krn,bach_BWV797_01.krn,kernscores_inventions,BWV797,,KEEP_PRIMARY,RENAME,
/Users/auradelagg/aura-lab/bach-propagation/backend/data/raw/bach/inventions/sinfo10.krn,/Users/auradelagg/aura-lab/bach-propagation/backend/data/silver/bach/inventions/bach_BWV796_01.krn,bach_BWV796_01.krn,kernscores_inventions,BWV796,,KEEP_PRIMARY,RENAME,
/Users/auradelagg/aura-lab/bach-propagation/backend/data/raw/bach/inventions/sinfo13.krn,/Users/auradelagg/aura-lab/bach-propagation/backend/data/silver/bach/inventions/bach_BWV799_01.krn,bach_BWV799_01.krn,kernscores_inventions,BWV799,,KEEP_PRIMARY,RENAME,
/Users/auradelagg/aura-lab/bach-propagation/backend/data/raw/bach/inventions/sinfo07.krn,/Users/auradelagg/aura-lab/bach-propagation/backend/data/silver/bach/inventions/bach_BWV793_01.krn,bach_BWV793_01.krn,kernscores_inventions,BWV793,,KEEP_PRIMARY,RENAME,
/Users/auradelagg/aura-lab/bach-propagation/backend/data/raw/bach/inventions/sinfo12.krn,/Users/auradelagg/aura-lab/bach-propagation/backend/data/silver/bach/inventions/bach_BWV798_01.krn,bach_BWV798_01.krn,kernscores_inventions,BWV798,,KEEP_PRIMARY,RENAME,
/Users/auradelagg/aura-lab/bach-propagation/backend/data/raw/bach/inventions/sinfo06.krn,/Users/auradelagg/aura-lab/bach-propagation/backend/data/silver/bach/inventions/bach_BWV792_01.krn,bach_BWV792_01.krn,kernscores_inventions,BWV792,,KEEP_PRIMARY,RENAME,
/Users/auradelagg/aura-lab/bach-propagation/backend/data/raw/bach_js/bach/bwv1060_mid/bach_bwv1060_mid_bwv1060_full.mid,/Users/auradelagg/aura-lab/bach-propagation/backend/data/silver/bach/midi/bach_BWV1060.mid,bach_BWV1060.mid,kunstderfuge_js,BWV1060,,KEEP_PRIMARY,RENAME,
/Users/auradelagg/aura-lab/bach-propagation/backend/data/raw/vivaldi/kunstderfuge/vivaldi_kunstderfuge_unknown_concerto_la_stravaganza_4_2_(c)icking-archive.mid,/Users/auradelagg/aura-lab/bach-propagation/backend/data/silver/contrast/vivaldi/vivaldi_concerto_la_stravaganza_4_2.mid,vivaldi_concerto_la_stravaganza_4_2.mid,kunstderfuge_vivaldi,,,KEEP_CONTRAST,RENAME,no_catalog_system
/Users/auradelagg/aura-lab/bach-propagation/backend/data/raw/vivaldi/kunstderfuge/vivaldi_kunstderfuge_unknown_concerto_la_stravaganza_4_1_(c)icking-archive.mid,/Users/auradelagg/aura-lab/bach-propagation/backend/data/silver/contrast/vivaldi/vivaldi_concerto_la_stravaganza_4_1.mid,vivaldi_concerto_la_stravaganza_4_1.mid,kunstderfuge_vivaldi,,,KEEP_CONTRAST,RENAME,no_catalog_system
/Users/auradelagg/aura-lab/bach-propagation/backend/data/raw/vivaldi/kunstderfuge/vivaldi_kunstderfuge_unknown_concerto_la_stravaganza_4_3_(c)icking-archive.mid,/Users/auradelagg/aura-lab/bach-propagation/backend/data/silver/contrast/vivaldi/vivaldi_concerto_la_stravaganza_4_3.mid,vivaldi_concerto_la_stravaganza_4_3.mid,kunstderfuge_vivaldi,,,KEEP_CONTRAST,RENAME,no_catalog_system
/Users/auradelagg/aura-lab/bach-propagation/backend/data/raw/bach_js/bach/bwv0243_mid/bach_bwv0243_mid_bwv0243_full.mid,/Users/auradelagg/aura-lab/bach-propagation/backend/data/silver/bach/midi/bach_BWV243.mid,bach_BWV243.mid,kunstderfuge_js,BWV243,,KEEP_PRIMARY,RENAME,
/Users/auradelagg/aura-lab/bach-propagation/backend/data/raw/bach_js/bach/bwv1063_mid/bach_bwv1063_mid_bwv1063_full.mid,/Users/auradelagg/aura-lab/bach-propagation/backend/data/silver/bach/midi/bach_BWV1063.mid,bach_BWV1063.mid,kunstderfuge_js,BWV1063,,KEEP_PRIMARY,RENAME,
/Users/auradelagg/aura-lab/bach-propagation/backend/data/raw/bach_js/bach/bwv988_mid/bach_bwv988_mid_bwv988_full.mid,/Users/auradelagg/aura-lab/bach-propagation/backend/data/silver/bach/midi/bach_BWV988.mid,bach_BWV988.mid,kunstderfuge_js,BWV988,,KEEP_PRIMARY,RENAME,
